LATITUDE,LONGITUDE,ACCLOC,VISIBILITY,LIGHT,RDSFCOND,ACCLASS,IMPACTYPE,INVTYPE,INVAGE,INJURY,DRIVCOND,PEDESTRIAN,CYCLIST,AUTOMOBILE,MOTORCYCLE,TRUCK,TRSN_CITY_VEH,EMERG_VEH,PASSENGER,SPEEDING,AG_DRIV,REDLIGHT,ALCOHOL,DISABILITY,HOOD_158,HOOD_140
43.782069,-79.416087,Non Intersection,Clear,Daylight,Dry,Non-Fatal Injury,Pedestrian Collisions,Driver,55 to 59,None,Normal,1,0,0,0,0,1,0,,0,1,0,0,0,50.0,50.0
43.734845,-79.44599,,Clear,Daylight,Dry,Non-Fatal Injury,Rear End,Vehicle Owner,unknown,None,,0,0,1,0,0,0,0,Yes,0,0,0,0,1,33.0,33.0
43.827245,-79.29169,At Intersection,Clear,Daylight,Dry,Non-Fatal Injury,Pedestrian Collisions,Driver,35 to 39,None,Normal,1,0,1,0,0,0,0,,0,0,0,0,0,130.0,130.0
43.760945,-79.28099,,Clear,Dark,Dry,Non-Fatal Injury,Pedestrian Collisions,Pedestrian,unknown,None,,1,0,1,0,0,0,0,,0,0,0,0,0,126.0,126.0
43.645645,-79.36989,At Intersection,Clear,Dark,Dry,Non-Fatal Injury,Pedestrian Collisions,Passenger,25 to 29,None,,1,0,1,0,0,0,0,Yes,0,0,0,0,0,166.0,77.0
43.782069,-79.416087,Non Intersection,Clear,Daylight,Dry,Non-Fatal Injury,Pedestrian Collisions,Pedestrian,45 to 49,Major,,1,0,0,0,0,1,0,,0,1,0,0,0,50.0,50.0
43.660945,-79.37479,,Clear,Dark,Ice,Non-Fatal Injury,Pedestrian Collisions,Pedestrian,50 to 54,Major,,1,0,1,0,0,0,0,,1,1,0,1,0,73.0,73.0
43.686145,-79.31069,,Clear,Dark,Ice,Non-Fatal Injury,Approaching,Driver,40 to 44,Major,Had Been Drinking,0,0,1,0,0,0,0,Yes,0,0,0,0,0,62.0,62.0
43.652245,-79.37639,,Rain,Dark,Wet,Non-Fatal Injury,Pedestrian Collisions,Vehicle Owner,unknown,None,,1,0,1,0,0,0,0,,0,0,0,0,0,168.0,75.0
43.734845,-79.44599,,Clear,Daylight,Dry,Non-Fatal Injury,Rear End,Driver,50 to 54,Major,Normal,0,0,1,0,0,0,0,Yes,0,0,0,0,1,33.0,33.0
43.741245,-79.58109,,Clear,Daylight,Wet,Non-Fatal Injury,Pedestrian Collisions,Driver,55 to 59,None,Inattentive,1,0,1,0,0,0,0,,0,1,0,0,0,3.0,3.0
43.730945,-79.59939,,Clear,Daylight,Dry,Non-Fatal Injury,Pedestrian Collisions,Vehicle Owner,unknown,,,1,0,1,0,0,0,0,,0,0,0,0,0,1.0,1.0
43.827245,-79.29169,At Intersection,Clear,Daylight,Dry,Non-Fatal Injury,Pedestrian Collisions,Pedestrian,15 to 19,Major,,1,0,1,0,0,0,0,,0,0,0,0,0,130.0,130.0
43.634345,-79.43769,,Rain,Dark,Wet,Non-Fatal Injury,Pedestrian Collisions,Passenger,45 to 49,None,,1,0,1,0,0,0,0,Yes,0,0,0,0,0,85.0,85.0
43.686145,-79.31069,,Clear,Dark,Ice,Non-Fatal Injury,Approaching,Passenger,30 to 34,Major,,0,0,1,0,0,0,0,Yes,0,0,0,0,0,62.0,62.0
43.652245,-79.37639,,Rain,Dark,Wet,Non-Fatal Injury,Pedestrian Collisions,Driver,45 to 49,None,Normal,1,0,1,0,0,0,0,,0,0,0,0,0,168.0,75.0
43.741245,-79.58109,,Clear,Daylight,Wet,Non-Fatal Injury,Pedestrian Collisions,Pedestrian,75 to 79,Major,,1,0,1,0,0,0,0,,0,1,0,0,0,3.0,3.0
43.734845,-79.44599,,Clear,Daylight,Dry,Non-Fatal Injury,Rear End,Vehicle Owner,unknown,None,,0,0,1,0,0,0,0,Yes,0,0,0,0,1,33.0,33.0
43.686145,-79.31069,,Clear,Dark,Ice,Non-Fatal Injury,Approaching,Vehicle Owner,unknown,None,,0,0,1,0,0,0,0,Yes,0,0,0,0,0,62.0,62.0
43.645645,-79.36989,At Intersection,Clear,Dark,Dry,Non-Fatal Injury,Pedestrian Collisions,Driver,45 to 49,None,Normal,1,0,1,0,0,0,0,Yes,0,0,0,0,0,166.0,77.0
43.634345,-79.43769,,Rain,Dark,Wet,Non-Fatal Injury,Pedestrian Collisions,Driver,45 to 49,None,Normal,1,0,1,0,0,0,0,Yes,0,0,0,0,0,85.0,85.0
43.781645,-79.49399,,Clear,Daylight,Dry,Non-Fatal Injury,Pedestrian Collisions,Driver,60 to 64,None,Normal,1,0,1,0,0,0,0,,0,0,0,0,0,27.0,27.0
43.734845,-79.44599,,Clear,Daylight,Dry,Non-Fatal Injury,Rear End,Driver,25 to 29,None,Normal,0,0,1,0,0,0,0,Yes,0,0,0,0,1,33.0,33.0
43.652245,-79.37639,,Rain,Dark,Wet,Non-Fatal Injury,Pedestrian Collisions,Pedestrian,25 to 29,Major,,1,0,1,0,0,0,0,,0,0,0,0,0,168.0,75.0
43.685645,-79.52069,,Clear,Daylight,Dry,Non-Fatal Injury,Pedestrian Collisions,Pedestrian,85 to 89,Major,,1,0,1,0,0,0,0,,0,0,0,0,0,8.0,8.0
43.730945,-79.59939,,Clear,Daylight,Dry,Non-Fatal Injury,Pedestrian Collisions,Driver,30 to 34,None,Normal,1,0,1,0,0,0,0,,0,0,0,0,0,1.0,1.0
43.662345,-79.42579,,Clear,Daylight,Dry,Non-Fatal Injury,Pedestrian Collisions,Vehicle Owner,unknown,,,1,0,0,0,0,1,0,,0,1,0,0,0,172.0,93.0
43.686145,-79.31069,,Clear,Dark,Ice,Non-Fatal Injury,Approaching,Driver,45 to 49,Major,Normal,0,0,1,0,0,0,0,Yes,0,0,0,0,0,62.0,62.0
43.699345,-79.37279,,Rain,Dark,Wet,Non-Fatal Injury,SMV Other,Passenger,25 to 29,Minor,,0,0,1,0,0,0,0,Yes,1,1,0,0,0,99.0,99.0
43.781645,-79.49399,,Clear,Daylight,Dry,Non-Fatal Injury,Pedestrian Collisions,Pedestrian,30 to 34,Major,,1,0,1,0,0,0,0,,0,0,0,0,0,27.0,27.0
43.645645,-79.36989,At Intersection,Clear,Dark,Dry,Non-Fatal Injury,Pedestrian Collisions,Pedestrian,15 to 19,Major,,1,0,1,0,0,0,0,Yes,0,0,0,0,0,166.0,77.0
43.680445,-79.39099,At Intersection,Clear,Dark,Dry,Fatal,Pedestrian Collisions,Vehicle Owner,unknown,,,1,0,1,0,0,0,0,,0,1,0,0,0,95.0,95.0
43.685645,-79.52069,,Clear,Daylight,Dry,Non-Fatal Injury,Pedestrian Collisions,Driver,75 to 79,None,Normal,1,0,1,0,0,0,0,,0,0,0,0,0,8.0,8.0
43.662345,-79.42579,,Clear,Daylight,Dry,Non-Fatal Injury,Pedestrian Collisions,Driver,45 to 49,None,Normal,1,0,0,0,0,1,0,,0,1,0,0,0,172.0,93.0
43.634345,-79.43769,,Rain,Dark,Wet,Non-Fatal Injury,Pedestrian Collisions,Passenger,unknown,None,,1,0,1,0,0,0,0,Yes,0,0,0,0,0,85.0,85.0
43.699345,-79.37279,,Rain,Dark,Wet,Non-Fatal Injury,SMV Other,Passenger,30 to 34,Minor,,0,0,1,0,0,0,0,Yes,1,1,0,0,0,99.0,99.0
43.634345,-79.43769,,Rain,Dark,Wet,Non-Fatal Injury,Pedestrian Collisions,Driver,60 to 64,None,Normal,1,0,1,0,0,0,0,Yes,0,0,0,0,0,85.0,85.0
43.730945,-79.59939,,Clear,Daylight,Dry,Non-Fatal Injury,Pedestrian Collisions,Pedestrian,50 to 54,Major,,1,0,1,0,0,0,0,,0,0,0,0,0,1.0,1.0
43.662345,-79.42579,,Clear,Daylight,Dry,Non-Fatal Injury,Pedestrian Collisions,Pedestrian,75 to 79,Major,,1,0,0,0,0,1,0,,0,1,0,0,0,172.0,93.0
43.645345,-79.40609,,Rain,Daylight,Wet,Non-Fatal Injury,Turning Movement,Motorcycle Driver,30 to 34,Major,Normal,0,0,0,1,0,0,0,,0,0,0,0,0,162.0,82.0
43.816145,-79.32459,At Intersection,Clear,Daylight,Dry,Non-Fatal Injury,Angle,Driver,35 to 39,Major,Normal,0,0,1,0,0,0,0,Yes,0,1,1,0,0,116.0,116.0
43.733845,-79.28599,,Clear,Daylight,Dry,Non-Fatal Injury,Turning Movement,Vehicle Owner,unknown,,,0,0,1,0,0,0,0,,0,1,0,0,0,119.0,119.0
43.680445,-79.39099,At Intersection,Clear,Dark,Dry,Fatal,Pedestrian Collisions,Driver,35 to 39,None,Normal,1,0,1,0,0,0,0,,0,1,0,0,0,95.0,95.0
43.736645,-79.24809,,Clear,Daylight,Dry,Non-Fatal Injury,Angle,Passenger,0 to 4,Minor,,0,0,1,0,0,0,0,Yes,0,1,1,0,0,124.0,124.0
43.736645,-79.24809,,Clear,Daylight,Dry,Non-Fatal Injury,Angle,Passenger,10 to 14,Minor,,0,0,1,0,0,0,0,Yes,0,1,1,0,0,124.0,124.0
43.733845,-79.28599,,Clear,Daylight,Dry,Non-Fatal Injury,Turning Movement,Driver,25 to 29,None,Normal,0,0,1,0,0,0,0,,0,1,0,0,0,119.0,119.0
43.645345,-79.40609,,Rain,Daylight,Wet,Non-Fatal Injury,Turning Movement,Vehicle Owner,unknown,None,,0,0,0,1,0,0,0,,0,0,0,0,0,162.0,82.0
43.680445,-79.39099,At Intersection,Clear,Dark,Dry,Fatal,Pedestrian Collisions,Pedestrian,80 to 84,Fatal,,1,0,1,0,0,0,0,,0,1,0,0,0,95.0,95.0
43.645345,-79.40609,,Rain,Daylight,Wet,Non-Fatal Injury,Turning Movement,Driver,50 to 54,None,Normal,0,0,0,1,0,0,0,,0,0,0,0,0,162.0,82.0
43.736645,-79.24809,,Clear,Daylight,Dry,Non-Fatal Injury,Angle,Driver,45 to 49,Major,Normal,0,0,1,0,0,0,0,Yes,0,1,1,0,0,124.0,124.0
43.733845,-79.28599,,Clear,Daylight,Dry,Non-Fatal Injury,Turning Movement,Vehicle Owner,unknown,,,0,0,1,0,0,0,0,,0,1,0,0,0,119.0,119.0
43.634345,-79.43769,,Rain,Dark,Wet,Non-Fatal Injury,Pedestrian Collisions,Passenger,0 to 4,None,,1,0,1,0,0,0,0,Yes,0,0,0,0,0,85.0,85.0
43.699345,-79.37279,,Rain,Dark,Wet,Non-Fatal Injury,SMV Other,Passenger,15 to 19,Minor,,0,0,1,0,0,0,0,Yes,1,1,0,0,0,99.0,99.0
43.816145,-79.32459,At Intersection,Clear,Daylight,Dry,Non-Fatal Injury,Angle,Passenger,60 to 64,Major,,0,0,1,0,0,0,0,Yes,0,1,1,0,0,116.0,116.0
43.751145,-79.28629,,Clear,Dawn,Dry,Fatal,Approaching,Vehicle Owner,unknown,,,0,0,1,0,0,0,0,,0,1,0,0,0,126.0,126.0
43.733845,-79.28599,,Clear,Daylight,Dry,Non-Fatal Injury,Turning Movement,Driver,45 to 49,Major,Normal,0,0,1,0,0,0,0,,0,1,0,0,0,119.0,119.0
43.661945,-79.42569,,Rain,Daylight,Wet,Non-Fatal Injury,Pedestrian Collisions,Pedestrian,35 to 39,Major,,1,0,0,0,1,0,0,,0,0,0,0,0,80.0,80.0
43.736645,-79.24809,,Clear,Daylight,Dry,Non-Fatal Injury,Angle,Driver,15 to 19,Minor,Normal,0,0,1,0,0,0,0,Yes,0,1,1,0,0,124.0,124.0
43.804145,-79.33069,At Intersection,Clear,Dark,Wet,Non-Fatal Injury,Pedestrian Collisions,Driver,40 to 44,None,Normal,1,0,1,0,0,0,0,,0,0,0,0,0,116.0,116.0
43.634345,-79.43769,,Rain,Dark,Wet,Non-Fatal Injury,Pedestrian Collisions,Passenger,25 to 29,None,,1,0,1,0,0,0,0,Yes,0,0,0,0,0,85.0,85.0
43.804145,-79.33069,At Intersection,Clear,Dark,Wet,Non-Fatal Injury,Pedestrian Collisions,Pedestrian,55 to 59,Major,,1,0,1,0,0,0,0,,0,0,0,0,0,116.0,116.0
43.816145,-79.32459,At Intersection,Clear,Daylight,Dry,Non-Fatal Injury,Angle,Passenger,80 to 84,Major,,0,0,1,0,0,0,0,Yes,0,1,1,0,0,116.0,116.0
43.790245,-79.35419,At Intersection,Clear,Daylight,Dry,Non-Fatal Injury,Pedestrian Collisions,Driver,35 to 39,None,Normal,1,0,1,0,0,0,0,,0,1,1,0,0,47.0,47.0
43.654645,-79.43339,,Clear,Daylight,Dry,Non-Fatal Injury,Pedestrian Collisions,Driver,35 to 39,None,Normal,1,0,1,0,0,0,0,,0,0,0,0,0,83.0,83.0
43.751145,-79.28629,,Clear,Dawn,Dry,Fatal,Approaching,Driver,30 to 34,Fatal,Unknown,0,0,1,0,0,0,0,,0,1,0,0,0,126.0,126.0
43.699345,-79.37279,,Rain,Dark,Wet,Non-Fatal Injury,SMV Other,Driver,25 to 29,Major,Normal,0,0,1,0,0,0,0,Yes,1,1,0,0,0,99.0,99.0
43.661945,-79.42569,,Rain,Daylight,Wet,Non-Fatal Injury,Pedestrian Collisions,Vehicle Owner,unknown,,,1,0,0,0,1,0,0,,0,0,0,0,0,80.0,80.0
43.634345,-79.43769,,Rain,Dark,Wet,Non-Fatal Injury,Pedestrian Collisions,Vehicle Owner,unknown,,,1,0,1,0,0,0,0,Yes,0,0,0,0,0,85.0,85.0
43.654645,-79.43339,,Clear,Daylight,Dry,Non-Fatal Injury,Pedestrian Collisions,Pedestrian,20 to 24,Major,,1,0,1,0,0,0,0,,0,0,0,0,0,83.0,83.0
43.790245,-79.35419,At Intersection,Clear,Daylight,Dry,Non-Fatal Injury,Pedestrian Collisions,Driver,35 to 39,None,Normal,1,0,1,0,0,0,0,,0,1,1,0,0,47.0,47.0
43.816145,-79.32459,At Intersection,Clear,Daylight,Dry,Non-Fatal Injury,Angle,Vehicle Owner,unknown,None,,0,0,1,0,0,0,0,Yes,0,1,1,0,0,116.0,116.0
43.682345,-79.32829,,Clear,Daylight,Dry,Non-Fatal Injury,Rear End,Driver,45 to 49,None,Normal,0,0,1,1,0,0,0,,0,1,0,0,0,65.0,65.0
43.699345,-79.37279,,Rain,Dark,Wet,Non-Fatal Injury,SMV Other,Other Property Owner,unknown,None,,0,0,1,0,0,0,0,Yes,1,1,0,0,0,99.0,99.0
43.661945,-79.42569,,Rain,Daylight,Wet,Non-Fatal Injury,Pedestrian Collisions,Truck Driver,45 to 49,None,Normal,1,0,0,0,1,0,0,,0,0,0,0,0,80.0,80.0
43.816145,-79.32459,At Intersection,Clear,Daylight,Dry,Non-Fatal Injury,Angle,Driver,50 to 54,Major,Normal,0,0,1,0,0,0,0,Yes,0,1,1,0,0,116.0,116.0
43.751145,-79.28629,,Clear,Dawn,Dry,Fatal,Approaching,Driver,40 to 44,Minimal,Normal,0,0,1,0,0,0,0,,0,1,0,0,0,126.0,126.0
43.683745,-79.30109,,Rain,Dark,Wet,Non-Fatal Injury,Pedestrian Collisions,Driver,55 to 59,None,Normal,1,0,1,0,0,0,0,,0,0,0,0,0,62.0,62.0
43.792145,-79.31389,At Intersection,Rain,Daylight,Wet,Non-Fatal Injury,Pedestrian Collisions,Driver,65 to 69,Minimal,Medical or Physical Disability,1,0,1,0,0,0,0,,0,0,0,0,1,147.0,117.0
43.682345,-79.32829,,Clear,Daylight,Dry,Non-Fatal Injury,Rear End,Motorcycle Driver,45 to 49,Major,Normal,0,0,1,1,0,0,0,,0,1,0,0,0,65.0,65.0
43.816145,-79.32459,At Intersection,Clear,Daylight,Dry,Non-Fatal Injury,Angle,Driver,40 to 44,Major,Normal,0,0,1,0,0,0,0,Yes,0,1,1,0,0,116.0,116.0
43.790245,-79.35419,At Intersection,Clear,Daylight,Dry,Non-Fatal Injury,Pedestrian Collisions,Pedestrian,10 to 14,Major,,1,0,1,0,0,0,0,,0,1,1,0,0,47.0,47.0
43.634345,-79.43769,,Rain,Dark,Wet,Non-Fatal Injury,Pedestrian Collisions,Driver,55 to 59,None,Normal,1,0,1,0,0,0,0,Yes,0,0,0,0,0,85.0,85.0
43.715145,-79.26729,,Clear,Daylight,Dry,Non-Fatal Injury,Rear End,Vehicle Owner,unknown,None,,0,0,1,0,0,0,0,,0,1,0,0,0,124.0,124.0
43.792145,-79.31389,At Intersection,Rain,Daylight,Wet,Non-Fatal Injury,Pedestrian Collisions,Other Property Owner,unknown,,,1,0,1,0,0,0,0,,0,0,0,0,1,147.0,117.0
43.652945,-79.36479,At Intersection,Clear,Daylight,Wet,Non-Fatal Injury,Sideswipe,Vehicle Owner,unknown,None,,0,0,1,0,0,0,0,,0,1,0,0,0,73.0,73.0
43.640645,-79.43649,,Clear,Dark,Dry,Fatal,Pedestrian Collisions,Passenger,40 to 44,None,,1,0,0,0,0,0,0,Yes,0,0,0,0,0,86.0,86.0
43.699345,-79.37279,,Rain,Dark,Wet,Non-Fatal Injury,SMV Other,Other Property Owner,unknown,None,,0,0,1,0,0,0,0,Yes,1,1,0,0,0,99.0,99.0
43.792145,-79.31389,At Intersection,Rain,Daylight,Wet,Non-Fatal Injury,Pedestrian Collisions,Other Property Owner,unknown,,,1,0,1,0,0,0,0,,0,0,0,0,1,147.0,117.0
43.634345,-79.43769,,Rain,Dark,Wet,Non-Fatal Injury,Pedestrian Collisions,Pedestrian,20 to 24,Major,,1,0,1,0,0,0,0,Yes,0,0,0,0,0,85.0,85.0
43.652945,-79.36479,At Intersection,Clear,Daylight,Wet,Non-Fatal Injury,Sideswipe,Driver,30 to 34,Major,Normal,0,0,1,0,0,0,0,,0,1,0,0,0,73.0,73.0
43.715145,-79.26729,,Clear,Daylight,Dry,Non-Fatal Injury,Rear End,Driver,55 to 59,None,Inattentive,0,0,1,0,0,0,0,,0,1,0,0,0,124.0,124.0
43.647845,-79.52689,At Intersection,Clear,Daylight,Dry,Non-Fatal Injury,Pedestrian Collisions,Driver,unknown,None,Unknown,1,0,1,0,0,0,0,,0,1,0,0,0,159.0,14.0
43.683745,-79.30109,,Rain,Dark,Wet,Non-Fatal Injury,Pedestrian Collisions,Pedestrian,45 to 49,Major,,1,0,1,0,0,0,0,,0,0,0,0,0,62.0,62.0
43.652945,-79.36479,At Intersection,Clear,Daylight,Wet,Non-Fatal Injury,Sideswipe,Driver,50 to 54,Minor,Normal,0,0,1,0,0,0,0,,0,1,0,0,0,73.0,73.0
43.792145,-79.31389,At Intersection,Rain,Daylight,Wet,Non-Fatal Injury,Pedestrian Collisions,Pedestrian,15 to 19,Major,,1,0,1,0,0,0,0,,0,0,0,0,1,147.0,117.0
43.714745,-79.35889,,Rain,Dark,Wet,Non-Fatal Injury,Pedestrian Collisions,Driver,30 to 34,None,Normal,1,0,1,0,0,0,0,,0,0,0,0,0,55.0,55.0
43.744245,-79.59539,At Intersection,Rain,Dark,Wet,Non-Fatal Injury,Angle,Driver,30 to 34,None,Inattentive,0,0,1,0,0,0,0,,0,1,1,0,0,1.0,1.0
43.715145,-79.26729,,Clear,Daylight,Dry,Non-Fatal Injury,Rear End,Driver,70 to 74,Minor,Normal,0,0,1,0,0,0,0,,0,1,0,0,0,124.0,124.0
43.778545,-79.40579,,Clear,Dark,Dry,Non-Fatal Injury,Pedestrian Collisions,Driver,40 to 44,None,Inattentive,1,0,1,0,0,0,0,,0,1,0,0,0,152.0,51.0
43.640645,-79.43649,,Clear,Dark,Dry,Fatal,Pedestrian Collisions,Passenger,30 to 34,None,,1,0,0,0,0,0,0,Yes,0,0,0,0,0,86.0,86.0
43.744245,-79.59539,At Intersection,Rain,Dark,Wet,Non-Fatal Injury,Angle,Driver,55 to 59,Major,Normal,0,0,1,0,0,0,0,,0,1,1,0,0,1.0,1.0
43.715145,-79.26729,,Clear,Daylight,Dry,Non-Fatal Injury,Rear End,Driver,30 to 34,Major,Normal,0,0,1,0,0,0,0,,0,1,0,0,0,124.0,124.0
43.647845,-79.52689,At Intersection,Clear,Daylight,Dry,Non-Fatal Injury,Pedestrian Collisions,Pedestrian,75 to 79,Major,,1,0,1,0,0,0,0,,0,1,0,0,0,159.0,14.0
43.784645,-79.48109,At Intersection,Clear,Dark,Loose Snow,Non-Fatal Injury,Turning Movement,Vehicle Owner,unknown,None,,0,0,1,0,1,0,0,,0,1,1,0,1,27.0,27.0
43.699945,-79.44009,At Intersection,Clear,Daylight,Dry,Non-Fatal Injury,Turning Movement,Vehicle Owner,unknown,None,,0,0,1,1,0,0,0,,1,1,0,0,0,108.0,108.0
43.714745,-79.35889,,Rain,Dark,Wet,Non-Fatal Injury,Pedestrian Collisions,Pedestrian,40 to 44,Major,,1,0,1,0,0,0,0,,0,0,0,0,0,55.0,55.0
43.792145,-79.31389,At Intersection,Rain,Daylight,Wet,Non-Fatal Injury,Pedestrian Collisions,Pedestrian,15 to 19,Major,,1,0,1,0,0,0,0,,0,0,0,0,1,147.0,117.0
43.715145,-79.26729,,Clear,Daylight,Dry,Non-Fatal Injury,Rear End,Driver,30 to 34,None,Normal,0,0,1,0,0,0,0,,0,1,0,0,0,124.0,124.0
43.671045,-79.38319,,Rain,Dusk,Wet,Non-Fatal Injury,Pedestrian Collisions,Pedestrian,30 to 34,Major,,1,0,1,0,0,0,0,,0,1,0,0,0,98.0,98.0
43.778545,-79.40579,,Clear,Dark,Dry,Non-Fatal Injury,Pedestrian Collisions,Pedestrian,45 to 49,Major,,1,0,1,0,0,0,0,,0,1,0,0,0,152.0,51.0
43.640645,-79.43649,,Clear,Dark,Dry,Fatal,Pedestrian Collisions,Passenger,50 to 54,None,,1,0,0,0,0,0,0,Yes,0,0,0,0,0,86.0,86.0
43.755345,-79.20089,,Rain,Dark,Wet,Non-Fatal Injury,Pedestrian Collisions,Vehicle Owner,unknown,,,1,0,1,0,0,0,0,,0,0,0,0,0,136.0,136.0
43.784645,-79.48109,At Intersection,Clear,Dark,Loose Snow,Non-Fatal Injury,Turning Movement,Truck Driver,30 to 34,None,Normal,0,0,1,0,1,0,0,,0,1,1,0,1,27.0,27.0
43.671045,-79.38319,,Rain,Dusk,Wet,Non-Fatal Injury,Pedestrian Collisions,Driver,25 to 29,None,Unknown,1,0,1,0,0,0,0,,0,1,0,0,0,98.0,98.0
43.734645,-79.60099,At Intersection,Rain,Dark,Wet,Non-Fatal Injury,Pedestrian Collisions,Vehicle Owner,unknown,None,,1,0,1,0,0,0,0,,0,0,0,0,0,1.0,1.0
43.699945,-79.44009,At Intersection,Clear,Daylight,Dry,Non-Fatal Injury,Turning Movement,Motorcycle Driver,20 to 24,Major,Normal,0,0,1,1,0,0,0,,1,1,0,0,0,108.0,108.0
43.792145,-79.31389,At Intersection,Rain,Daylight,Wet,Non-Fatal Injury,Pedestrian Collisions,Pedestrian,60 to 64,Major,,1,0,1,0,0,0,0,,0,0,0,0,1,147.0,117.0
43.699945,-79.44009,At Intersection,Clear,Daylight,Dry,Non-Fatal Injury,Turning Movement,Driver,45 to 49,Minor,Normal,0,0,1,1,0,0,0,,1,1,0,0,0,108.0,108.0
43.702945,-79.55629,,Clear,Dark,Dry,Non-Fatal Injury,SMV Unattended Vehicle,Vehicle Owner,unknown,None,,0,0,1,0,0,0,0,Yes,0,0,0,0,0,6.0,6.0
43.640645,-79.43649,,Clear,Dark,Dry,Fatal,Pedestrian Collisions,Vehicle Owner,unknown,,,1,0,0,0,0,0,0,Yes,0,0,0,0,0,86.0,86.0
43.784645,-79.48109,At Intersection,Clear,Dark,Loose Snow,Non-Fatal Injury,Turning Movement,Driver,50 to 54,Major,Medical or Physical Disability,0,0,1,0,1,0,0,,0,1,1,0,1,27.0,27.0
43.734645,-79.60099,At Intersection,Rain,Dark,Wet,Non-Fatal Injury,Pedestrian Collisions,Driver,45 to 49,None,Normal,1,0,1,0,0,0,0,,0,0,0,0,0,1.0,1.0
43.644545,-79.56719,At Intersection,Clear,Dark,Dry,Non-Fatal Injury,Turning Movement,Passenger,60 to 64,Major,,0,0,1,0,0,0,0,Yes,0,1,0,0,0,13.0,13.0
43.755345,-79.20089,,Rain,Dark,Wet,Non-Fatal Injury,Pedestrian Collisions,Driver,40 to 44,None,Normal,1,0,1,0,0,0,0,,0,0,0,0,0,136.0,136.0
43.715145,-79.26729,,Clear,Daylight,Dry,Non-Fatal Injury,Rear End,Driver,30 to 34,None,Normal,0,0,1,0,0,0,0,,0,1,0,0,0,124.0,124.0
43.702945,-79.55629,,Clear,Dark,Dry,Non-Fatal Injury,SMV Unattended Vehicle,Passenger,15 to 19,Major,,0,0,1,0,0,0,0,Yes,0,0,0,0,0,6.0,6.0
43.640645,-79.43649,,Clear,Dark,Dry,Fatal,Pedestrian Collisions,Driver,40 to 44,None,Normal,1,0,0,0,0,0,0,Yes,0,0,0,0,0,86.0,86.0
43.644545,-79.56719,At Intersection,Clear,Dark,Dry,Non-Fatal Injury,Turning Movement,Driver,65 to 69,Major,Normal,0,0,1,0,0,0,0,Yes,0,1,0,0,0,13.0,13.0
43.784645,-79.48109,At Intersection,Clear,Dark,Loose Snow,Non-Fatal Injury,Turning Movement,Other,unknown,None,,0,0,1,0,1,0,0,,0,1,1,0,1,27.0,27.0
43.718445,-79.43299,At Intersection,Clear,Dark,Wet,Non-Fatal Injury,Turning Movement,Passenger,20 to 24,Minor,,0,0,1,0,0,0,0,Yes,0,0,0,0,0,32.0,32.0
43.714445,-79.55499,At Intersection,Clear,Daylight,Dry,Non-Fatal Injury,SMV Other,Driver,70 to 74,Major,Medical or Physical Disability,0,0,1,0,0,0,0,,0,0,0,0,1,1.0,1.0
43.651945,-79.42179,At Intersection,Clear,Dark,Dry,Non-Fatal Injury,Pedestrian Collisions,Pedestrian,10 to 14,Major,,1,0,1,0,0,0,0,Yes,1,1,0,0,0,81.0,81.0
43.755345,-79.20089,,Rain,Dark,Wet,Non-Fatal Injury,Pedestrian Collisions,Pedestrian,35 to 39,Major,,1,0,1,0,0,0,0,,0,0,0,0,0,136.0,136.0
43.702945,-79.55629,,Clear,Dark,Dry,Non-Fatal Injury,SMV Unattended Vehicle,Vehicle Owner,unknown,None,,0,0,1,0,0,0,0,Yes,0,0,0,0,0,6.0,6.0
43.734645,-79.60099,At Intersection,Rain,Dark,Wet,Non-Fatal Injury,Pedestrian Collisions,Pedestrian,20 to 24,Major,,1,0,1,0,0,0,0,,0,0,0,0,0,1.0,1.0
43.640645,-79.43649,,Clear,Dark,Dry,Fatal,Pedestrian Collisions,Pedestrian,60 to 64,Fatal,,1,0,0,0,0,0,0,Yes,0,0,0,0,0,86.0,86.0
43.644545,-79.56719,At Intersection,Clear,Dark,Dry,Non-Fatal Injury,Turning Movement,Driver,15 to 19,Minimal,Normal,0,0,1,0,0,0,0,Yes,0,1,0,0,0,13.0,13.0
43.714445,-79.55499,At Intersection,Clear,Daylight,Dry,Non-Fatal Injury,SMV Other,Other Property Owner,unknown,None,,0,0,1,0,0,0,0,,0,0,0,0,1,1.0,1.0
43.702945,-79.55629,,Clear,Dark,Dry,Non-Fatal Injury,SMV Unattended Vehicle,Driver,20 to 24,Minor,Normal,0,0,1,0,0,0,0,Yes,0,0,0,0,0,6.0,6.0
43.718445,-79.43299,At Intersection,Clear,Dark,Wet,Non-Fatal Injury,Turning Movement,Driver,20 to 24,Minor,Normal,0,0,1,0,0,0,0,Yes,0,0,0,0,0,32.0,32.0
43.651945,-79.42179,At Intersection,Clear,Dark,Dry,Non-Fatal Injury,Pedestrian Collisions,Passenger,30 to 34,None,,1,0,1,0,0,0,0,Yes,1,1,0,0,0,81.0,81.0
43.730445,-79.60139,At Intersection,Rain,Dark,Wet,Fatal,Pedestrian Collisions,Driver,60 to 64,None,Normal,1,0,1,0,0,0,0,,0,0,0,0,0,1.0,1.0
43.651745,-79.40849,At Intersection,Clear,Daylight,Dry,Non-Fatal Injury,Pedestrian Collisions,Driver,50 to 54,None,Unknown,1,0,1,0,0,0,0,,0,1,0,0,0,81.0,81.0
43.651745,-79.40849,At Intersection,Clear,Daylight,Dry,Non-Fatal Injury,Pedestrian Collisions,Pedestrian,45 to 49,Major,,1,0,1,0,0,0,0,,0,1,0,0,0,81.0,81.0
43.690345,-79.44809,,Clear,Dark,Dry,Non-Fatal Injury,Pedestrian Collisions,Driver,45 to 49,None,Normal,1,0,1,0,0,0,0,,0,0,0,0,0,109.0,109.0
43.682145,-79.47159,At Intersection,Clear,Daylight,Dry,Non-Fatal Injury,Pedestrian Collisions,Driver,15 to 19,None,Unknown,1,0,1,0,0,0,0,,0,1,1,0,0,110.0,110.0