LATITUDE,LONGITUDE,ACCLOC,VISIBILITY,LIGHT,RDSFCOND,ACCLASS,IMPACTYPE,INVTYPE,INVAGE,INJURY,DRIVCOND,PEDESTRIAN,CYCLIST,AUTOMOBILE,MOTORCYCLE,TRUCK,TRSN_CITY_VEH,EMERG_VEH,PASSENGER,SPEEDING,AG_DRIV,REDLIGHT,ALCOHOL,DISABILITY,HOOD_158,HOOD_140
43.738745,-79.24919,At Intersection,Rain,Dark,Wet,Fatal,SMV Other,Vehicle Owner,unknown,,,0,0,1,0,0,0,0,,1,1,0,0,0,138.0,138.0
43.744245,-79.59539,At Intersection,Clear,Daylight,Dry,Non-Fatal Injury,Angle,Passenger,40 to 44,Minor,,0,0,1,0,0,0,0,Yes,0,1,1,0,0,1.0,1.0
43.749745,-79.61049,At Intersection,Clear,Daylight,Dry,Non-Fatal Injury,Turning Movement,Driver,50 to 54,Major,Normal,0,0,1,0,0,1,0,Yes,0,0,0,0,0,1.0,1.0
43.712045,-79.56509,,Clear,Dark,Dry,Non-Fatal Injury,Turning Movement,Vehicle Owner,unknown,None,,0,0,1,0,0,0,0,Yes,0,0,0,0,0,1.0,1.0
43.650445,-79.37849,At Intersection,Clear,Dark,Dry,Non-Fatal Injury,Cyclist Collisions,Driver,20 to 24,Minimal,Had Been Drinking,0,1,1,0,0,0,0,,0,1,0,0,0,170.0,76.0
43.744245,-79.59539,At Intersection,Clear,Daylight,Dry,Non-Fatal Injury,Angle,Driver,35 to 39,Major,Normal,0,0,1,0,0,0,0,Yes,0,1,1,0,0,1.0,1.0
43.638945,-79.42739,,Clear,Daylight,Dry,Non-Fatal Injury,Pedestrian Collisions,Driver,45 to 49,None,Inattentive,1,0,1,0,0,0,0,,0,1,0,0,0,85.0,85.0
43.738745,-79.24919,At Intersection,Rain,Dark,Wet,Fatal,SMV Other,Driver,40 to 44,Fatal,Inattentive,0,0,1,0,0,0,0,,1,1,0,0,0,138.0,138.0
43.765445,-79.46619,At Intersection,Clear,Dark,Wet,Non-Fatal Injury,Turning Movement,Passenger,10 to 14,Minor,,0,0,1,0,0,0,0,Yes,0,1,1,0,0,27.0,27.0
43.650445,-79.37849,At Intersection,Clear,Dark,Dry,Non-Fatal Injury,Cyclist Collisions,Other Property Owner,unknown,,,0,1,1,0,0,0,0,,0,1,0,0,0,170.0,76.0
43.712045,-79.56509,,Clear,Dark,Dry,Non-Fatal Injury,Turning Movement,Driver,20 to 24,None,Normal,0,0,1,0,0,0,0,Yes,0,0,0,0,0,1.0,1.0
43.644545,-79.56719,At Intersection,Clear,Daylight,Dry,Non-Fatal Injury,Pedestrian Collisions,Driver,45 to 49,None,Inattentive,1,0,1,0,0,0,0,,0,1,0,0,0,13.0,13.0
43.744245,-79.59539,At Intersection,Clear,Daylight,Dry,Non-Fatal Injury,Angle,Passenger,40 to 44,Minimal,,0,0,1,0,0,0,0,Yes,0,1,1,0,0,1.0,1.0
43.645345,-79.35249,At Intersection,Clear,Dark,Dry,Non-Fatal Injury,Pedestrian Collisions,Driver,55 to 59,Minimal,Normal,1,0,1,0,0,0,0,,0,1,0,0,0,70.0,70.0
43.749745,-79.61049,At Intersection,Clear,Daylight,Dry,Non-Fatal Injury,Turning Movement,Driver,70 to 74,None,Normal,0,0,1,0,0,1,0,Yes,0,0,0,0,0,1.0,1.0
43.778745,-79.30789,At Intersection,Clear,Daylight,Dry,Non-Fatal Injury,Turning Movement,Vehicle Owner,unknown,None,,0,0,1,0,0,0,0,,0,1,1,0,1,118.0,118.0
43.765445,-79.46619,At Intersection,Clear,Dark,Wet,Non-Fatal Injury,Turning Movement,Passenger,5 to 9,Minimal,,0,0,1,0,0,0,0,Yes,0,1,1,0,0,27.0,27.0
43.650445,-79.37849,At Intersection,Clear,Dark,Dry,Non-Fatal Injury,Cyclist Collisions,Cyclist,40 to 44,Major,,0,1,1,0,0,0,0,,0,1,0,0,0,170.0,76.0
43.645345,-79.35249,At Intersection,Clear,Dark,Dry,Non-Fatal Injury,Pedestrian Collisions,Pedestrian,20 to 24,Major,,1,0,1,0,0,0,0,,0,1,0,0,0,70.0,70.0
43.712045,-79.56509,,Clear,Dark,Dry,Non-Fatal Injury,Turning Movement,Passenger,65 to 69,Major,,0,0,1,0,0,0,0,Yes,0,0,0,0,0,1.0,1.0
43.638945,-79.42739,,Clear,Daylight,Dry,Non-Fatal Injury,Pedestrian Collisions,Pedestrian,65 to 69,Major,,1,0,1,0,0,0,0,,0,1,0,0,0,85.0,85.0
43.749745,-79.61049,At Intersection,Clear,Daylight,Dry,Non-Fatal Injury,Turning Movement,Vehicle Owner,unknown,,,0,0,1,0,0,1,0,Yes,0,0,0,0,0,1.0,1.0
43.778745,-79.30789,At Intersection,Clear,Daylight,Dry,Non-Fatal Injury,Turning Movement,Driver,35 to 39,Minor,Normal,0,0,1,0,0,0,0,,0,1,1,0,1,118.0,118.0
43.657045,-79.42379,,Clear,Daylight,Dry,Non-Fatal Injury,Rear End,Moped Driver,70 to 74,Major,Normal,0,1,1,0,0,0,0,,0,0,0,0,0,80.0,80.0
43.712045,-79.56509,,Clear,Dark,Dry,Non-Fatal Injury,Turning Movement,Driver,55 to 59,Major,Normal,0,0,1,0,0,0,0,Yes,0,0,0,0,0,1.0,1.0
43.765445,-79.46619,At Intersection,Clear,Dark,Wet,Non-Fatal Injury,Turning Movement,Passenger,15 to 19,Minor,,0,0,1,0,0,0,0,Yes,0,1,1,0,0,27.0,27.0
43.744245,-79.59539,At Intersection,Clear,Daylight,Dry,Non-Fatal Injury,Angle,Passenger,15 to 19,Minimal,,0,0,1,0,0,0,0,Yes,0,1,1,0,0,1.0,1.0
43.732145,-79.26789,At Intersection,Rain,Dark,Wet,Non-Fatal Injury,Pedestrian Collisions,Driver,45 to 49,None,Normal,1,0,1,0,0,0,0,,0,0,0,0,0,124.0,124.0
43.644545,-79.56719,At Intersection,Clear,Daylight,Dry,Non-Fatal Injury,Pedestrian Collisions,Pedestrian,35 to 39,Major,,1,0,1,0,0,0,0,,0,1,0,0,0,13.0,13.0
43.765445,-79.46619,At Intersection,Clear,Dark,Wet,Non-Fatal Injury,Turning Movement,Driver,25 to 29,Minor,Normal,0,0,1,0,0,0,0,Yes,0,1,1,0,0,27.0,27.0
43.734545,-79.25809,At Intersection,Clear,Dark,Wet,Non-Fatal Injury,Turning Movement,Passenger,25 to 29,Major,,0,0,1,0,1,0,0,Yes,0,1,1,0,0,138.0,138.0
43.749745,-79.61049,At Intersection,Clear,Daylight,Dry,Non-Fatal Injury,Turning Movement,Driver,55 to 59,None,Normal,0,0,1,0,0,1,0,Yes,0,0,0,0,0,1.0,1.0
43.769145,-79.37659,At Intersection,Clear,Daylight,Dry,Non-Fatal Injury,Angle,Driver,40 to 44,Minimal,Unknown,0,0,1,0,0,0,0,,0,1,1,0,0,52.0,52.0
43.769145,-79.37659,At Intersection,Clear,Daylight,Dry,Non-Fatal Injury,Angle,Vehicle Owner,unknown,None,,0,0,1,0,0,0,0,,0,1,1,0,0,52.0,52.0
43.657045,-79.42379,,Clear,Daylight,Dry,Non-Fatal Injury,Rear End,Driver,35 to 39,None,Normal,0,1,1,0,0,0,0,,0,0,0,0,0,80.0,80.0
43.732145,-79.26789,At Intersection,Rain,Dark,Wet,Non-Fatal Injury,Pedestrian Collisions,Pedestrian,45 to 49,Major,,1,0,1,0,0,0,0,,0,0,0,0,0,124.0,124.0
43.686545,-79.59939,At Intersection,Clear,Dark,Dry,Non-Fatal Injury,Turning Movement,Driver,55 to 59,Major,Normal,0,0,1,0,0,0,0,,0,0,0,0,0,1.0,1.0
43.711445,-79.35849,At Intersection,Clear,Daylight,Dry,Non-Fatal Injury,Pedestrian Collisions,Vehicle Owner,unknown,None,,1,0,0,0,1,0,0,,0,1,0,0,0,55.0,55.0
43.734545,-79.25809,At Intersection,Clear,Dark,Wet,Non-Fatal Injury,Turning Movement,Truck Driver,20 to 24,Minor,Normal,0,0,1,0,1,0,0,Yes,0,1,1,0,0,138.0,138.0
43.726345,-79.57119,,Clear,Dark,Dry,Non-Fatal Injury,Pedestrian Collisions,Driver,65 to 69,None,Normal,1,0,1,0,0,0,0,,0,0,0,0,0,4.0,4.0
43.744245,-79.59539,At Intersection,Clear,Daylight,Dry,Non-Fatal Injury,Angle,Passenger,15 to 19,Minimal,,0,0,1,0,0,0,0,Yes,0,1,1,0,0,1.0,1.0
43.686545,-79.59939,At Intersection,Clear,Dark,Dry,Non-Fatal Injury,Turning Movement,Driver,45 to 49,None,Normal,0,0,1,0,0,0,0,,0,0,0,0,0,1.0,1.0
43.769145,-79.37659,At Intersection,Clear,Daylight,Dry,Non-Fatal Injury,Angle,Driver,35 to 39,Major,Unknown,0,0,1,0,0,0,0,,0,1,1,0,0,52.0,52.0
43.700745,-79.45179,,Clear,Daylight,Dry,Non-Fatal Injury,Pedestrian Collisions,Driver,25 to 29,None,Normal,1,0,1,0,0,0,0,,0,1,0,0,0,108.0,108.0
43.769145,-79.37659,At Intersection,Clear,Daylight,Dry,Non-Fatal Injury,Angle,Driver,70 to 74,None,Normal,0,0,1,0,0,0,0,,0,1,1,0,0,52.0,52.0
43.726345,-79.57119,,Clear,Dark,Dry,Non-Fatal Injury,Pedestrian Collisions,Pedestrian,80 to 84,Major,,1,0,1,0,0,0,0,,0,0,0,0,0,4.0,4.0
43.711445,-79.35849,At Intersection,Clear,Daylight,Dry,Non-Fatal Injury,Pedestrian Collisions,Truck Driver,30 to 34,None,Normal,1,0,0,0,1,0,0,,0,1,0,0,0,55.0,55.0
43.734545,-79.25809,At Intersection,Clear,Dark,Wet,Non-Fatal Injury,Turning Movement,Driver,20 to 24,None,Normal,0,0,1,0,1,0,0,Yes,0,1,1,0,0,138.0,138.0
43.744245,-79.59539,At Intersection,Clear,Daylight,Dry,Non-Fatal Injury,Angle,Driver,45 to 49,Major,Normal,0,0,1,0,0,0,0,Yes,0,1,1,0,0,1.0,1.0
43.652345,-79.39779,,Clear,Daylight,Wet,Fatal,Pedestrian Collisions,Pedestrian,55 to 59,Fatal,,1,0,1,0,0,0,0,,0,0,0,0,0,78.0,78.0
43.711445,-79.35849,At Intersection,Clear,Daylight,Dry,Non-Fatal Injury,Pedestrian Collisions,Pedestrian,80 to 84,Major,,1,0,0,0,1,0,0,,0,1,0,0,0,55.0,55.0
43.700745,-79.45179,,Clear,Daylight,Dry,Non-Fatal Injury,Pedestrian Collisions,Pedestrian,20 to 24,Major,,1,0,1,0,0,0,0,,0,1,0,0,0,108.0,108.0
43.658745,-79.37519,,Clear,Dark,Dry,Non-Fatal Injury,Pedestrian Collisions,Driver,unknown,None,Unknown,1,0,1,0,0,0,0,,0,0,0,0,0,73.0,73.0
43.734545,-79.25809,At Intersection,Clear,Dark,Wet,Non-Fatal Injury,Turning Movement,Passenger,15 to 19,Major,,0,0,1,0,1,0,0,Yes,0,1,1,0,0,138.0,138.0
43.602645,-79.54319,,Clear,Daylight,Dry,Fatal,SMV Other,Passenger,80 to 84,Major,,0,0,1,0,0,0,0,Yes,0,0,0,0,0,20.0,20.0
43.656645,-79.34889,,Snow,Dark,Loose Snow,Non-Fatal Injury,SMV Other,Passenger,30 to 34,Major,,0,0,1,0,0,0,0,Yes,0,0,0,0,0,70.0,70.0
43.746645,-79.56669,,Clear,Dark,Dry,Non-Fatal Injury,Cyclist Collisions,Cyclist,45 to 49,Major,,0,1,1,0,0,0,0,,0,1,0,0,0,22.0,22.0
43.695145,-79.45279,,Clear,Daylight,Dry,Non-Fatal Injury,Pedestrian Collisions,Driver,50 to 54,None,Inattentive,1,0,1,0,0,0,0,,0,1,0,0,0,109.0,108.0
43.658745,-79.37519,,Clear,Dark,Dry,Non-Fatal Injury,Pedestrian Collisions,Pedestrian,80 to 84,Major,,1,0,1,0,0,0,0,,0,0,0,0,0,73.0,73.0
43.602645,-79.54319,,Clear,Daylight,Dry,Fatal,SMV Other,Driver,90 to 94,Fatal,Had Been Drinking,0,0,1,0,0,0,0,Yes,0,0,0,0,0,20.0,20.0
43.656645,-79.34889,,Snow,Dark,Loose Snow,Non-Fatal Injury,SMV Other,Vehicle Owner,unknown,None,,0,0,1,0,0,0,0,Yes,0,0,0,0,0,70.0,70.0
43.746645,-79.56669,,Clear,Dark,Dry,Non-Fatal Injury,Cyclist Collisions,Driver,40 to 44,None,Normal,0,1,1,0,0,0,0,,0,1,0,0,0,22.0,22.0
43.652345,-79.39779,,Clear,Daylight,Wet,Fatal,Pedestrian Collisions,Vehicle Owner,unknown,,,1,0,1,0,0,0,0,,0,0,0,0,0,78.0,78.0
43.655945,-79.37979,,Clear,Daylight,Dry,Non-Fatal Injury,SMV Other,Vehicle Owner,unknown,None,,0,0,0,1,0,0,0,,0,0,0,0,0,168.0,75.0
43.782345,-79.28629,,Clear,Daylight,Dry,Non-Fatal Injury,Sideswipe,Motorcycle Driver,25 to 29,Major,Normal,0,0,1,1,0,0,0,,0,0,0,0,0,128.0,128.0
43.656645,-79.34889,,Snow,Dark,Loose Snow,Non-Fatal Injury,SMV Other,Driver,25 to 29,None,Normal,0,0,1,0,0,0,0,Yes,0,0,0,0,0,70.0,70.0
43.788845,-79.40909,,Clear,Daylight,Dry,Non-Fatal Injury,Pedestrian Collisions,Driver,40 to 44,None,Normal,1,0,1,0,0,0,0,,0,1,0,0,0,50.0,50.0
43.695145,-79.45279,,Clear,Daylight,Dry,Non-Fatal Injury,Pedestrian Collisions,Pedestrian,75 to 79,Major,,1,0,1,0,0,0,0,,0,1,0,0,0,109.0,108.0
43.630045,-79.42419,,Clear,Daylight,Dry,Non-Fatal Injury,SMV Other,Passenger,20 to 24,Major,,0,0,1,0,0,0,0,Yes,0,0,0,1,0,163.0,82.0
43.788845,-79.40909,,Clear,Daylight,Dry,Non-Fatal Injury,Pedestrian Collisions,Pedestrian,75 to 79,Major,,1,0,1,0,0,0,0,,0,1,0,0,0,50.0,50.0
43.782345,-79.28629,,Clear,Daylight,Dry,Non-Fatal Injury,Sideswipe,Vehicle Owner,unknown,None,,0,0,1,1,0,0,0,,0,0,0,0,0,128.0,128.0
43.655945,-79.37979,,Clear,Daylight,Dry,Non-Fatal Injury,SMV Other,Motorcycle Driver,20 to 24,Major,Inattentive,0,0,0,1,0,0,0,,0,0,0,0,0,168.0,75.0
43.734545,-79.25809,At Intersection,Clear,Dark,Wet,Non-Fatal Injury,Turning Movement,Driver,15 to 19,Minor,Normal,0,0,1,0,1,0,0,Yes,0,1,1,0,0,138.0,138.0
43.656645,-79.34889,,Snow,Dark,Loose Snow,Non-Fatal Injury,SMV Other,Other Property Owner,unknown,None,,0,0,1,0,0,0,0,Yes,0,0,0,0,0,70.0,70.0
43.660045,-79.34449,,Clear,Daylight,Wet,Non-Fatal Injury,Pedestrian Collisions,Vehicle Owner,unknown,,,1,0,1,0,0,1,0,,0,1,0,0,0,70.0,70.0
43.758845,-79.31109,,Clear,Daylight,Dry,Non-Fatal Injury,Rear End,Other,unknown,None,,0,0,1,0,0,0,0,Yes,0,0,0,0,0,119.0,119.0
43.652345,-79.39779,,Clear,Daylight,Wet,Fatal,Pedestrian Collisions,Driver,35 to 39,None,Normal,1,0,1,0,0,0,0,,0,0,0,0,0,78.0,78.0
43.782345,-79.28629,,Clear,Daylight,Dry,Non-Fatal Injury,Sideswipe,Driver,20 to 24,None,Normal,0,0,1,1,0,0,0,,0,0,0,0,0,128.0,128.0
43.630045,-79.42419,,Clear,Daylight,Dry,Non-Fatal Injury,SMV Other,Driver,20 to 24,Major,"Ability Impaired, Alcohol",0,0,1,0,0,0,0,Yes,0,0,0,1,0,163.0,82.0
43.643545,-79.48489,,Rain,Daylight,Wet,Non-Fatal Injury,SMV Other,Passenger,10 to 14,Major,,0,0,1,0,0,0,0,Yes,0,0,0,0,0,87.0,87.0
43.655945,-79.37979,,Clear,Daylight,Dry,Non-Fatal Injury,SMV Other,Other Property Owner,unknown,None,,0,0,0,1,0,0,0,,0,0,0,0,0,168.0,75.0
43.649345,-79.42329,,Clear,Daylight,Dry,Non-Fatal Injury,Pedestrian Collisions,Driver,45 to 49,None,Inattentive,1,0,1,0,0,0,0,,0,1,0,0,0,81.0,81.0
43.704445,-79.55009,At Intersection,Clear,Dark,Dry,Non-Fatal Injury,Turning Movement,Driver,60 to 64,None,Inattentive,0,0,1,0,0,0,0,,0,0,0,0,0,6.0,6.0
43.745045,-79.39829,,Clear,Dark,Dry,Non-Fatal Injury,SMV Unattended Vehicle,Other,unknown,None,,0,0,1,0,0,0,0,Yes,0,0,0,0,0,41.0,41.0
43.704445,-79.55009,At Intersection,Clear,Dark,Dry,Non-Fatal Injury,Turning Movement,Driver,25 to 29,Major,Normal,0,0,1,0,0,0,0,,0,0,0,0,0,6.0,6.0
43.659245,-79.44299,At Intersection,Rain,Daylight,Wet,Non-Fatal Injury,Pedestrian Collisions,Vehicle Owner,unknown,None,,1,0,1,0,0,0,0,,0,1,0,0,0,171.0,93.0
43.643545,-79.48489,,Rain,Daylight,Wet,Non-Fatal Injury,SMV Other,Passenger,15 to 19,Minor,,0,0,1,0,0,0,0,Yes,0,0,0,0,0,87.0,87.0
43.660045,-79.34449,,Clear,Daylight,Wet,Non-Fatal Injury,Pedestrian Collisions,Driver,40 to 44,None,Normal,1,0,1,0,0,1,0,,0,1,0,0,0,70.0,70.0
43.758845,-79.31109,,Clear,Daylight,Dry,Non-Fatal Injury,Rear End,Passenger,45 to 49,Minimal,,0,0,1,0,0,0,0,Yes,0,0,0,0,0,119.0,119.0
43.649345,-79.42329,,Clear,Daylight,Dry,Non-Fatal Injury,Pedestrian Collisions,Pedestrian,60 to 64,Major,,1,0,1,0,0,0,0,,0,1,0,0,0,81.0,81.0
43.655945,-79.37979,,Clear,Daylight,Dry,Non-Fatal Injury,SMV Other,Other Property Owner,unknown,None,,0,0,0,1,0,0,0,,0,0,0,0,0,168.0,75.0
43.660045,-79.34449,,Clear,Daylight,Wet,Non-Fatal Injury,Pedestrian Collisions,Driver,35 to 39,None,Normal,1,0,1,0,0,1,0,,0,1,0,0,0,70.0,70.0
43.705245,-79.49289,,Rain,Dark,Wet,Non-Fatal Injury,Pedestrian Collisions,Driver,65 to 69,None,Other,1,0,1,0,0,0,0,,0,0,0,0,0,28.0,28.0
43.758845,-79.31109,,Clear,Daylight,Dry,Non-Fatal Injury,Rear End,Driver,40 to 44,Minimal,Normal,0,0,1,0,0,0,0,Yes,0,0,0,0,0,119.0,119.0
43.657045,-79.37459,At Intersection,Clear,Daylight,Wet,Non-Fatal Injury,Pedestrian Collisions,Driver,20 to 24,None,Had Been Drinking,1,0,1,0,0,0,0,,0,1,1,0,0,168.0,75.0
43.694345,-79.42289,,Clear,Dark,Dry,Non-Fatal Injury,SMV Unattended Vehicle,Vehicle Owner,unknown,None,,0,0,1,0,0,0,0,Yes,1,1,0,1,0,106.0,106.0
43.660045,-79.34449,,Clear,Daylight,Wet,Non-Fatal Injury,Pedestrian Collisions,Pedestrian,35 to 39,Major,,1,0,1,0,0,1,0,,0,1,0,0,0,70.0,70.0
43.659245,-79.44299,At Intersection,Rain,Daylight,Wet,Non-Fatal Injury,Pedestrian Collisions,Driver,55 to 59,None,Normal,1,0,1,0,0,0,0,,0,1,0,0,0,171.0,93.0
43.643545,-79.48489,,Rain,Daylight,Wet,Non-Fatal Injury,SMV Other,Vehicle Owner,unknown,,,0,0,1,0,0,0,0,Yes,0,0,0,0,0,87.0,87.0
43.762345,-79.22209,,Clear,Daylight,Dry,Non-Fatal Injury,Approaching,Vehicle Owner,unknown,None,,0,0,1,0,0,0,0,,1,1,0,1,0,141.0,137.0
43.758845,-79.31109,,Clear,Daylight,Dry,Non-Fatal Injury,Rear End,Passenger,0 to 4,Major,,0,0,1,0,0,0,0,Yes,0,0,0,0,0,119.0,119.0
43.659245,-79.44299,At Intersection,Rain,Daylight,Wet,Non-Fatal Injury,Pedestrian Collisions,Pedestrian,65 to 69,Major,,1,0,1,0,0,0,0,,0,1,0,0,0,171.0,93.0
43.657045,-79.37459,At Intersection,Clear,Daylight,Wet,Non-Fatal Injury,Pedestrian Collisions,Pedestrian,55 to 59,Major,,1,0,1,0,0,0,0,,0,1,1,0,0,168.0,75.0
43.705245,-79.49289,,Rain,Dark,Wet,Non-Fatal Injury,Pedestrian Collisions,Pedestrian,50 to 54,Major,,1,0,1,0,0,0,0,,0,0,0,0,0,28.0,28.0
43.745045,-79.39829,,Clear,Dark,Dry,Non-Fatal Injury,SMV Unattended Vehicle,Passenger,45 to 49,None,,0,0,1,0,0,0,0,Yes,0,0,0,0,0,41.0,41.0
43.676845,-79.47129,,Clear,Daylight,Wet,Non-Fatal Injury,SMV Other,Vehicle Owner,unknown,None,,0,0,1,0,0,0,0,,1,1,0,0,0,90.0,90.0
43.745045,-79.39829,,Clear,Dark,Dry,Non-Fatal Injury,SMV Unattended Vehicle,Vehicle Owner,unknown,,,0,0,1,0,0,0,0,Yes,0,0,0,0,0,41.0,41.0
43.694345,-79.42289,,Clear,Dark,Dry,Non-Fatal Injury,SMV Unattended Vehicle,Driver,35 to 39,Minor,Normal,0,0,1,0,0,0,0,Yes,1,1,0,1,0,106.0,106.0
43.636145,-79.54009,At Intersection,Clear,Daylight,Dry,Non-Fatal Injury,Pedestrian Collisions,Driver,55 to 59,None,Unknown,1,0,1,0,0,0,0,,0,0,0,0,0,158.0,14.0
43.797945,-79.42009,At Intersection,Rain,Dark,Wet,Non-Fatal Injury,Rear End,Driver,15 to 19,None,Inattentive,0,0,1,0,0,0,0,Yes,0,1,0,0,0,36.0,36.0
43.643545,-79.48489,,Rain,Daylight,Wet,Non-Fatal Injury,SMV Other,Driver,15 to 19,None,Normal,0,0,1,0,0,0,0,Yes,0,0,0,0,0,87.0,87.0
43.758845,-79.31109,,Clear,Daylight,Dry,Non-Fatal Injury,Rear End,Driver,35 to 39,Minor,Normal,0,0,1,0,0,0,0,Yes,0,0,0,0,0,119.0,119.0
43.734945,-79.25609,,Rain,Dark,Wet,Non-Fatal Injury,Pedestrian Collisions,Vehicle Owner,unknown,,,1,0,1,0,0,0,0,,1,1,0,0,0,124.0,124.0
43.676845,-79.47129,,Clear,Daylight,Wet,Non-Fatal Injury,SMV Other,Driver,30 to 34,Major,Unknown,0,0,1,0,0,0,0,,1,1,0,0,0,90.0,90.0
43.694345,-79.42289,,Clear,Dark,Dry,Non-Fatal Injury,SMV Unattended Vehicle,Driver,35 to 39,None,Normal,0,0,1,0,0,0,0,Yes,1,1,0,1,0,106.0,106.0
43.636145,-79.54009,At Intersection,Clear,Daylight,Dry,Non-Fatal Injury,Pedestrian Collisions,Pedestrian,35 to 39,Major,,1,0,1,0,0,0,0,,0,0,0,0,0,158.0,14.0
43.797945,-79.42009,At Intersection,Rain,Dark,Wet,Non-Fatal Injury,Rear End,Passenger,40 to 44,Major,,0,0,1,0,0,0,0,Yes,0,1,0,0,0,36.0,36.0
43.762345,-79.22209,,Clear,Daylight,Dry,Non-Fatal Injury,Approaching,Vehicle Owner,unknown,None,,0,0,1,0,0,0,0,,1,1,0,1,0,141.0,137.0
43.643545,-79.48489,,Rain,Daylight,Wet,Non-Fatal Injury,SMV Other,Other Property Owner,unknown,,,0,0,1,0,0,0,0,Yes,0,0,0,0,0,87.0,87.0
43.734945,-79.25609,,Rain,Dark,Wet,Non-Fatal Injury,Pedestrian Collisions,Driver,30 to 34,None,Normal,1,0,1,0,0,0,0,,1,1,0,0,0,124.0,124.0
43.797945,-79.42009,At Intersection,Rain,Dark,Wet,Non-Fatal Injury,Rear End,Driver,25 to 29,Minimal,Normal,0,0,1,0,0,0,0,Yes,0,1,0,0,0,36.0,36.0
43.755945,-79.24349,,Clear,Daylight,Dry,Non-Fatal Injury,Pedestrian Collisions,Driver,40 to 44,None,Normal,1,0,1,0,0,0,0,,0,0,0,0,0,157.0,137.0
43.745045,-79.39829,,Clear,Dark,Dry,Non-Fatal Injury,SMV Unattended Vehicle,Driver,15 to 19,Major,Had Been Drinking,0,0,1,0,0,0,0,Yes,0,0,0,0,0,41.0,41.0
43.730345,-79.46809,At Intersection,Rain,Dark,Wet,Non-Fatal Injury,Pedestrian Collisions,Vehicle Owner,unknown,None,,1,0,1,0,0,0,0,,0,0,0,0,0,155.0,26.0
43.797945,-79.42009,At Intersection,Rain,Dark,Wet,Non-Fatal Injury,Rear End,Driver,25 to 29,None,Normal,0,0,1,0,0,0,0,Yes,0,1,0,0,0,36.0,36.0
43.762345,-79.22209,,Clear,Daylight,Dry,Non-Fatal Injury,Approaching,Vehicle Owner,unknown,None,,0,0,1,0,0,0,0,,1,1,0,1,0,141.0,137.0
43.755945,-79.24349,,Clear,Daylight,Dry,Non-Fatal Injury,Pedestrian Collisions,Pedestrian,10 to 14,Major,,1,0,1,0,0,0,0,,0,0,0,0,0,157.0,137.0
43.676845,-79.47129,,Clear,Daylight,Wet,Non-Fatal Injury,SMV Other,Other Property Owner,unknown,None,,0,0,1,0,0,0,0,,1,1,0,0,0,90.0,90.0
43.694345,-79.42289,,Clear,Dark,Dry,Non-Fatal Injury,SMV Unattended Vehicle,Vehicle Owner,unknown,None,,0,0,1,0,0,0,0,Yes,1,1,0,1,0,106.0,106.0
43.715945,-79.44499,At Intersection,Clear,"Dusk, artificial",Dry,Non-Fatal Injury,Pedestrian Collisions,Vehicle Owner,unknown,None,,1,0,1,0,0,0,0,,0,1,0,0,0,31.0,31.0
43.694345,-79.42289,,Clear,Dark,Dry,Non-Fatal Injury,SMV Unattended Vehicle,Passenger,20 to 24,Minor,,0,0,1,0,0,0,0,Yes,1,1,0,1,0,106.0,106.0
43.730345,-79.46809,At Intersection,Rain,Dark,Wet,Non-Fatal Injury,Pedestrian Collisions,Driver,30 to 34,None,Normal,1,0,1,0,0,0,0,,0,0,0,0,0,155.0,26.0
43.762345,-79.22209,,Clear,Daylight,Dry,Non-Fatal Injury,Approaching,Driver,65 to 69,Major,"Ability Impaired, Alcohol",0,0,1,0,0,0,0,,1,1,0,1,0,141.0,137.0
43.734945,-79.25609,,Rain,Dark,Wet,Non-Fatal Injury,Pedestrian Collisions,Pedestrian,15 to 19,Major,,1,0,1,0,0,0,0,,1,1,0,0,0,124.0,124.0
43.715945,-79.44499,At Intersection,Clear,"Dusk, artificial",Dry,Non-Fatal Injury,Pedestrian Collisions,Driver,65 to 69,None,Normal,1,0,1,0,0,0,0,,0,1,0,0,0,31.0,31.0
43.694345,-79.42289,,Clear,Dark,Dry,Non-Fatal Injury,SMV Unattended Vehicle,Passenger,20 to 24,Minor,,0,0,1,0,0,0,0,Yes,1,1,0,1,0,106.0,106.0
43.730345,-79.46809,At Intersection,Rain,Dark,Wet,Non-Fatal Injury,Pedestrian Collisions,Pedestrian,75 to 79,Major,,1,0,1,0,0,0,0,,0,0,0,0,0,155.0,26.0
43.762345,-79.22209,,Clear,Daylight,Dry,Non-Fatal Injury,Approaching,Vehicle Owner,unknown,None,,0,0,1,0,0,0,0,,1,1,0,1,0,141.0,137.0
43.694245,-79.55859,,Clear,Daylight,Dry,Non-Fatal Injury,Angle,Passenger,40 to 44,Major,,0,0,1,0,0,0,0,Yes,0,1,1,0,0,6.0,6.0
43.718945,-79.42969,,Clear,Daylight,Dry,Non-Fatal Injury,Pedestrian Collisions,Driver,55 to 59,Major,Unknown,1,0,1,0,0,0,0,,0,0,0,0,0,39.0,39.0
43.713645,-79.55499,At Intersection,Clear,Daylight,Dry,Non-Fatal Injury,Turning Movement,Driver,40 to 44,Major,Inattentive,0,0,1,0,0,0,0,Yes,0,1,1,0,0,1.0,1.0
43.774545,-79.25219,At Intersection,Clear,Dawn,Dry,Non-Fatal Injury,Pedestrian Collisions,Vehicle Owner,unknown,,,1,0,1,0,0,0,0,,0,1,0,0,0,142.0,137.0
43.694245,-79.55859,,Clear,Daylight,Dry,Non-Fatal Injury,Angle,Vehicle Owner,unknown,None,,0,0,1,0,0,0,0,Yes,0,1,1,0,0,6.0,6.0
43.743845,-79.30179,,Clear,Dark,Dry,Non-Fatal Injury,Pedestrian Collisions,Driver,50 to 54,Minor,Inattentive,1,0,1,0,0,0,0,,0,0,0,0,0,119.0,119.0
43.715945,-79.44499,At Intersection,Clear,"Dusk, artificial",Dry,Non-Fatal Injury,Pedestrian Collisions,Pedestrian,45 to 49,Major,,1,0,1,0,0,0,0,,0,1,0,0,0,31.0,31.0