LATITUDE,LONGITUDE,ACCLOC,VISIBILITY,LIGHT,RDSFCOND,ACCLASS,IMPACTYPE,INVTYPE,INVAGE,INJURY,DRIVCOND,PEDESTRIAN,CYCLIST,AUTOMOBILE,MOTORCYCLE,TRUCK,TRSN_CITY_VEH,EMERG_VEH,PASSENGER,SPEEDING,AG_DRIV,REDLIGHT,ALCOHOL,DISABILITY,HOOD_158,HOOD_140
43.668745,-79.48349,,Clear,Daylight,Dry,Non-Fatal Injury,Sideswipe,Driver,40 to 44,Major,Normal,0,0,1,0,0,1,0,Yes,0,1,0,0,0,111.0,111.0
43.758245,-79.41009,At Intersection,Rain,Dark,Wet,Non-Fatal Injury,Pedestrian Collisions,Pedestrian,25 to 29,Major,,1,0,1,0,0,0,0,,0,1,0,0,0,153.0,51.0
43.782545,-79.40279,,Clear,Dark,Dry,Non-Fatal Injury,SMV Other,Driver,15 to 19,Minor,Unknown,0,0,1,0,0,0,0,Yes,0,1,0,0,0,152.0,51.0
43.741945,-79.59419,At Intersection,Clear,Dark,Dry,Non-Fatal Injury,Angle,Vehicle Owner,unknown,None,,0,0,1,0,0,0,0,Yes,1,1,1,0,0,2.0,2.0
43.807745,-79.26789,,Clear,Daylight,Dry,Non-Fatal Injury,Pedestrian Collisions,Vehicle Owner,unknown,,,1,0,1,0,0,0,0,,0,0,0,0,0,129.0,129.0
43.753345,-79.56859,,Clear,Daylight,Dry,Non-Fatal Injury,Pedestrian Collisions,Pedestrian,70 to 74,Major,,1,0,1,0,0,0,0,,0,0,0,0,0,21.0,21.0
43.668745,-79.48349,,Clear,Daylight,Dry,Non-Fatal Injury,Sideswipe,Vehicle Owner,unknown,None,,0,0,1,0,0,1,0,Yes,0,1,0,0,0,111.0,111.0
43.678945,-79.34479,,Clear,Dark,Dry,Non-Fatal Injury,Cyclist Collisions,Cyclist,15 to 19,Major,,0,1,1,0,0,0,0,,0,1,0,0,0,69.0,69.0
43.688645,-79.44739,At Intersection,Clear,Daylight,Dry,Non-Fatal Injury,Pedestrian Collisions,Driver,75 to 79,None,Inattentive,1,0,1,0,0,0,0,,0,1,1,0,0,109.0,109.0
43.658445,-79.37029,,Clear,Daylight,Dry,Non-Fatal Injury,Pedestrian Collisions,Vehicle Owner,unknown,,,1,0,0,0,1,0,0,,0,0,0,0,0,73.0,73.0
43.668745,-79.48349,,Clear,Daylight,Dry,Non-Fatal Injury,Sideswipe,Driver,50 to 54,Major,Normal,0,0,1,0,0,1,0,Yes,0,1,0,0,0,111.0,111.0
43.807745,-79.26789,,Clear,Daylight,Dry,Non-Fatal Injury,Pedestrian Collisions,Driver,60 to 64,None,Inattentive,1,0,1,0,0,0,0,,0,0,0,0,0,129.0,129.0
43.741945,-79.59419,At Intersection,Clear,Dark,Dry,Non-Fatal Injury,Angle,Passenger,25 to 29,None,,0,0,1,0,0,0,0,Yes,1,1,1,0,0,2.0,2.0
43.775345,-79.25299,,Clear,Daylight,Dry,Non-Fatal Injury,Pedestrian Collisions,Vehicle Owner,unknown,,,1,0,0,0,0,1,0,,0,0,0,0,0,156.0,127.0
43.706945,-79.26809,At Intersection,Clear,Daylight,Wet,Non-Fatal Injury,Pedestrian Collisions,Driver,75 to 79,None,Normal,1,0,1,0,0,0,0,,0,1,1,0,0,120.0,120.0
43.667745,-79.43879,,Clear,Daylight,Dry,Non-Fatal Injury,Turning Movement,Driver,60 to 64,Major,Inattentive,0,0,1,0,0,0,0,,0,0,0,0,0,171.0,93.0
43.706945,-79.26809,At Intersection,Clear,Daylight,Wet,Non-Fatal Injury,Pedestrian Collisions,Vehicle Owner,unknown,,,1,0,1,0,0,0,0,,0,1,1,0,0,120.0,120.0
43.688645,-79.44739,At Intersection,Clear,Daylight,Dry,Non-Fatal Injury,Pedestrian Collisions,Pedestrian,40 to 44,Major,,1,0,1,0,0,0,0,,0,1,1,0,0,109.0,109.0
43.775345,-79.25299,,Clear,Daylight,Dry,Non-Fatal Injury,Pedestrian Collisions,Driver,50 to 54,None,Normal,1,0,0,0,0,1,0,,0,0,0,0,0,156.0,127.0
43.807745,-79.26789,,Clear,Daylight,Dry,Non-Fatal Injury,Pedestrian Collisions,Pedestrian,45 to 49,Major,,1,0,1,0,0,0,0,,0,0,0,0,0,129.0,129.0
43.658445,-79.37029,,Clear,Daylight,Dry,Non-Fatal Injury,Pedestrian Collisions,Truck Driver,60 to 64,None,Normal,1,0,0,0,1,0,0,,0,0,0,0,0,73.0,73.0
43.667745,-79.43879,,Clear,Daylight,Dry,Non-Fatal Injury,Turning Movement,Vehicle Owner,unknown,None,,0,0,1,0,0,0,0,,0,0,0,0,0,171.0,93.0
43.648745,-79.37199,At Intersection,Clear,Dusk,Dry,Non-Fatal Injury,Pedestrian Collisions,Cyclist,unknown,Major,,1,1,0,0,0,0,0,,0,0,0,0,0,166.0,77.0
43.706945,-79.26809,At Intersection,Clear,Daylight,Wet,Non-Fatal Injury,Pedestrian Collisions,Driver,50 to 54,None,Normal,1,0,1,0,0,0,0,,0,1,1,0,0,120.0,120.0
43.775345,-79.25299,,Clear,Daylight,Dry,Non-Fatal Injury,Pedestrian Collisions,Pedestrian,10 to 14,Major,,1,0,0,0,0,1,0,,0,0,0,0,0,156.0,127.0
43.741945,-79.59419,At Intersection,Clear,Dark,Dry,Non-Fatal Injury,Angle,Passenger,20 to 24,None,,0,0,1,0,0,0,0,Yes,1,1,1,0,0,2.0,2.0
43.681345,-79.55279,At Intersection,Clear,Daylight,Dry,Non-Fatal Injury,Angle,Vehicle Owner,unknown,None,,0,0,1,0,0,0,0,,0,1,1,0,0,7.0,7.0
43.667745,-79.43879,,Clear,Daylight,Dry,Non-Fatal Injury,Turning Movement,Driver,20 to 24,None,Normal,0,0,1,0,0,0,0,,0,0,0,0,0,171.0,93.0
43.681345,-79.55279,At Intersection,Clear,Daylight,Dry,Non-Fatal Injury,Angle,Driver,25 to 29,None,Normal,0,0,1,0,0,0,0,,0,1,1,0,0,7.0,7.0
43.706945,-79.26809,At Intersection,Clear,Daylight,Wet,Non-Fatal Injury,Pedestrian Collisions,Pedestrian,30 to 34,Major,,1,0,1,0,0,0,0,,0,1,1,0,0,120.0,120.0
43.675345,-79.45479,,Clear,Daylight,Dry,Non-Fatal Injury,Rear End,Driver,90 to 94,None,Normal,0,0,1,0,0,0,0,,0,1,0,0,0,92.0,92.0
43.741945,-79.59419,At Intersection,Clear,Dark,Dry,Non-Fatal Injury,Angle,Driver,20 to 24,Minimal,Inattentive,0,0,1,0,0,0,0,Yes,1,1,1,0,0,2.0,2.0
43.648745,-79.37199,At Intersection,Clear,Dusk,Dry,Non-Fatal Injury,Pedestrian Collisions,Pedestrian,75 to 79,Minimal,,1,1,0,0,0,0,0,,0,0,0,0,0,166.0,77.0
43.675345,-79.45479,,Clear,Daylight,Dry,Non-Fatal Injury,Rear End,Driver,40 to 44,Major,Normal,0,0,1,0,0,0,0,,0,1,0,0,0,92.0,92.0
43.741945,-79.59419,At Intersection,Clear,Dark,Dry,Non-Fatal Injury,Angle,Vehicle Owner,unknown,None,,0,0,1,0,0,0,0,Yes,1,1,1,0,0,2.0,2.0
43.658445,-79.37029,,Clear,Daylight,Dry,Non-Fatal Injury,Pedestrian Collisions,Pedestrian,30 to 34,Major,,1,0,0,0,1,0,0,,0,0,0,0,0,73.0,73.0
43.733945,-79.55789,At Intersection,Clear,Daylight,Dry,Non-Fatal Injury,Approaching,Vehicle Owner,unknown,,,0,0,1,0,0,0,0,,0,0,0,0,0,3.0,3.0
43.681345,-79.55279,At Intersection,Clear,Daylight,Dry,Non-Fatal Injury,Angle,Vehicle Owner,unknown,None,,0,0,1,0,0,0,0,,0,1,1,0,0,7.0,7.0
43.807745,-79.26789,,Clear,Daylight,Dry,Non-Fatal Injury,Pedestrian Collisions,Vehicle Owner,unknown,,,1,0,1,0,0,0,0,,0,0,0,0,0,129.0,129.0
43.790145,-79.17339,At Intersection,Clear,Dark,Dry,Non-Fatal Injury,Pedestrian Collisions,Driver,50 to 54,None,Normal,1,0,1,0,0,0,0,,0,1,0,0,0,134.0,134.0
43.733945,-79.55789,At Intersection,Clear,Daylight,Dry,Non-Fatal Injury,Approaching,Driver,50 to 54,None,Normal,0,0,1,0,0,0,0,,0,0,0,0,0,3.0,3.0
43.700345,-79.25329,,Clear,Daylight,Dry,Non-Fatal Injury,SMV Other,Vehicle Owner,unknown,None,,0,0,0,0,0,0,0,,0,0,0,0,0,122.0,122.0
43.807745,-79.26789,,Clear,Daylight,Dry,Non-Fatal Injury,Pedestrian Collisions,Driver,45 to 49,None,Inattentive,1,0,1,0,0,0,0,,0,0,0,0,0,129.0,129.0
43.758045,-79.51339,At Intersection,Clear,Dark,Dry,Non-Fatal Injury,Turning Movement,Vehicle Owner,unknown,,,0,0,1,0,0,0,0,,0,1,0,0,0,25.0,25.0
43.741945,-79.59419,At Intersection,Clear,Dark,Dry,Non-Fatal Injury,Angle,Driver,25 to 29,Major,Unknown,0,0,1,0,0,0,0,Yes,1,1,1,0,0,2.0,2.0
43.681345,-79.55279,At Intersection,Clear,Daylight,Dry,Non-Fatal Injury,Angle,Driver,45 to 49,Major,Normal,0,0,1,0,0,0,0,,0,1,1,0,0,7.0,7.0
43.725745,-79.55579,,Clear,Daylight,Dry,Non-Fatal Injury,Rear End,Passenger,20 to 24,Major,,0,0,1,0,0,0,0,Yes,0,1,0,0,0,5.0,5.0
43.805445,-79.15969,,Clear,Daylight,Dry,Non-Fatal Injury,Cyclist Collisions,Vehicle Owner,unknown,,,0,1,1,0,0,0,0,,0,1,0,0,0,143.0,131.0
43.758045,-79.51339,At Intersection,Clear,Dark,Dry,Non-Fatal Injury,Turning Movement,Driver,35 to 39,Major,Normal,0,0,1,0,0,0,0,,0,1,0,0,0,25.0,25.0
43.733945,-79.55789,At Intersection,Clear,Daylight,Dry,Non-Fatal Injury,Approaching,Driver,30 to 34,Major,Normal,0,0,1,0,0,0,0,,0,0,0,0,0,3.0,3.0
43.790145,-79.17339,At Intersection,Clear,Dark,Dry,Non-Fatal Injury,Pedestrian Collisions,Other Property Owner,unknown,None,,1,0,1,0,0,0,0,,0,1,0,0,0,134.0,134.0
43.709745,-79.47459,At Intersection,Clear,Daylight,Dry,Non-Fatal Injury,Cyclist Collisions,Vehicle Owner,unknown,,,0,1,1,0,0,0,0,,0,1,0,0,0,29.0,29.0
43.720945,-79.33899,,Clear,Daylight,Dry,Non-Fatal Injury,Rear End,Driver,45 to 49,None,Normal,0,0,1,0,0,0,0,,0,1,0,0,0,42.0,42.0
43.725745,-79.55579,,Clear,Daylight,Dry,Non-Fatal Injury,Rear End,Driver,25 to 29,None,Normal,0,0,1,0,0,0,0,Yes,0,1,0,0,0,5.0,5.0
43.805445,-79.15969,,Clear,Daylight,Dry,Non-Fatal Injury,Cyclist Collisions,Driver,40 to 44,None,Normal,0,1,1,0,0,0,0,,0,1,0,0,0,143.0,131.0
43.790145,-79.17339,At Intersection,Clear,Dark,Dry,Non-Fatal Injury,Pedestrian Collisions,Pedestrian,55 to 59,Major,,1,0,1,0,0,0,0,,0,1,0,0,0,134.0,134.0
43.758045,-79.51339,At Intersection,Clear,Dark,Dry,Non-Fatal Injury,Turning Movement,Driver,20 to 24,Minimal,Normal,0,0,1,0,0,0,0,,0,1,0,0,0,25.0,25.0
43.725745,-79.55579,,Clear,Daylight,Dry,Non-Fatal Injury,Rear End,Driver,25 to 29,None,Normal,0,0,1,0,0,0,0,Yes,0,1,0,0,0,5.0,5.0
43.732945,-79.40419,,Clear,Daylight,Dry,Non-Fatal Injury,Pedestrian Collisions,Driver,60 to 64,None,Inattentive,1,0,1,0,0,0,0,,0,1,0,0,0,105.0,105.0
43.720945,-79.33899,,Clear,Daylight,Dry,Non-Fatal Injury,Rear End,Driver,60 to 64,Major,Inattentive,0,0,1,0,0,0,0,,0,1,0,0,0,42.0,42.0
43.706545,-79.28949,At Intersection,Rain,Dark,Wet,Non-Fatal Injury,Pedestrian Collisions,Driver,50 to 54,None,Inattentive,1,0,1,0,0,0,0,,0,1,0,0,0,120.0,120.0
43.805445,-79.15969,,Clear,Daylight,Dry,Non-Fatal Injury,Cyclist Collisions,Cyclist,60 to 64,Major,,0,1,1,0,0,0,0,,0,1,0,0,0,143.0,131.0
43.735245,-79.23669,,Clear,Daylight,Dry,Fatal,Pedestrian Collisions,Driver,55 to 59,None,"Ability Impaired, Alcohol Over .08",1,0,1,0,0,0,0,,0,0,0,1,0,123.0,123.0
43.720945,-79.33899,,Clear,Daylight,Dry,Non-Fatal Injury,Rear End,Vehicle Owner,unknown,,,0,0,1,0,0,0,0,,0,1,0,0,0,42.0,42.0
43.732945,-79.40419,,Clear,Daylight,Dry,Non-Fatal Injury,Pedestrian Collisions,Pedestrian,85 to 89,Major,,1,0,1,0,0,0,0,,0,1,0,0,0,105.0,105.0
43.735245,-79.23669,,Clear,Daylight,Dry,Fatal,Pedestrian Collisions,Pedestrian,0 to 4,Major,,1,0,1,0,0,0,0,,0,0,0,1,0,123.0,123.0
43.706545,-79.28949,At Intersection,Rain,Dark,Wet,Non-Fatal Injury,Pedestrian Collisions,Pedestrian,45 to 49,Major,,1,0,1,0,0,0,0,,0,1,0,0,0,120.0,120.0
43.647345,-79.39289,At Intersection,Clear,Dark,Dry,Non-Fatal Injury,Pedestrian Collisions,Vehicle Owner,unknown,None,,1,0,1,0,0,0,0,,0,0,0,0,0,164.0,77.0
43.709745,-79.47459,At Intersection,Clear,Daylight,Dry,Non-Fatal Injury,Cyclist Collisions,Driver,35 to 39,None,Normal,0,1,1,0,0,0,0,,0,1,0,0,0,29.0,29.0
43.674745,-79.39289,At Intersection,Rain,Dark,Wet,Non-Fatal Injury,Pedestrian Collisions,Driver,25 to 29,None,Normal,1,0,1,0,0,0,0,,0,1,0,0,0,95.0,95.0
43.700345,-79.25329,,Clear,Daylight,Dry,Non-Fatal Injury,SMV Other,Driver,55 to 59,Major,Normal,0,0,0,0,0,0,0,,0,0,0,0,0,122.0,122.0
43.720945,-79.33899,,Clear,Daylight,Dry,Non-Fatal Injury,Rear End,Driver,25 to 29,Minimal,Normal,0,0,1,0,0,0,0,,0,1,0,0,0,42.0,42.0
43.735245,-79.23669,,Clear,Daylight,Dry,Fatal,Pedestrian Collisions,Pedestrian,35 to 39,Fatal,,1,0,1,0,0,0,0,,0,0,0,1,0,123.0,123.0
43.759545,-79.31809,,Clear,Daylight,Dry,Non-Fatal Injury,Cyclist Collisions,Vehicle Owner,unknown,,,0,1,1,0,0,0,0,,0,0,0,0,0,150.0,45.0
43.709745,-79.47459,At Intersection,Clear,Daylight,Dry,Non-Fatal Injury,Cyclist Collisions,Cyclist,20 to 24,Major,,0,1,1,0,0,0,0,,0,1,0,0,0,29.0,29.0
43.759545,-79.31809,,Clear,Daylight,Dry,Non-Fatal Injury,Cyclist Collisions,Driver,20 to 24,None,Normal,0,1,1,0,0,0,0,,0,0,0,0,0,150.0,45.0
43.638845,-79.38659,At Intersection,Clear,Daylight,Dry,Non-Fatal Injury,Turning Movement,Motorcycle Driver,55 to 59,Major,Inattentive,0,0,1,1,0,0,0,,0,1,0,0,0,165.0,77.0
43.675645,-79.55769,At Intersection,Clear,Dark,Dry,Non-Fatal Injury,Turning Movement,Vehicle Owner,unknown,None,,0,0,1,0,0,0,0,,0,0,0,0,0,7.0,7.0
43.785345,-79.25649,,Clear,Daylight,Dry,Non-Fatal Injury,Pedestrian Collisions,Driver,60 to 64,None,Normal,1,0,1,0,0,0,0,,0,0,0,0,0,128.0,128.0
43.759545,-79.31809,,Clear,Daylight,Dry,Non-Fatal Injury,Cyclist Collisions,Cyclist,5 to 9,Major,,0,1,1,0,0,0,0,,0,0,0,0,0,150.0,45.0
43.795645,-79.22979,At Intersection,Clear,Dark,Dry,Non-Fatal Injury,Pedestrian Collisions,Vehicle Owner,unknown,,,1,0,1,0,0,0,0,,0,1,0,0,0,146.0,132.0
43.638845,-79.38659,At Intersection,Clear,Daylight,Dry,Non-Fatal Injury,Turning Movement,Driver,35 to 39,None,Normal,0,0,1,1,0,0,0,,0,1,0,0,0,165.0,77.0
43.674745,-79.39289,At Intersection,Rain,Dark,Wet,Non-Fatal Injury,Pedestrian Collisions,Pedestrian,unknown,Major,,1,0,1,0,0,0,0,,0,1,0,0,0,95.0,95.0
43.647345,-79.39289,At Intersection,Clear,Dark,Dry,Non-Fatal Injury,Pedestrian Collisions,Driver,45 to 49,None,Normal,1,0,1,0,0,0,0,,0,0,0,0,0,164.0,77.0
43.647345,-79.39289,At Intersection,Clear,Dark,Dry,Non-Fatal Injury,Pedestrian Collisions,Pedestrian,15 to 19,Major,,1,0,1,0,0,0,0,,0,0,0,0,0,164.0,77.0
43.759545,-79.59569,,Clear,Daylight,Dry,Non-Fatal Injury,Pedestrian Collisions,Driver,30 to 34,None,Unknown,1,0,1,0,0,0,0,,0,0,0,0,0,2.0,2.0
43.731545,-79.60189,,Clear,Dark,Dry,Fatal,Pedestrian Collisions,Vehicle Owner,unknown,,,1,0,1,0,0,0,0,,0,0,0,0,0,1.0,1.0
43.785345,-79.25649,,Clear,Daylight,Dry,Non-Fatal Injury,Pedestrian Collisions,Pedestrian,40 to 44,Major,,1,0,1,0,0,0,0,,0,0,0,0,0,128.0,128.0
43.675645,-79.55769,At Intersection,Clear,Dark,Dry,Non-Fatal Injury,Turning Movement,Driver,25 to 29,Major,Normal,0,0,1,0,0,0,0,,0,0,0,0,0,7.0,7.0
43.643845,-79.40329,,Rain,Daylight,Wet,Non-Fatal Injury,Cyclist Collisions,Vehicle Owner,unknown,,,0,1,1,0,0,0,0,,0,0,0,0,0,162.0,82.0
43.702145,-79.33599,At Intersection,Clear,Dark,Dry,Non-Fatal Injury,Angle,Passenger,15 to 19,Minor,,0,0,1,0,0,0,0,Yes,0,1,0,0,0,58.0,58.0
43.795645,-79.22979,At Intersection,Clear,Dark,Dry,Non-Fatal Injury,Pedestrian Collisions,Driver,45 to 49,None,Normal,1,0,1,0,0,0,0,,0,1,0,0,0,146.0,132.0
43.731545,-79.60189,,Clear,Dark,Dry,Fatal,Pedestrian Collisions,Driver,55 to 59,None,Normal,1,0,1,0,0,0,0,,0,0,0,0,0,1.0,1.0
43.759545,-79.59569,,Clear,Daylight,Dry,Non-Fatal Injury,Pedestrian Collisions,Pedestrian,85 to 89,Major,,1,0,1,0,0,0,0,,0,0,0,0,0,2.0,2.0
43.675645,-79.55769,At Intersection,Clear,Dark,Dry,Non-Fatal Injury,Turning Movement,Vehicle Owner,unknown,None,,0,0,1,0,0,0,0,,0,0,0,0,0,7.0,7.0
43.779545,-79.25419,At Intersection,Clear,Dark,Dry,Non-Fatal Injury,SMV Other,Passenger,25 to 29,Major,,0,0,0,0,0,0,0,Yes,1,1,0,0,0,142.0,137.0
43.702145,-79.33599,At Intersection,Clear,Dark,Dry,Non-Fatal Injury,Angle,Driver,45 to 49,Major,Normal,0,0,1,0,0,0,0,Yes,0,1,0,0,0,58.0,58.0
43.770045,-79.26129,At Intersection,Clear,Daylight,Dry,Fatal,Turning Movement,Motorcycle Driver,35 to 39,Fatal,Normal,0,0,1,1,0,0,0,Yes,1,1,0,0,0,156.0,127.0
43.795645,-79.22979,At Intersection,Clear,Dark,Dry,Non-Fatal Injury,Pedestrian Collisions,Other,60 to 64,None,,1,0,1,0,0,0,0,,0,1,0,0,0,146.0,132.0
43.790045,-79.36809,At Intersection,Clear,Daylight,Dry,Non-Fatal Injury,Cyclist Collisions,Passenger,20 to 24,None,,0,1,1,0,0,0,0,Yes,0,0,0,0,0,49.0,49.0
43.795645,-79.22979,At Intersection,Clear,Dark,Dry,Non-Fatal Injury,Pedestrian Collisions,Driver,15 to 19,None,Normal,1,0,1,0,0,0,0,,0,1,0,0,0,146.0,132.0
43.790045,-79.36809,At Intersection,Clear,Daylight,Dry,Non-Fatal Injury,Cyclist Collisions,Driver,30 to 34,None,Normal,0,1,1,0,0,0,0,Yes,0,0,0,0,0,49.0,49.0
43.731545,-79.60189,,Clear,Dark,Dry,Fatal,Pedestrian Collisions,Pedestrian,80 to 84,Fatal,,1,0,1,0,0,0,0,,0,0,0,0,0,1.0,1.0
43.643845,-79.40329,,Rain,Daylight,Wet,Non-Fatal Injury,Cyclist Collisions,Driver,45 to 49,None,Unknown,0,1,1,0,0,0,0,,0,0,0,0,0,162.0,82.0
43.770045,-79.26129,At Intersection,Clear,Daylight,Dry,Fatal,Turning Movement,Passenger,25 to 29,None,,0,0,1,1,0,0,0,Yes,1,1,0,0,0,156.0,127.0
43.675645,-79.55769,At Intersection,Clear,Dark,Dry,Non-Fatal Injury,Turning Movement,Driver,20 to 24,None,Normal,0,0,1,0,0,0,0,,0,0,0,0,0,7.0,7.0
43.702145,-79.33599,At Intersection,Clear,Dark,Dry,Non-Fatal Injury,Angle,Vehicle Owner,unknown,,,0,0,1,0,0,0,0,Yes,0,1,0,0,0,58.0,58.0
43.779545,-79.25419,At Intersection,Clear,Dark,Dry,Non-Fatal Injury,SMV Other,Driver,15 to 19,None,Normal,0,0,0,0,0,0,0,Yes,1,1,0,0,0,142.0,137.0
43.643845,-79.40329,,Rain,Daylight,Wet,Non-Fatal Injury,Cyclist Collisions,Cyclist,30 to 34,Major,,0,1,1,0,0,0,0,,0,0,0,0,0,162.0,82.0
43.795645,-79.22979,At Intersection,Clear,Dark,Dry,Non-Fatal Injury,Pedestrian Collisions,Other Property Owner,unknown,,,1,0,1,0,0,0,0,,0,1,0,0,0,146.0,132.0
43.712045,-79.28099,At Intersection,Clear,Daylight,Dry,Non-Fatal Injury,Pedestrian Collisions,Driver,35 to 39,None,Inattentive,1,0,1,0,0,0,0,,0,1,0,0,0,120.0,120.0
43.702145,-79.33599,At Intersection,Clear,Dark,Dry,Non-Fatal Injury,Angle,Driver,25 to 29,Minor,Normal,0,0,1,0,0,0,0,Yes,0,1,0,0,0,58.0,58.0
43.808745,-79.26319,,Clear,Dark,Dry,Non-Fatal Injury,Pedestrian Collisions,Driver,25 to 29,None,Normal,1,0,1,0,0,0,0,,0,0,0,0,0,129.0,129.0
43.650845,-79.34699,At Intersection,Clear,Daylight,Dry,Non-Fatal Injury,Turning Movement,Driver,30 to 34,Major,Normal,0,0,1,0,0,0,0,Yes,0,0,0,0,0,70.0,70.0
43.673745,-79.31969,,Rain,Dark,Wet,Non-Fatal Injury,Pedestrian Collisions,Driver,50 to 54,None,Normal,1,0,1,0,0,0,0,,0,0,0,0,0,65.0,65.0
43.790045,-79.36809,At Intersection,Clear,Daylight,Dry,Non-Fatal Injury,Cyclist Collisions,Cyclist,70 to 74,Major,,0,1,1,0,0,0,0,Yes,0,0,0,0,0,49.0,49.0
43.795645,-79.22979,At Intersection,Clear,Dark,Dry,Non-Fatal Injury,Pedestrian Collisions,Pedestrian,35 to 39,Major,,1,0,1,0,0,0,0,,0,1,0,0,0,146.0,132.0
43.673745,-79.31969,,Rain,Dark,Wet,Non-Fatal Injury,Pedestrian Collisions,Pedestrian,45 to 49,Major,,1,0,1,0,0,0,0,,0,0,0,0,0,65.0,65.0
43.712045,-79.28099,At Intersection,Clear,Daylight,Dry,Non-Fatal Injury,Pedestrian Collisions,Pedestrian,40 to 44,Major,,1,0,1,0,0,0,0,,0,1,0,0,0,120.0,120.0
43.726545,-79.29319,,Clear,Daylight,Dry,Non-Fatal Injury,Pedestrian Collisions,Vehicle Owner,unknown,,,1,0,1,0,0,0,0,,0,1,0,0,0,120.0,120.0
43.770045,-79.26129,At Intersection,Clear,Daylight,Dry,Fatal,Turning Movement,Passenger,15 to 19,None,,0,0,1,1,0,0,0,Yes,1,1,0,0,0,156.0,127.0
43.808745,-79.26319,,Clear,Dark,Dry,Non-Fatal Injury,Pedestrian Collisions,Pedestrian,45 to 49,Major,,1,0,1,0,0,0,0,,0,0,0,0,0,129.0,129.0
43.650845,-79.34699,At Intersection,Clear,Daylight,Dry,Non-Fatal Injury,Turning Movement,Passenger,20 to 24,None,,0,0,1,0,0,0,0,Yes,0,0,0,0,0,70.0,70.0
43.770045,-79.26129,At Intersection,Clear,Daylight,Dry,Fatal,Turning Movement,Vehicle Owner,unknown,,,0,0,1,1,0,0,0,Yes,1,1,0,0,0,156.0,127.0
43.677945,-79.43529,At Intersection,Rain,Dark,Wet,Non-Fatal Injury,Angle,Passenger,20 to 24,Major,,0,0,1,0,0,1,0,Yes,1,1,0,0,0,92.0,92.0
43.726545,-79.29319,,Clear,Daylight,Dry,Non-Fatal Injury,Pedestrian Collisions,Driver,40 to 44,None,Normal,1,0,1,0,0,0,0,,0,1,0,0,0,120.0,120.0
43.746845,-79.58379,At Intersection,Clear,Dark,Other,Non-Fatal Injury,Turning Movement,Truck Driver,20 to 24,None,Normal,0,0,1,0,1,0,0,,0,1,0,0,0,2.0,2.0
43.644745,-79.40299,At Intersection,Clear,Dark,Dry,Non-Fatal Injury,Pedestrian Collisions,Vehicle Owner,unknown,None,,1,0,1,0,0,0,0,,0,0,0,0,0,164.0,77.0
43.711245,-79.53519,At Intersection,Clear,Daylight,Dry,Non-Fatal Injury,Angle,Vehicle Owner,unknown,None,,0,0,1,0,0,0,0,Yes,0,1,0,0,0,23.0,23.0
43.650845,-79.34699,At Intersection,Clear,Daylight,Dry,Non-Fatal Injury,Turning Movement,Passenger,15 to 19,None,,0,0,1,0,0,0,0,Yes,0,0,0,0,0,70.0,70.0
43.770045,-79.26129,At Intersection,Clear,Daylight,Dry,Fatal,Turning Movement,Driver,20 to 24,None,Normal,0,0,1,1,0,0,0,Yes,1,1,0,0,0,156.0,127.0
43.677945,-79.43529,At Intersection,Rain,Dark,Wet,Non-Fatal Injury,Angle,Vehicle Owner,unknown,,,0,0,1,0,0,1,0,Yes,1,1,0,0,0,92.0,92.0
43.674243,-79.367488,At Intersection,Clear,Dark,Dry,Fatal,SMV Other,Vehicle Owner,unknown,,,0,0,0,1,0,0,0,,1,1,0,0,0,71.0,71.0
43.726545,-79.29319,,Clear,Daylight,Dry,Non-Fatal Injury,Pedestrian Collisions,Pedestrian,55 to 59,Major,,1,0,1,0,0,0,0,,0,1,0,0,0,120.0,120.0
43.644745,-79.40299,At Intersection,Clear,Dark,Dry,Non-Fatal Injury,Pedestrian Collisions,Driver,45 to 49,None,,1,0,1,0,0,0,0,,0,0,0,0,0,164.0,77.0
43.650845,-79.34699,At Intersection,Clear,Daylight,Dry,Non-Fatal Injury,Turning Movement,Passenger,5 to 9,None,,0,0,1,0,0,0,0,Yes,0,0,0,0,0,70.0,70.0
43.711245,-79.53519,At Intersection,Clear,Daylight,Dry,Non-Fatal Injury,Angle,Driver,60 to 64,Major,Normal,0,0,1,0,0,0,0,Yes,0,1,0,0,0,23.0,23.0
43.746845,-79.58379,At Intersection,Clear,Dark,Other,Non-Fatal Injury,Turning Movement,Driver,25 to 29,Major,Normal,0,0,1,0,1,0,0,,0,1,0,0,0,2.0,2.0
43.711245,-79.53519,At Intersection,Clear,Daylight,Dry,Non-Fatal Injury,Angle,Passenger,55 to 59,Minor,,0,0,1,0,0,0,0,Yes,0,1,0,0,0,23.0,23.0
43.650845,-79.34699,At Intersection,Clear,Daylight,Dry,Non-Fatal Injury,Turning Movement,Vehicle Owner,unknown,None,,0,0,1,0,0,0,0,Yes,0,0,0,0,0,70.0,70.0
43.644745,-79.40299,At Intersection,Clear,Dark,Dry,Non-Fatal Injury,Pedestrian Collisions,Pedestrian,55 to 59,Major,,1,0,1,0,0,0,0,,0,0,0,0,0,164.0,77.0
43.677945,-79.43529,At Intersection,Rain,Dark,Wet,Non-Fatal Injury,Angle,Driver,20 to 24,Major,Normal,0,0,1,0,0,1,0,Yes,1,1,0,0,0,92.0,92.0
43.674243,-79.367488,At Intersection,Clear,Dark,Dry,Fatal,SMV Other,Motorcycle Driver,25 to 29,Fatal,Unknown,0,0,0,1,0,0,0,,1,1,0,0,0,71.0,71.0
43.765745,-79.28109,At Intersection,Rain,Dark,Wet,Non-Fatal Injury,Pedestrian Collisions,Driver,55 to 59,None,Unknown,1,0,1,0,0,0,0,,0,1,0,0,0,126.0,126.0