LATITUDE,LONGITUDE,ACCLOC,VISIBILITY,LIGHT,RDSFCOND,ACCLASS,IMPACTYPE,INVTYPE,INVAGE,INJURY,DRIVCOND,PEDESTRIAN,CYCLIST,AUTOMOBILE,MOTORCYCLE,TRUCK,TRSN_CITY_VEH,EMERG_VEH,PASSENGER,SPEEDING,AG_DRIV,REDLIGHT,ALCOHOL,DISABILITY,HOOD_158,HOOD_140
43.650845,-79.34699,At Intersection,Clear,Daylight,Dry,Non-Fatal Injury,Turning Movement,Driver,20 to 24,None,Normal,0,0,1,0,0,0,0,Yes,0,0,0,0,0,70.0,70.0
43.822245,-79.27519,,Clear,Daylight,Dry,Non-Fatal Injury,Pedestrian Collisions,Pedestrian,5 to 9,Major,,1,0,1,0,0,0,0,,0,0,0,0,0,130.0,130.0
43.610545,-79.53779,At Intersection,Snow,Daylight,Ice,Non-Fatal Injury,Angle,Driver,55 to 59,None,Normal,0,0,1,0,0,1,0,Yes,0,1,0,0,0,20.0,20.0
43.711245,-79.53519,At Intersection,Clear,Daylight,Dry,Non-Fatal Injury,Angle,Driver,45 to 49,Minor,Inattentive,0,0,1,0,0,0,0,Yes,0,1,0,0,0,23.0,23.0
43.677945,-79.43529,At Intersection,Rain,Dark,Wet,Non-Fatal Injury,Angle,Vehicle Owner,unknown,,,0,0,1,0,0,1,0,Yes,1,1,0,0,0,92.0,92.0
43.746245,-79.56859,At Intersection,Clear,Dark,Dry,Fatal,Angle,Vehicle Owner,unknown,,,0,0,1,0,0,0,0,Yes,0,1,1,0,0,22.0,22.0
43.610545,-79.53779,At Intersection,Snow,Daylight,Ice,Non-Fatal Injury,Angle,Passenger,55 to 59,Major,,0,0,1,0,0,1,0,Yes,0,1,0,0,0,20.0,20.0
43.765745,-79.28109,At Intersection,Rain,Dark,Wet,Non-Fatal Injury,Pedestrian Collisions,Pedestrian,45 to 49,Major,,1,0,1,0,0,0,0,,0,1,0,0,0,126.0,126.0
43.743745,-79.21169,At Intersection,Clear,Dark,Dry,Non-Fatal Injury,Turning Movement,Vehicle Owner,unknown,None,,0,0,1,0,0,1,0,,1,1,1,1,0,139.0,139.0
43.743745,-79.21169,At Intersection,Clear,Dark,Dry,Non-Fatal Injury,Turning Movement,Driver,25 to 29,Major,"Ability Impaired, Alcohol",0,0,1,0,0,1,0,,1,1,1,1,0,139.0,139.0
43.831545,-79.25089,At Intersection,Clear,Dark,Dry,Non-Fatal Injury,Rear End,Passenger,40 to 44,Minimal,,0,0,1,0,0,0,0,Yes,0,0,0,0,0,144.0,131.0
43.822245,-79.27519,,Clear,Daylight,Dry,Non-Fatal Injury,Pedestrian Collisions,Driver,40 to 44,None,Inattentive,1,0,1,0,0,0,0,,0,0,0,0,0,130.0,130.0
43.746245,-79.56859,At Intersection,Clear,Dark,Dry,Fatal,Angle,Driver,50 to 54,Minimal,Normal,0,0,1,0,0,0,0,Yes,0,1,1,0,0,22.0,22.0
43.677945,-79.43529,At Intersection,Rain,Dark,Wet,Non-Fatal Injury,Angle,Driver,40 to 44,None,Normal,0,0,1,0,0,1,0,Yes,1,1,0,0,0,92.0,92.0
43.720445,-79.33889,,Clear,Daylight,Dry,Non-Fatal Injury,Turning Movement,Driver,30 to 34,Major,Normal,0,0,1,0,0,0,0,,0,0,0,0,0,44.0,44.0
43.743745,-79.21169,At Intersection,Clear,Dark,Dry,Non-Fatal Injury,Turning Movement,Vehicle Owner,unknown,None,,0,0,1,0,0,1,0,,1,1,1,1,0,139.0,139.0
43.610545,-79.53779,At Intersection,Snow,Daylight,Ice,Non-Fatal Injury,Angle,Vehicle Owner,unknown,,,0,0,1,0,0,1,0,Yes,0,1,0,0,0,20.0,20.0
43.776945,-79.25449,,Clear,Daylight,Dry,Non-Fatal Injury,Cyclist Collisions,Driver,55 to 59,None,Normal,0,1,1,0,0,0,0,,0,0,0,0,0,156.0,127.0
43.720445,-79.33889,,Clear,Daylight,Dry,Non-Fatal Injury,Turning Movement,Driver,80 to 84,None,Normal,0,0,1,0,0,0,0,,0,0,0,0,0,44.0,44.0
43.743745,-79.21169,At Intersection,Clear,Dark,Dry,Non-Fatal Injury,Turning Movement,Driver,40 to 44,Minimal,Normal,0,0,1,0,0,1,0,,1,1,1,1,0,139.0,139.0
43.637145,-79.47029,At Intersection,Clear,Dark,Dry,Non-Fatal Injury,SMV Other,Passenger,55 to 59,Minor,,0,0,1,0,0,0,0,Yes,0,1,0,0,0,87.0,87.0
43.831545,-79.25089,At Intersection,Clear,Dark,Dry,Non-Fatal Injury,Rear End,Vehicle Owner,unknown,None,,0,0,1,0,0,0,0,Yes,0,0,0,0,0,144.0,131.0
43.746245,-79.56859,At Intersection,Clear,Dark,Dry,Fatal,Angle,Vehicle Owner,unknown,,,0,0,1,0,0,0,0,Yes,0,1,1,0,0,22.0,22.0
43.610545,-79.53779,At Intersection,Snow,Daylight,Ice,Non-Fatal Injury,Angle,Driver,55 to 59,None,Normal,0,0,1,0,0,1,0,Yes,0,1,0,0,0,20.0,20.0
43.637145,-79.47029,At Intersection,Clear,Dark,Dry,Non-Fatal Injury,SMV Other,Vehicle Owner,unknown,,,0,0,1,0,0,0,0,Yes,0,1,0,0,0,87.0,87.0
43.755945,-79.52429,At Intersection,Clear,Daylight,Dry,Fatal,Pedestrian Collisions,Vehicle Owner,unknown,,,1,0,0,0,1,0,0,,0,0,0,0,0,24.0,24.0
43.760145,-79.45329,,Clear,Daylight,Dry,Non-Fatal Injury,Angle,Vehicle Owner,unknown,None,,0,0,1,0,0,0,0,Yes,0,1,0,0,0,34.0,34.0
43.776945,-79.25449,,Clear,Daylight,Dry,Non-Fatal Injury,Cyclist Collisions,Cyclist,45 to 49,Major,,0,1,1,0,0,0,0,,0,0,0,0,0,156.0,127.0
43.782145,-79.30349,At Intersection,Clear,Daylight,Dry,Fatal,Cyclist Collisions,Vehicle Owner,unknown,,,0,1,1,0,0,0,0,,0,0,0,0,0,118.0,118.0
43.760145,-79.45329,,Clear,Daylight,Dry,Non-Fatal Injury,Angle,Driver,40 to 44,Major,Normal,0,0,1,0,0,0,0,Yes,0,1,0,0,0,34.0,34.0
43.746245,-79.56859,At Intersection,Clear,Dark,Dry,Fatal,Angle,Driver,15 to 19,Fatal,Unknown,0,0,1,0,0,0,0,Yes,0,1,1,0,0,22.0,22.0
43.755945,-79.52429,At Intersection,Clear,Daylight,Dry,Fatal,Pedestrian Collisions,Truck Driver,20 to 24,None,Normal,1,0,0,0,1,0,0,,0,0,0,0,0,24.0,24.0
43.637145,-79.47029,At Intersection,Clear,Dark,Dry,Non-Fatal Injury,SMV Other,Driver,35 to 39,Major,Unknown,0,0,1,0,0,0,0,Yes,0,1,0,0,0,87.0,87.0
43.710945,-79.33479,,Clear,Daylight,Wet,Fatal,Pedestrian Collisions,Vehicle Owner,unknown,,,1,0,0,0,0,1,0,,0,0,0,0,0,44.0,44.0
43.831545,-79.25089,At Intersection,Clear,Dark,Dry,Non-Fatal Injury,Rear End,Driver,40 to 44,Minor,Normal,0,0,1,0,0,0,0,Yes,0,0,0,0,0,144.0,131.0
43.746245,-79.56859,At Intersection,Clear,Dark,Dry,Fatal,Angle,Passenger,15 to 19,Fatal,,0,0,1,0,0,0,0,Yes,0,1,1,0,0,22.0,22.0
43.755945,-79.52429,At Intersection,Clear,Daylight,Dry,Fatal,Pedestrian Collisions,Pedestrian,65 to 69,Fatal,,1,0,0,0,1,0,0,,0,0,0,0,0,24.0,24.0
43.760145,-79.45329,,Clear,Daylight,Dry,Non-Fatal Injury,Angle,Passenger,20 to 24,Minimal,,0,0,1,0,0,0,0,Yes,0,1,0,0,0,34.0,34.0
43.594345,-79.53399,,Clear,Dark,Dry,Non-Fatal Injury,SMV Other,Driver,40 to 44,Major,Had Been Drinking,0,0,1,0,0,0,0,,1,1,0,0,0,19.0,19.0
43.710945,-79.33479,,Clear,Daylight,Wet,Fatal,Pedestrian Collisions,Driver,50 to 54,None,Normal,1,0,0,0,0,1,0,,0,0,0,0,0,44.0,44.0
43.782145,-79.30349,At Intersection,Clear,Daylight,Dry,Fatal,Cyclist Collisions,Driver,40 to 44,None,Normal,0,1,1,0,0,0,0,,0,0,0,0,0,118.0,118.0
43.831545,-79.25089,At Intersection,Clear,Dark,Dry,Non-Fatal Injury,Rear End,Driver,35 to 39,Minor,Had Been Drinking,0,0,1,0,0,0,0,Yes,0,0,0,0,0,144.0,131.0
43.782145,-79.30349,At Intersection,Clear,Daylight,Dry,Fatal,Cyclist Collisions,Cyclist,5 to 9,Fatal,,0,1,1,0,0,0,0,,0,0,0,0,0,118.0,118.0
43.746245,-79.56859,At Intersection,Clear,Dark,Dry,Fatal,Angle,Passenger,15 to 19,Fatal,,0,0,1,0,0,0,0,Yes,0,1,1,0,0,22.0,22.0
43.760145,-79.45329,,Clear,Daylight,Dry,Non-Fatal Injury,Angle,Driver,45 to 49,Minimal,Normal,0,0,1,0,0,0,0,Yes,0,1,0,0,0,34.0,34.0
43.641945,-79.44729,At Intersection,Clear,Daylight,Dry,Non-Fatal Injury,Pedestrian Collisions,Driver,40 to 44,None,Inattentive,1,0,1,0,0,0,0,,0,1,0,0,0,86.0,86.0
43.710945,-79.33479,,Clear,Daylight,Wet,Fatal,Pedestrian Collisions,Pedestrian,85 to 89,Major,,1,0,0,0,0,1,0,,0,0,0,0,0,44.0,44.0
43.594345,-79.53399,,Clear,Dark,Dry,Non-Fatal Injury,SMV Other,Other Property Owner,unknown,,,0,0,1,0,0,0,0,,1,1,0,0,0,19.0,19.0
43.637345,-79.39999,,Clear,Dark,Dry,Non-Fatal Injury,Turning Movement,Driver,40 to 44,Major,Normal,0,0,1,0,0,0,0,,0,0,0,0,0,165.0,77.0
43.831545,-79.25089,At Intersection,Clear,Dark,Dry,Non-Fatal Injury,Rear End,Vehicle Owner,unknown,None,,0,0,1,0,0,0,0,Yes,0,0,0,0,0,144.0,131.0
43.746245,-79.56859,At Intersection,Clear,Dark,Dry,Fatal,Angle,Vehicle Owner,unknown,,,0,0,1,0,0,0,0,Yes,0,1,1,0,0,22.0,22.0
43.778645,-79.21469,,Clear,Dark,Dry,Non-Fatal Injury,Sideswipe,Motorcycle Driver,unknown,None,Unknown,0,0,0,1,0,0,0,,0,0,0,0,0,135.0,135.0
43.650245,-79.44099,At Intersection,Clear,Daylight,Dry,Non-Fatal Injury,SMV Other,Moped Driver,50 to 54,Major,Normal,0,1,0,0,0,0,0,,0,0,0,0,0,84.0,84.0
43.637345,-79.39999,,Clear,Dark,Dry,Non-Fatal Injury,Turning Movement,Vehicle Owner,unknown,None,,0,0,1,0,0,0,0,,0,0,0,0,0,165.0,77.0
43.778645,-79.21469,,Clear,Dark,Dry,Non-Fatal Injury,Sideswipe,Motorcycle Driver,55 to 59,Major,Unknown,0,0,0,1,0,0,0,,0,0,0,0,0,135.0,135.0
43.746245,-79.56859,At Intersection,Clear,Dark,Dry,Fatal,Angle,Driver,40 to 44,Minimal,Normal,0,0,1,0,0,0,0,Yes,0,1,1,0,0,22.0,22.0
43.652145,-79.40479,,Clear,Daylight,Dry,Non-Fatal Injury,Pedestrian Collisions,Vehicle Owner,unknown,,,1,0,1,0,0,0,0,,0,0,0,0,0,78.0,78.0
43.641945,-79.44729,At Intersection,Clear,Daylight,Dry,Non-Fatal Injury,Pedestrian Collisions,Pedestrian,65 to 69,Major,,1,0,1,0,0,0,0,,0,1,0,0,0,86.0,86.0
43.710945,-79.33479,,Clear,Daylight,Wet,Fatal,Pedestrian Collisions,Pedestrian,75 to 79,Fatal,,1,0,0,0,0,1,0,,0,0,0,0,0,44.0,44.0
43.825245,-79.19959,At Intersection,Clear,Dark,Dry,Non-Fatal Injury,Turning Movement,Passenger,45 to 49,Minor,,0,0,1,0,1,0,0,Yes,0,0,0,0,0,144.0,131.0
43.831545,-79.25089,At Intersection,Clear,Dark,Dry,Non-Fatal Injury,Rear End,Driver,50 to 54,Major,Normal,0,0,1,0,0,0,0,Yes,0,0,0,0,0,144.0,131.0
43.637345,-79.39999,,Clear,Dark,Dry,Non-Fatal Injury,Turning Movement,Driver,25 to 29,None,Had Been Drinking,0,0,1,0,0,0,0,,0,0,0,0,0,165.0,77.0
43.743845,-79.30179,,Clear,Dusk,Dry,Non-Fatal Injury,Pedestrian Collisions,Driver,45 to 49,None,Unknown,1,0,1,0,0,0,0,,1,1,0,0,0,119.0,119.0
43.638345,-79.53769,,Clear,Daylight,Dry,Non-Fatal Injury,Pedestrian Collisions,Driver,20 to 24,None,Normal,1,0,1,0,0,0,0,,0,0,0,0,0,159.0,14.0
43.730245,-79.40359,At Intersection,Clear,Dark,Dry,Fatal,Pedestrian Collisions,Vehicle Owner,unknown,,,1,0,0,0,1,0,0,,0,1,0,0,0,105.0,105.0
43.825245,-79.19959,At Intersection,Clear,Dark,Dry,Non-Fatal Injury,Turning Movement,Truck Driver,25 to 29,Major,Normal,0,0,1,0,1,0,0,Yes,0,0,0,0,0,144.0,131.0
43.825245,-79.19959,At Intersection,Clear,Dark,Dry,Non-Fatal Injury,Turning Movement,Driver,30 to 34,Minor,Normal,0,0,1,0,1,0,0,Yes,0,0,0,0,0,144.0,131.0
43.730245,-79.40359,At Intersection,Clear,Dark,Dry,Fatal,Pedestrian Collisions,Truck Driver,35 to 39,None,Normal,1,0,0,0,1,0,0,,0,1,0,0,0,105.0,105.0
43.637145,-79.43599,At Intersection,Clear,Daylight,Dry,Non-Fatal Injury,Pedestrian Collisions,Vehicle Owner,unknown,,,1,0,1,0,0,0,0,,0,0,0,0,0,85.0,85.0
43.652145,-79.40479,,Clear,Daylight,Dry,Non-Fatal Injury,Pedestrian Collisions,Driver,40 to 44,None,Normal,1,0,1,0,0,0,0,,0,0,0,0,0,78.0,78.0
43.746245,-79.56859,At Intersection,Clear,Dark,Dry,Fatal,Angle,Other Property Owner,unknown,,,0,0,1,0,0,0,0,Yes,0,1,1,0,0,22.0,22.0
43.724045,-79.26449,At Intersection,Clear,"Dusk, artificial",Dry,Non-Fatal Injury,Turning Movement,Vehicle Owner,unknown,None,,0,1,1,0,0,0,0,Yes,0,0,0,0,0,124.0,124.0
43.743845,-79.30179,,Clear,Dusk,Dry,Non-Fatal Injury,Pedestrian Collisions,Pedestrian,20 to 24,Major,,1,0,1,0,0,0,0,,1,1,0,0,0,119.0,119.0
43.730245,-79.40359,At Intersection,Clear,Dark,Dry,Fatal,Pedestrian Collisions,Pedestrian,70 to 74,Fatal,,1,0,0,0,1,0,0,,0,1,0,0,0,105.0,105.0
43.652145,-79.40479,,Clear,Daylight,Dry,Non-Fatal Injury,Pedestrian Collisions,Pedestrian,60 to 64,Major,,1,0,1,0,0,0,0,,0,0,0,0,0,78.0,78.0
43.637145,-79.43599,At Intersection,Clear,Daylight,Dry,Non-Fatal Injury,Pedestrian Collisions,Driver,55 to 59,None,Normal,1,0,1,0,0,0,0,,0,0,0,0,0,85.0,85.0
43.688445,-79.34839,,Clear,Daylight,Dry,Non-Fatal Injury,Pedestrian Collisions,Driver,50 to 54,None,Inattentive,1,0,1,0,0,0,0,,0,0,0,0,0,59.0,59.0
43.724045,-79.26449,At Intersection,Clear,"Dusk, artificial",Dry,Non-Fatal Injury,Turning Movement,Moped Driver,35 to 39,Major,Normal,0,1,1,0,0,0,0,Yes,0,0,0,0,0,124.0,124.0
43.644045,-79.37579,,Clear,Dark,Dry,Non-Fatal Injury,Turning Movement,Driver,25 to 29,Major,Normal,0,0,1,0,0,0,0,,1,1,0,0,0,166.0,77.0
43.638345,-79.53769,,Clear,Daylight,Dry,Non-Fatal Injury,Pedestrian Collisions,Pedestrian,35 to 39,Major,,1,0,1,0,0,0,0,,0,0,0,0,0,159.0,14.0
43.645845,-79.39989,,Clear,Daylight,Dry,Non-Fatal Injury,SMV Other,Passenger,35 to 39,Major,,0,0,1,0,0,0,0,Yes,1,1,0,0,0,164.0,77.0
43.637145,-79.43599,At Intersection,Clear,Daylight,Dry,Non-Fatal Injury,Pedestrian Collisions,Pedestrian,75 to 79,Major,,1,0,1,0,0,0,0,,0,0,0,0,0,85.0,85.0
43.644045,-79.37579,,Clear,Dark,Dry,Non-Fatal Injury,Turning Movement,Vehicle Owner,unknown,,,0,0,1,0,0,0,0,,1,1,0,0,0,166.0,77.0
43.740745,-79.58699,,Clear,Daylight,Dry,Non-Fatal Injury,Turning Movement,Vehicle Owner,unknown,None,,0,0,1,0,0,0,0,,0,1,0,0,0,2.0,2.0
43.644045,-79.37579,,Clear,Dark,Dry,Non-Fatal Injury,Turning Movement,Driver,55 to 59,None,Normal,0,0,1,0,0,0,0,,1,1,0,0,0,166.0,77.0
43.645845,-79.39989,,Clear,Daylight,Dry,Non-Fatal Injury,SMV Other,Vehicle Owner,unknown,,,0,0,1,0,0,0,0,Yes,1,1,0,0,0,164.0,77.0
43.672945,-79.31929,At Intersection,Rain,Dark,Wet,Non-Fatal Injury,Pedestrian Collisions,Driver,45 to 49,None,Normal,1,0,1,0,0,0,0,,0,1,0,0,0,64.0,64.0
43.724045,-79.26449,At Intersection,Clear,"Dusk, artificial",Dry,Non-Fatal Injury,Turning Movement,Passenger,15 to 19,None,,0,1,1,0,0,0,0,Yes,0,0,0,0,0,124.0,124.0
43.720645,-79.24259,,Clear,Dark,Other,Fatal,SMV Unattended Vehicle,Other,unknown,None,,0,0,1,0,0,0,0,Yes,0,0,0,0,0,123.0,123.0
43.688445,-79.34839,,Clear,Daylight,Dry,Non-Fatal Injury,Pedestrian Collisions,Pedestrian,70 to 74,Major,,1,0,1,0,0,0,0,,0,0,0,0,0,59.0,59.0
43.740745,-79.58699,,Clear,Daylight,Dry,Non-Fatal Injury,Turning Movement,Driver,45 to 49,None,Normal,0,0,1,0,0,0,0,,0,1,0,0,0,2.0,2.0
43.736745,-79.59169,At Intersection,Clear,Daylight,Dry,Non-Fatal Injury,Turning Movement,Vehicle Owner,unknown,None,,0,0,1,0,1,0,0,Yes,0,1,1,0,0,1.0,1.0
43.720645,-79.24259,,Clear,Dark,Other,Fatal,SMV Unattended Vehicle,Passenger,20 to 24,Fatal,,0,0,1,0,0,0,0,Yes,0,0,0,0,0,123.0,123.0
43.814545,-79.29219,,Clear,Daylight,Dry,Non-Fatal Injury,Cyclist Collisions,Driver,40 to 44,None,Normal,0,1,1,0,0,0,0,,0,1,1,0,0,130.0,130.0
43.645845,-79.39989,,Clear,Daylight,Dry,Non-Fatal Injury,SMV Other,Driver,30 to 34,Minor,Unknown,0,0,1,0,0,0,0,Yes,1,1,0,0,0,164.0,77.0
43.705245,-79.40559,,Clear,Daylight,Dry,Non-Fatal Injury,Angle,Driver,40 to 44,Minor,Normal,0,0,1,0,0,0,0,,0,0,0,0,0,100.0,100.0
43.672945,-79.31929,At Intersection,Rain,Dark,Wet,Non-Fatal Injury,Pedestrian Collisions,Pedestrian,70 to 74,Major,,1,0,1,0,0,0,0,,0,1,0,0,0,64.0,64.0
43.740745,-79.58699,,Clear,Daylight,Dry,Non-Fatal Injury,Turning Movement,Driver,20 to 24,Major,Normal,0,0,1,0,0,0,0,,0,1,0,0,0,2.0,2.0
43.720645,-79.24259,,Clear,Dark,Other,Fatal,SMV Unattended Vehicle,Driver,25 to 29,None,Inattentive,0,0,1,0,0,0,0,Yes,0,0,0,0,0,123.0,123.0
43.736745,-79.59169,At Intersection,Clear,Daylight,Dry,Non-Fatal Injury,Turning Movement,Truck Driver,15 to 19,None,Normal,0,0,1,0,1,0,0,Yes,0,1,1,0,0,1.0,1.0
43.814545,-79.29219,,Clear,Daylight,Dry,Non-Fatal Injury,Cyclist Collisions,Cyclist,60 to 64,Major,,0,1,1,0,0,0,0,,0,1,1,0,0,130.0,130.0
43.705245,-79.40559,,Clear,Daylight,Dry,Non-Fatal Injury,Angle,Vehicle Owner,unknown,None,,0,0,1,0,0,0,0,,0,0,0,0,0,100.0,100.0
43.645845,-79.39989,,Clear,Daylight,Dry,Non-Fatal Injury,SMV Other,Other Property Owner,unknown,,,0,0,1,0,0,0,0,Yes,1,1,0,0,0,164.0,77.0
43.812945,-79.24309,At Intersection,Rain,Dark,Wet,Non-Fatal Injury,Rear End,Vehicle Owner,unknown,,,0,0,1,0,1,0,0,Yes,0,1,0,0,0,129.0,129.0
43.727945,-79.47849,,Rain,Daylight,Wet,Non-Fatal Injury,Cyclist Collisions,Vehicle Owner,unknown,,,0,1,1,0,0,0,0,,0,1,0,0,0,155.0,26.0
43.724045,-79.26449,At Intersection,Clear,"Dusk, artificial",Dry,Non-Fatal Injury,Turning Movement,Passenger,75 to 79,None,,0,1,1,0,0,0,0,Yes,0,0,0,0,0,124.0,124.0
43.705245,-79.40559,,Clear,Daylight,Dry,Non-Fatal Injury,Angle,Driver,40 to 44,Major,Normal,0,0,1,0,0,0,0,,0,0,0,0,0,100.0,100.0
43.682545,-79.32719,,Rain,Dark,Wet,Non-Fatal Injury,Pedestrian Collisions,Vehicle Owner,unknown,,,1,0,1,0,0,0,0,,0,0,0,0,0,65.0,65.0
43.674145,-79.46039,,Clear,Dark,Wet,Non-Fatal Injury,Pedestrian Collisions,Driver,70 to 74,None,Normal,1,0,1,0,0,0,0,,0,0,0,0,0,91.0,91.0
43.812945,-79.24309,At Intersection,Rain,Dark,Wet,Non-Fatal Injury,Rear End,Truck Driver,55 to 59,None,Inattentive,0,0,1,0,1,0,0,Yes,0,1,0,0,0,129.0,129.0
43.812945,-79.24309,At Intersection,Rain,Dark,Wet,Non-Fatal Injury,Rear End,Passenger,20 to 24,Major,,0,0,1,0,1,0,0,Yes,0,1,0,0,0,129.0,129.0
43.727945,-79.47849,,Rain,Daylight,Wet,Non-Fatal Injury,Cyclist Collisions,Driver,45 to 49,None,Normal,0,1,1,0,0,0,0,,0,1,0,0,0,155.0,26.0
43.674445,-79.56319,,Clear,Daylight,Dry,Non-Fatal Injury,Turning Movement,Truck Driver,45 to 49,None,Normal,0,0,1,0,1,0,0,Yes,0,0,0,0,0,11.0,11.0
43.682545,-79.32719,,Rain,Dark,Wet,Non-Fatal Injury,Pedestrian Collisions,Driver,20 to 24,None,Normal,1,0,1,0,0,0,0,,0,0,0,0,0,65.0,65.0
43.674145,-79.46039,,Clear,Dark,Wet,Non-Fatal Injury,Pedestrian Collisions,Pedestrian,65 to 69,Major,,1,0,1,0,0,0,0,,0,0,0,0,0,91.0,91.0
43.812945,-79.24309,At Intersection,Rain,Dark,Wet,Non-Fatal Injury,Rear End,Vehicle Owner,unknown,,,0,0,1,0,1,0,0,Yes,0,1,0,0,0,129.0,129.0
43.727945,-79.47849,,Rain,Daylight,Wet,Non-Fatal Injury,Cyclist Collisions,Cyclist,30 to 34,Major,,0,1,1,0,0,0,0,,0,1,0,0,0,155.0,26.0
43.674445,-79.56319,,Clear,Daylight,Dry,Non-Fatal Injury,Turning Movement,Passenger,30 to 34,None,,0,0,1,0,1,0,0,Yes,0,0,0,0,0,11.0,11.0
43.716645,-79.28289,,Clear,Daylight,Dry,Non-Fatal Injury,Turning Movement,Motorcycle Driver,50 to 54,Major,Normal,0,0,1,1,0,0,0,,0,0,0,0,0,120.0,120.0
43.736745,-79.59169,At Intersection,Clear,Daylight,Dry,Non-Fatal Injury,Turning Movement,Passenger,35 to 39,Major,,0,0,1,0,1,0,0,Yes,0,1,1,0,0,1.0,1.0
43.724045,-79.26449,At Intersection,Clear,"Dusk, artificial",Dry,Non-Fatal Injury,Turning Movement,Driver,20 to 24,None,Normal,0,1,1,0,0,0,0,Yes,0,0,0,0,0,124.0,124.0
43.703445,-79.25319,At Intersection,Clear,Dark,Dry,Non-Fatal Injury,SMV Other,Passenger,20 to 24,Major,,0,0,1,0,0,0,0,Yes,1,1,0,0,0,122.0,122.0
43.622245,-79.49749,,Rain,Dawn,Wet,Non-Fatal Injury,Angle,Passenger,10 to 14,None,,0,0,1,0,0,0,0,Yes,0,1,0,0,0,160.0,17.0
43.812945,-79.24309,At Intersection,Rain,Dark,Wet,Non-Fatal Injury,Rear End,Driver,25 to 29,Minor,Normal,0,0,1,0,1,0,0,Yes,0,1,0,0,0,129.0,129.0
43.682545,-79.32719,,Rain,Dark,Wet,Non-Fatal Injury,Pedestrian Collisions,Pedestrian,35 to 39,Major,,1,0,1,0,0,0,0,,0,0,0,0,0,65.0,65.0
43.736745,-79.59169,At Intersection,Clear,Daylight,Dry,Non-Fatal Injury,Turning Movement,Driver,35 to 39,Minor,Normal,0,0,1,0,1,0,0,Yes,0,1,1,0,0,1.0,1.0
43.716645,-79.28289,,Clear,Daylight,Dry,Non-Fatal Injury,Turning Movement,Driver,75 to 79,None,Normal,0,0,1,1,0,0,0,,0,0,0,0,0,120.0,120.0
43.622245,-79.49749,,Rain,Dawn,Wet,Non-Fatal Injury,Angle,Vehicle Owner,unknown,None,,0,0,1,0,0,0,0,Yes,0,1,0,0,0,160.0,17.0
43.703445,-79.25319,At Intersection,Clear,Dark,Dry,Non-Fatal Injury,SMV Other,Driver,30 to 34,Major,Had Been Drinking,0,0,1,0,0,0,0,Yes,1,1,0,0,0,122.0,122.0
43.736745,-79.59169,At Intersection,Clear,Daylight,Dry,Non-Fatal Injury,Turning Movement,Driver,20 to 24,None,Normal,0,0,1,0,1,0,0,Yes,0,1,1,0,0,1.0,1.0
43.674445,-79.56319,,Clear,Daylight,Dry,Non-Fatal Injury,Turning Movement,Driver,40 to 44,None,Normal,0,0,1,0,1,0,0,Yes,0,0,0,0,0,11.0,11.0
43.622245,-79.49749,,Rain,Dawn,Wet,Non-Fatal Injury,Angle,Driver,40 to 44,Major,Normal,0,0,1,0,0,0,0,Yes,0,1,0,0,0,160.0,17.0
43.752045,-79.29749,At Intersection,Clear,Daylight,Dry,Fatal,Pedestrian Collisions,Driver,35 to 39,None,Inattentive,1,0,1,0,0,0,0,,0,1,0,0,0,119.0,119.0
43.655945,-79.38639,At Intersection,Clear,Daylight,Dry,Non-Fatal Injury,Pedestrian Collisions,Vehicle Owner,unknown,,,1,0,0,0,0,1,0,,0,1,0,0,0,170.0,76.0
43.674445,-79.56319,,Clear,Daylight,Dry,Non-Fatal Injury,Turning Movement,Passenger,45 to 49,Minor,,0,0,1,0,1,0,0,Yes,0,0,0,0,0,11.0,11.0
43.745345,-79.29469,At Intersection,Clear,Daylight,Dry,Fatal,Pedestrian Collisions,Driver,25 to 29,Minor,Normal,1,0,1,0,1,0,0,Yes,0,0,0,0,0,119.0,119.0
43.643245,-79.39199,,Clear,Dark,Dry,Non-Fatal Injury,Pedestrian Collisions,Driver,55 to 59,None,Normal,1,0,1,0,0,0,0,,0,0,0,0,0,165.0,77.0
43.745345,-79.29469,At Intersection,Clear,Daylight,Dry,Fatal,Pedestrian Collisions,Driver,50 to 54,None,Normal,1,0,1,0,1,0,0,Yes,0,0,0,0,0,119.0,119.0
43.755345,-79.24609,,Clear,Daylight,Dry,Fatal,Pedestrian Collisions,Vehicle Owner,unknown,,,1,0,1,0,0,0,0,,0,0,0,0,0,157.0,127.0
43.752045,-79.29749,At Intersection,Clear,Daylight,Dry,Fatal,Pedestrian Collisions,Pedestrian,45 to 49,Fatal,,1,0,1,0,0,0,0,,0,1,0,0,0,119.0,119.0
43.622245,-79.49749,,Rain,Dawn,Wet,Non-Fatal Injury,Angle,Passenger,0 to 4,None,,0,0,1,0,0,0,0,Yes,0,1,0,0,0,160.0,17.0
43.669645,-79.43279,At Intersection,Clear,Dusk,Dry,Non-Fatal Injury,Turning Movement,Driver,25 to 29,None,Normal,0,0,1,0,0,0,0,Yes,1,1,0,0,0,172.0,93.0
43.655945,-79.38639,At Intersection,Clear,Daylight,Dry,Non-Fatal Injury,Pedestrian Collisions,Driver,35 to 39,None,Normal,1,0,0,0,0,1,0,,0,1,0,0,0,170.0,76.0
43.755345,-79.24609,,Clear,Daylight,Dry,Fatal,Pedestrian Collisions,Driver,50 to 54,None,Normal,1,0,1,0,0,0,0,,0,0,0,0,0,157.0,127.0
43.669645,-79.43279,At Intersection,Clear,Dusk,Dry,Non-Fatal Injury,Turning Movement,Passenger,30 to 34,Minimal,,0,0,1,0,0,0,0,Yes,1,1,0,0,0,172.0,93.0
43.674445,-79.56319,,Clear,Daylight,Dry,Non-Fatal Injury,Turning Movement,Passenger,50 to 54,Minor,,0,0,1,0,1,0,0,Yes,0,0,0,0,0,11.0,11.0
43.655945,-79.38639,At Intersection,Clear,Daylight,Dry,Non-Fatal Injury,Pedestrian Collisions,Pedestrian,40 to 44,Major,,1,0,0,0,0,1,0,,0,1,0,0,0,170.0,76.0