LATITUDE,LONGITUDE,ACCLOC,VISIBILITY,LIGHT,RDSFCOND,ACCLASS,IMPACTYPE,INVTYPE,INVAGE,INJURY,DRIVCOND,PEDESTRIAN,CYCLIST,AUTOMOBILE,MOTORCYCLE,TRUCK,TRSN_CITY_VEH,EMERG_VEH,PASSENGER,SPEEDING,AG_DRIV,REDLIGHT,ALCOHOL,DISABILITY,HOOD_158,HOOD_140
43.754545,-79.48879,At Intersection,Clear,Daylight,Dry,Non-Fatal Injury,Rear End,Passenger,0 to 4,Major,,0,0,1,0,0,0,0,Yes,0,1,0,0,0,27.0,27.0
43.735545,-79.44269,At Intersection,Rain,Daylight,Wet,Fatal,Pedestrian Collisions,Vehicle Owner,unknown,,,1,0,1,0,0,0,0,Yes,0,0,0,0,0,33.0,33.0
43.683645,-79.58019,,Clear,Daylight,Wet,Fatal,Approaching,Vehicle Owner,unknown,,,0,0,1,0,1,0,0,,0,0,0,0,0,1.0,1.0
43.655745,-79.38379,At Intersection,Clear,Daylight,Dry,Non-Fatal Injury,Other,Vehicle Owner,unknown,,,0,0,0,0,0,1,0,Yes,0,0,0,0,0,170.0,76.0
43.648245,-79.37089,At Intersection,Clear,Dark,Dry,Non-Fatal Injury,Cyclist Collisions,Cyclist,50 to 54,Major,,0,1,1,0,0,0,0,,0,1,1,1,0,166.0,77.0
43.827245,-79.29169,At Intersection,Clear,Daylight,Dry,Non-Fatal Injury,Cyclist Collisions,Cyclist,65 to 69,Major,,0,1,1,0,0,0,0,,0,1,0,0,0,130.0,130.0
43.718345,-79.33139,At Intersection,Clear,Daylight,Dry,Non-Fatal Injury,Angle,Driver,70 to 74,Minimal,Normal,0,0,1,0,1,0,0,Yes,0,1,1,0,0,44.0,44.0
43.735545,-79.44269,At Intersection,Rain,Daylight,Wet,Fatal,Pedestrian Collisions,Driver,20 to 24,None,Normal,1,0,1,0,0,0,0,Yes,0,0,0,0,0,33.0,33.0
43.683645,-79.58019,,Clear,Daylight,Wet,Fatal,Approaching,Truck Driver,35 to 39,Minor,Normal,0,0,1,0,1,0,0,,0,0,0,0,0,1.0,1.0
43.754545,-79.48879,At Intersection,Clear,Daylight,Dry,Non-Fatal Injury,Rear End,Driver,30 to 34,Minor,Normal,0,0,1,0,0,0,0,Yes,0,1,0,0,0,27.0,27.0
43.655745,-79.38379,At Intersection,Clear,Daylight,Dry,Non-Fatal Injury,Other,Driver,60 to 64,Major,Inattentive,0,0,0,0,0,1,0,Yes,0,0,0,0,0,170.0,76.0
43.745445,-79.25199,,Clear,Daylight,Dry,Non-Fatal Injury,Turning Movement,Driver,45 to 49,Minor,Normal,0,0,1,0,0,0,0,,0,0,0,0,0,157.0,127.0
43.727345,-79.43159,,Clear,Dark,Dry,Non-Fatal Injury,Pedestrian Collisions,Pedestrian,30 to 34,Major,,1,0,0,0,0,0,0,,0,0,0,0,0,39.0,39.0
43.656345,-79.38899,,Clear,Daylight,Dry,Non-Fatal Injury,Turning Movement,Vehicle Owner,unknown,,,0,0,1,0,0,0,0,Yes,0,0,0,0,0,78.0,78.0
43.658645,-79.44279,,Clear,Daylight,Dry,Non-Fatal Injury,Turning Movement,Vehicle Owner,unknown,,,0,0,1,0,0,0,0,,0,1,0,0,0,171.0,93.0
43.704245,-79.41029,,Clear,Daylight,Dry,Fatal,Cyclist Collisions,Cyclist,55 to 59,Fatal,,0,1,1,0,0,0,0,,0,0,0,0,0,103.0,103.0
43.745445,-79.25199,,Clear,Daylight,Dry,Non-Fatal Injury,Turning Movement,Vehicle Owner,unknown,,,0,0,1,0,0,0,0,,0,0,0,0,0,157.0,127.0
43.594345,-79.53399,At Intersection,Clear,Dusk,Dry,Fatal,Pedestrian Collisions,Vehicle Owner,unknown,,,1,0,1,0,0,0,0,,0,1,0,0,0,19.0,19.0
43.779545,-79.25419,At Intersection,Clear,Daylight,Dry,Non-Fatal Injury,Pedestrian Collisions,Truck Driver,55 to 59,None,Inattentive,1,0,0,0,1,0,0,,1,1,0,0,0,142.0,137.0
43.735545,-79.44269,At Intersection,Rain,Daylight,Wet,Fatal,Pedestrian Collisions,Pedestrian,20 to 24,Fatal,,1,0,1,0,0,0,0,Yes,0,0,0,0,0,33.0,33.0
43.683645,-79.58019,,Clear,Daylight,Wet,Fatal,Approaching,Vehicle Owner,unknown,,,0,0,1,0,1,0,0,,0,0,0,0,0,1.0,1.0
43.721645,-79.57149,At Intersection,Clear,Daylight,Dry,Non-Fatal Injury,Pedestrian Collisions,Vehicle Owner,unknown,,,1,0,1,0,0,0,0,,0,0,0,0,0,1.0,1.0
43.656345,-79.38899,,Clear,Daylight,Dry,Non-Fatal Injury,Turning Movement,Driver,40 to 44,None,Normal,0,0,1,0,0,0,0,Yes,0,0,0,0,0,78.0,78.0
43.658645,-79.44279,,Clear,Daylight,Dry,Non-Fatal Injury,Turning Movement,Driver,25 to 29,Major,Normal,0,0,1,0,0,0,0,,0,1,0,0,0,171.0,93.0
43.679945,-79.43579,,Clear,Daylight,Wet,Non-Fatal Injury,Pedestrian Collisions,Driver,75 to 79,None,Normal,1,0,1,0,0,0,0,,0,0,0,0,0,94.0,94.0
43.745445,-79.25199,,Clear,Daylight,Dry,Non-Fatal Injury,Turning Movement,Driver,25 to 29,Major,Normal,0,0,1,0,0,0,0,,0,0,0,0,0,157.0,127.0
43.721645,-79.57149,At Intersection,Clear,Daylight,Dry,Non-Fatal Injury,Pedestrian Collisions,Driver,35 to 39,None,Normal,1,0,1,0,0,0,0,,0,0,0,0,0,1.0,1.0
43.683645,-79.58019,,Clear,Daylight,Wet,Fatal,Approaching,Driver,25 to 29,Fatal,Unknown,0,0,1,0,1,0,0,,0,0,0,0,0,1.0,1.0
43.779545,-79.25419,At Intersection,Clear,Daylight,Dry,Non-Fatal Injury,Pedestrian Collisions,Other,60 to 64,,,1,0,0,0,1,0,0,,1,1,0,0,0,142.0,137.0
43.599145,-79.51739,,Clear,Dark,Dry,Non-Fatal Injury,SMV Other,Driver,25 to 29,Major,Medical or Physical Disability,0,0,1,0,0,0,0,,1,1,0,0,1,18.0,18.0
43.656345,-79.38899,,Clear,Daylight,Dry,Non-Fatal Injury,Turning Movement,Vehicle Owner,unknown,,,0,0,1,0,0,0,0,Yes,0,0,0,0,0,78.0,78.0
43.594345,-79.53399,At Intersection,Clear,Dusk,Dry,Fatal,Pedestrian Collisions,Driver,55 to 59,None,Unknown,1,0,1,0,0,0,0,,0,1,0,0,0,19.0,19.0
43.658645,-79.44279,,Clear,Daylight,Dry,Non-Fatal Injury,Turning Movement,Vehicle Owner,unknown,,,0,0,1,0,0,0,0,,0,1,0,0,0,171.0,93.0
43.679945,-79.43579,,Clear,Daylight,Wet,Non-Fatal Injury,Pedestrian Collisions,Pedestrian,40 to 44,Major,,1,0,1,0,0,0,0,,0,0,0,0,0,94.0,94.0
43.779545,-79.25419,At Intersection,Clear,Daylight,Dry,Non-Fatal Injury,Pedestrian Collisions,Pedestrian,60 to 64,Major,,1,0,0,0,1,0,0,,1,1,0,0,0,142.0,137.0
43.599145,-79.51739,,Clear,Dark,Dry,Non-Fatal Injury,SMV Other,Other Property Owner,unknown,,,0,0,1,0,0,0,0,,1,1,0,0,1,18.0,18.0
43.658645,-79.44279,,Clear,Daylight,Dry,Non-Fatal Injury,Turning Movement,Driver,20 to 24,Minimal,Normal,0,0,1,0,0,0,0,,0,1,0,0,0,171.0,93.0
43.656345,-79.38899,,Clear,Daylight,Dry,Non-Fatal Injury,Turning Movement,Driver,40 to 44,None,Normal,0,0,1,0,0,0,0,Yes,0,0,0,0,0,78.0,78.0
43.594345,-79.53399,At Intersection,Clear,Dusk,Dry,Fatal,Pedestrian Collisions,Pedestrian,60 to 64,Fatal,,1,0,1,0,0,0,0,,0,1,0,0,0,19.0,19.0
43.721645,-79.57149,At Intersection,Clear,Daylight,Dry,Non-Fatal Injury,Pedestrian Collisions,Pedestrian,10 to 14,Major,,1,0,1,0,0,0,0,,0,0,0,0,0,1.0,1.0
43.774645,-79.17929,,Clear,Dark,Dry,Non-Fatal Injury,Pedestrian Collisions,Driver,15 to 19,None,"Ability Impaired, Alcohol",1,0,1,0,0,0,0,Yes,1,1,0,1,0,136.0,136.0
43.745445,-79.25199,,Clear,Daylight,Dry,Non-Fatal Injury,Turning Movement,Driver,25 to 29,Major,Normal,0,0,1,0,0,0,0,,0,0,0,0,0,157.0,127.0
43.643945,-79.40269,At Intersection,Clear,Daylight,Dry,Non-Fatal Injury,Cyclist Collisions,Driver,30 to 34,None,Normal,0,1,1,0,0,0,0,,0,0,0,0,0,164.0,77.0
43.725645,-79.29749,At Intersection,Clear,Daylight,Wet,Non-Fatal Injury,Turning Movement,Driver,45 to 49,Minor,Normal,0,0,1,0,0,0,0,,0,1,1,0,0,120.0,120.0
43.690545,-79.57729,,Clear,Dawn,Dry,Non-Fatal Injury,Pedestrian Collisions,Driver,55 to 59,None,Normal,1,0,1,0,0,0,0,,0,1,0,0,0,1.0,1.0
43.650745,-79.58149,,Clear,Dark,Dry,Non-Fatal Injury,Turning Movement,Passenger,25 to 29,Major,,0,0,1,1,0,0,0,Yes,0,1,0,0,0,11.0,11.0
43.774645,-79.17929,,Clear,Dark,Dry,Non-Fatal Injury,Pedestrian Collisions,Pedestrian,15 to 19,None,,1,0,1,0,0,0,0,Yes,1,1,0,1,0,136.0,136.0
43.737945,-79.24239,,Clear,Daylight,Dry,Fatal,Approaching,Driver,25 to 29,Minor,Normal,0,0,1,0,0,0,0,,0,1,0,0,0,138.0,138.0
43.643945,-79.40269,At Intersection,Clear,Daylight,Dry,Non-Fatal Injury,Cyclist Collisions,Cyclist,40 to 44,Major,,0,1,1,0,0,0,0,,0,0,0,0,0,164.0,77.0
43.725645,-79.29749,At Intersection,Clear,Daylight,Wet,Non-Fatal Injury,Turning Movement,Driver,50 to 54,None,Normal,0,0,1,0,0,0,0,,0,1,1,0,0,120.0,120.0
43.650745,-79.58149,,Clear,Dark,Dry,Non-Fatal Injury,Turning Movement,Motorcycle Driver,20 to 24,Minor,Normal,0,0,1,1,0,0,0,Yes,0,1,0,0,0,11.0,11.0
43.685345,-79.40789,At Intersection,Clear,Daylight,Dry,Non-Fatal Injury,Pedestrian Collisions,Driver,60 to 64,None,Normal,1,0,1,0,0,0,0,,0,1,0,0,0,96.0,96.0
43.774645,-79.17929,,Clear,Dark,Dry,Non-Fatal Injury,Pedestrian Collisions,Passenger,15 to 19,None,,1,0,1,0,0,0,0,Yes,1,1,0,1,0,136.0,136.0
43.737945,-79.24239,,Clear,Daylight,Dry,Fatal,Approaching,Driver,80 to 84,Fatal,Unknown,0,0,1,0,0,0,0,,0,1,0,0,0,138.0,138.0
43.739345,-79.51319,At Intersection,Rain,Dark,Wet,Non-Fatal Injury,SMV Other,Vehicle Owner,unknown,,,0,0,1,0,0,0,0,,0,0,0,0,1,25.0,25.0
43.725645,-79.29749,At Intersection,Clear,Daylight,Wet,Non-Fatal Injury,Turning Movement,Driver,35 to 39,Major,Normal,0,0,1,0,0,0,0,,0,1,1,0,0,120.0,120.0
43.690545,-79.57729,,Clear,Dawn,Dry,Non-Fatal Injury,Pedestrian Collisions,Pedestrian,50 to 54,Major,,1,0,1,0,0,0,0,,0,1,0,0,0,1.0,1.0
43.685345,-79.40789,At Intersection,Clear,Daylight,Dry,Non-Fatal Injury,Pedestrian Collisions,Pedestrian,35 to 39,Major,,1,0,1,0,0,0,0,,0,1,0,0,0,96.0,96.0
43.774645,-79.17929,,Clear,Dark,Dry,Non-Fatal Injury,Pedestrian Collisions,Pedestrian,40 to 44,Major,,1,0,1,0,0,0,0,Yes,1,1,0,1,0,136.0,136.0
43.691845,-79.46579,,Clear,Daylight,Dry,Non-Fatal Injury,Pedestrian Collisions,Driver,50 to 54,None,Inattentive,1,0,1,0,0,0,0,,0,0,0,0,0,110.0,110.0
43.739345,-79.51319,At Intersection,Rain,Dark,Wet,Non-Fatal Injury,SMV Other,Driver,60 to 64,Major,Medical or Physical Disability,0,0,1,0,0,0,0,,0,0,0,0,1,25.0,25.0
43.650745,-79.58149,,Clear,Dark,Dry,Non-Fatal Injury,Turning Movement,Driver,20 to 24,None,Normal,0,0,1,1,0,0,0,Yes,0,1,0,0,0,11.0,11.0
43.780945,-79.30899,,Clear,Dark,Dry,Non-Fatal Injury,Pedestrian Collisions,Driver,unknown,None,Unknown,1,0,1,0,0,0,0,,0,0,0,0,0,118.0,118.0
43.690045,-79.58279,,Clear,Dark,Dry,Fatal,SMV Other,Vehicle Owner,unknown,,,0,0,0,0,1,0,0,,1,1,0,0,0,1.0,1.0
43.664645,-79.377589,,Clear,Dark,Dry,Non-Fatal Injury,Turning Movement,Motorcycle Driver,45 to 49,Major,Normal,0,0,1,1,0,0,0,,0,1,0,0,0,71.0,71.0
43.644045,-79.37579,At Intersection,Clear,Dark,Dry,Non-Fatal Injury,Pedestrian Collisions,Passenger,15 to 19,Minor,,1,0,1,0,0,0,0,Yes,0,1,0,1,0,166.0,77.0
43.668745,-79.39409,At Intersection,Clear,Daylight,Dry,Non-Fatal Injury,Cyclist Collisions,Driver,35 to 39,None,Normal,0,1,1,0,0,0,0,,0,0,0,0,0,95.0,95.0
43.668745,-79.39409,At Intersection,Clear,Daylight,Dry,Non-Fatal Injury,Cyclist Collisions,Cyclist,20 to 24,Major,,0,1,1,0,0,0,0,,0,0,0,0,0,95.0,95.0
43.691845,-79.46579,,Clear,Daylight,Dry,Non-Fatal Injury,Pedestrian Collisions,Pedestrian,25 to 29,Major,,1,0,1,0,0,0,0,,0,0,0,0,0,110.0,110.0
43.780945,-79.30899,,Clear,Dark,Dry,Non-Fatal Injury,Pedestrian Collisions,Pedestrian,60 to 64,Major,,1,0,1,0,0,0,0,,0,0,0,0,0,118.0,118.0
43.690045,-79.58279,,Clear,Dark,Dry,Fatal,SMV Other,Truck Driver,20 to 24,Fatal,Normal,0,0,0,0,1,0,0,,1,1,0,0,0,1.0,1.0
43.644845,-79.39479,,Clear,Dark,Dry,Non-Fatal Injury,SMV Other,Motorcycle Passenger,20 to 24,Minimal,,0,0,0,1,0,0,0,Yes,0,0,0,0,0,164.0,77.0
43.676645,-79.50229,,Clear,Dark,Dry,Non-Fatal Injury,Other,Motorcycle Driver,25 to 29,Major,Unknown,0,0,0,1,0,0,0,,0,0,0,0,0,111.0,111.0
43.664645,-79.377589,,Clear,Dark,Dry,Non-Fatal Injury,Turning Movement,Vehicle Owner,unknown,,,0,0,1,1,0,0,0,,0,1,0,0,0,71.0,71.0
43.821245,-79.29879,,Clear,Daylight,Dry,Non-Fatal Injury,Pedestrian Collisions,Pedestrian,15 to 19,Major,,1,0,0,0,0,0,0,,0,0,0,0,0,130.0,130.0
43.644045,-79.37579,At Intersection,Clear,Dark,Dry,Non-Fatal Injury,Pedestrian Collisions,Driver,20 to 24,Minor,Normal,1,0,1,0,0,0,0,Yes,0,1,0,1,0,166.0,77.0
43.636945,-79.44689,,Clear,Dark,Dry,Non-Fatal Injury,Pedestrian Collisions,Vehicle Owner,unknown,,,1,0,1,0,0,0,0,,0,0,0,0,0,85.0,85.0
43.644045,-79.37579,At Intersection,Clear,Dark,Dry,Non-Fatal Injury,Pedestrian Collisions,Vehicle Owner,unknown,,,1,0,1,0,0,0,0,Yes,0,1,0,1,0,166.0,77.0
43.699845,-79.53429,At Intersection,Clear,Dark,Dry,Non-Fatal Injury,SMV Other,Driver,20 to 24,Major,Fatigue,0,0,1,0,0,0,0,,0,1,0,0,0,6.0,6.0
43.646445,-79.50729,,Clear,Daylight,Dry,Non-Fatal Injury,Pedestrian Collisions,Vehicle Owner,unknown,,,1,0,0,0,1,0,0,,0,1,0,0,0,16.0,16.0
43.601645,-79.54519,At Intersection,Clear,Daylight,Dry,Non-Fatal Injury,Angle,Passenger,75 to 79,Minor,,0,0,1,0,0,0,0,Yes,0,1,1,0,0,20.0,20.0
43.644845,-79.39479,,Clear,Dark,Dry,Non-Fatal Injury,SMV Other,Motorcycle Driver,20 to 24,Major,Normal,0,0,0,1,0,0,0,Yes,0,0,0,0,0,164.0,77.0
43.664645,-79.377589,,Clear,Dark,Dry,Non-Fatal Injury,Turning Movement,Driver,65 to 69,None,Inattentive,0,0,1,1,0,0,0,,0,1,0,0,0,71.0,71.0
43.636945,-79.44689,,Clear,Dark,Dry,Non-Fatal Injury,Pedestrian Collisions,Driver,20 to 24,Minor,Unknown,1,0,1,0,0,0,0,,0,0,0,0,0,85.0,85.0
43.699845,-79.53429,At Intersection,Clear,Dark,Dry,Non-Fatal Injury,SMV Other,Other Property Owner,unknown,,,0,0,1,0,0,0,0,,0,1,0,0,0,6.0,6.0
43.673845,-79.42239,At Intersection,Clear,Daylight,Dry,Non-Fatal Injury,Cyclist Collisions,Driver,25 to 29,None,Inattentive,0,1,1,0,0,0,0,,0,1,0,0,0,94.0,94.0
43.644045,-79.37579,At Intersection,Clear,Dark,Dry,Non-Fatal Injury,Pedestrian Collisions,Driver,15 to 19,None,"Ability Impaired, Alcohol Over .08",1,0,1,0,0,0,0,Yes,0,1,0,1,0,166.0,77.0
43.646445,-79.50729,,Clear,Daylight,Dry,Non-Fatal Injury,Pedestrian Collisions,Truck Driver,35 to 39,None,Normal,1,0,0,0,1,0,0,,0,1,0,0,0,16.0,16.0
43.766045,-79.45899,,Clear,Dark,Dry,Non-Fatal Injury,Approaching,Driver,50 to 54,None,"Ability Impaired, Alcohol Over .08",0,0,1,0,0,0,0,Yes,0,1,0,1,0,34.0,34.0
43.646445,-79.50729,,Clear,Daylight,Dry,Non-Fatal Injury,Pedestrian Collisions,Pedestrian,60 to 64,Major,,1,0,0,0,1,0,0,,0,1,0,0,0,16.0,16.0
43.673845,-79.42239,At Intersection,Clear,Daylight,Dry,Non-Fatal Injury,Cyclist Collisions,Cyclist,35 to 39,Major,,0,1,1,0,0,0,0,,0,1,0,0,0,94.0,94.0
43.699845,-79.53429,At Intersection,Clear,Dark,Dry,Non-Fatal Injury,SMV Other,Other Property Owner,unknown,,,0,0,1,0,0,0,0,,0,1,0,0,0,6.0,6.0
43.644045,-79.37579,At Intersection,Clear,Dark,Dry,Non-Fatal Injury,Pedestrian Collisions,Pedestrian,25 to 29,Major,,1,0,1,0,0,0,0,Yes,0,1,0,1,0,166.0,77.0
43.601645,-79.54519,At Intersection,Clear,Daylight,Dry,Non-Fatal Injury,Angle,Driver,50 to 54,Minor,Normal,0,0,1,0,0,0,0,Yes,0,1,1,0,0,20.0,20.0
43.636945,-79.44689,,Clear,Dark,Dry,Non-Fatal Injury,Pedestrian Collisions,Other,30 to 34,None,,1,0,1,0,0,0,0,,0,0,0,0,0,85.0,85.0
43.709345,-79.46609,At Intersection,Clear,Daylight,Dry,Non-Fatal Injury,Turning Movement,Vehicle Owner,unknown,,,0,0,1,1,0,0,0,,0,1,0,0,0,31.0,31.0
43.649945,-79.48179,At Intersection,Clear,Dark,Dry,Non-Fatal Injury,SMV Other,Passenger,70 to 74,None,,0,0,1,0,0,0,0,Yes,0,0,0,0,1,89.0,89.0
43.601645,-79.54519,At Intersection,Clear,Daylight,Dry,Non-Fatal Injury,Angle,Passenger,85 to 89,Minor,,0,0,1,0,0,0,0,Yes,0,1,1,0,0,20.0,20.0
43.766045,-79.45899,,Clear,Dark,Dry,Non-Fatal Injury,Approaching,Passenger,25 to 29,Major,,0,0,1,0,0,0,0,Yes,0,1,0,1,0,34.0,34.0
43.618545,-79.48669,,Clear,Daylight,Dry,Non-Fatal Injury,Cyclist Collisions,Driver,20 to 24,None,Unknown,0,1,1,0,0,0,0,,0,1,0,0,0,160.0,17.0
43.709345,-79.46609,At Intersection,Clear,Daylight,Dry,Non-Fatal Injury,Turning Movement,Motorcycle Driver,35 to 39,Major,Normal,0,0,1,1,0,0,0,,0,1,0,0,0,31.0,31.0
43.636945,-79.44689,,Clear,Dark,Dry,Non-Fatal Injury,Pedestrian Collisions,Vehicle Owner,unknown,,,1,0,1,0,0,0,0,,0,0,0,0,0,85.0,85.0
43.618545,-79.48669,,Clear,Daylight,Dry,Non-Fatal Injury,Cyclist Collisions,Cyclist,25 to 29,Major,,0,1,1,0,0,0,0,,0,1,0,0,0,160.0,17.0
43.709345,-79.46609,At Intersection,Clear,Daylight,Dry,Non-Fatal Injury,Turning Movement,Driver,35 to 39,None,Normal,0,0,1,1,0,0,0,,0,1,0,0,0,31.0,31.0
43.766045,-79.45899,,Clear,Dark,Dry,Non-Fatal Injury,Approaching,Driver,25 to 29,Minor,Normal,0,0,1,0,0,0,0,Yes,0,1,0,1,0,34.0,34.0
43.601645,-79.54519,At Intersection,Clear,Daylight,Dry,Non-Fatal Injury,Angle,Driver,50 to 54,Minimal,Normal,0,0,1,0,0,0,0,Yes,0,1,1,0,0,20.0,20.0
43.649945,-79.48179,At Intersection,Clear,Dark,Dry,Non-Fatal Injury,SMV Other,Driver,75 to 79,Major,Medical or Physical Disability,0,0,1,0,0,0,0,Yes,0,0,0,0,1,89.0,89.0
43.636945,-79.44689,,Clear,Dark,Dry,Non-Fatal Injury,Pedestrian Collisions,Pedestrian,25 to 29,Minor,,1,0,1,0,0,0,0,,0,0,0,0,0,85.0,85.0
43.635545,-79.51369,,Clear,Daylight,Dry,Non-Fatal Injury,Cyclist Collisions,Cyclist,20 to 24,Major,,0,1,0,0,0,0,0,,0,0,0,0,0,16.0,16.0
43.788445,-79.46399,,Clear,Dark,Dry,Fatal,Approaching,Vehicle Owner,unknown,,,0,0,1,0,1,0,0,Yes,1,1,0,0,0,35.0,35.0
43.747545,-79.28479,At Intersection,Rain,Dark,Wet,Non-Fatal Injury,Pedestrian Collisions,Passenger,20 to 24,Minimal,,1,0,1,0,0,0,0,Yes,1,1,0,0,0,126.0,126.0
43.694145,-79.32799,At Intersection,Clear,Dark,Dry,Non-Fatal Injury,Cyclist Collisions,Driver,25 to 29,None,Normal,0,1,1,0,0,0,0,,0,0,0,0,0,59.0,58.0
43.636945,-79.44689,,Clear,Dark,Dry,Non-Fatal Injury,Pedestrian Collisions,Pedestrian,25 to 29,Major,,1,0,1,0,0,0,0,,0,0,0,0,0,85.0,85.0
43.696639,-79.396304,,Clear,Daylight,Dry,Non-Fatal Injury,Approaching,Driver,45 to 49,None,Normal,0,0,1,0,0,0,0,,0,0,0,0,1,174.0,104.0
43.635545,-79.51369,,Clear,Daylight,Dry,Non-Fatal Injury,Cyclist Collisions,Other,unknown,None,,0,1,0,0,0,0,0,,0,0,0,0,0,16.0,16.0
43.788445,-79.46399,,Clear,Dark,Dry,Fatal,Approaching,Truck Driver,25 to 29,None,Normal,0,0,1,0,1,0,0,Yes,1,1,0,0,0,35.0,35.0
43.747545,-79.28479,At Intersection,Rain,Dark,Wet,Non-Fatal Injury,Pedestrian Collisions,Vehicle Owner,unknown,,,1,0,1,0,0,0,0,Yes,1,1,0,0,0,126.0,126.0
43.696639,-79.396304,,Clear,Daylight,Dry,Non-Fatal Injury,Approaching,Vehicle Owner,unknown,,,0,0,1,0,0,0,0,,0,0,0,0,1,174.0,104.0
43.694145,-79.32799,At Intersection,Clear,Dark,Dry,Non-Fatal Injury,Cyclist Collisions,Cyclist,25 to 29,Major,,0,1,1,0,0,0,0,,0,0,0,0,0,59.0,58.0
43.788445,-79.46399,,Clear,Dark,Dry,Fatal,Approaching,Passenger,20 to 24,Minor,,0,0,1,0,1,0,0,Yes,1,1,0,0,0,35.0,35.0
43.601645,-79.54519,At Intersection,Clear,Daylight,Dry,Non-Fatal Injury,Angle,Passenger,35 to 39,Minimal,,0,0,1,0,0,0,0,Yes,0,1,1,0,0,20.0,20.0
43.696639,-79.396304,,Clear,Daylight,Dry,Non-Fatal Injury,Approaching,Driver,45 to 49,Major,Medical or Physical Disability,0,0,1,0,0,0,0,,0,0,0,0,1,174.0,104.0
43.781545,-79.49449,At Intersection,Clear,Daylight,Dry,Non-Fatal Injury,Pedestrian Collisions,Vehicle Owner,unknown,,,1,0,1,0,0,0,0,,0,1,0,0,0,27.0,27.0
43.788445,-79.46399,,Clear,Dark,Dry,Fatal,Approaching,Driver,55 to 59,Minor,Normal,0,0,1,0,1,0,0,Yes,1,1,0,0,0,35.0,35.0
43.693645,-79.27729,At Intersection,Clear,Daylight,Dry,Non-Fatal Injury,Rear End,Passenger,35 to 39,Minor,,0,0,1,0,0,0,0,Yes,0,1,0,0,1,121.0,121.0
43.601645,-79.54519,At Intersection,Clear,Daylight,Dry,Non-Fatal Injury,Angle,Driver,40 to 44,Major,Normal,0,0,1,0,0,0,0,Yes,0,1,1,0,0,20.0,20.0
43.696645,-79.39629,,Clear,Daylight,Dry,Non-Fatal Injury,Approaching,Driver,50 to 54,None,,0,0,1,0,0,0,0,,0,0,0,0,0,174.0,104.0
43.781545,-79.49449,At Intersection,Clear,Daylight,Dry,Non-Fatal Injury,Pedestrian Collisions,Driver,40 to 44,None,Normal,1,0,1,0,0,0,0,,0,1,0,0,0,27.0,27.0
43.788445,-79.46399,,Clear,Dark,Dry,Fatal,Approaching,Vehicle Owner,unknown,,,0,0,1,0,1,0,0,Yes,1,1,0,0,0,35.0,35.0
43.696645,-79.39629,,Clear,Daylight,Dry,Non-Fatal Injury,Approaching,Driver,45 to 49,Major,,0,0,1,0,0,0,0,,0,0,0,0,0,174.0,104.0
43.747545,-79.28479,At Intersection,Rain,Dark,Wet,Non-Fatal Injury,Pedestrian Collisions,Driver,20 to 24,None,Unknown,1,0,1,0,0,0,0,Yes,1,1,0,0,0,126.0,126.0
43.693645,-79.27729,At Intersection,Clear,Daylight,Dry,Non-Fatal Injury,Rear End,Driver,50 to 54,Minor,Normal,0,0,1,0,0,0,0,Yes,0,1,0,0,1,121.0,121.0
43.788445,-79.46399,,Clear,Dark,Dry,Fatal,Approaching,Driver,30 to 34,Fatal,Unknown,0,0,1,0,1,0,0,Yes,1,1,0,0,0,35.0,35.0
43.648345,-79.38179,At Intersection,Clear,Daylight,Dry,Non-Fatal Injury,Cyclist Collisions,Passenger,40 to 44,None,,0,1,1,0,0,0,0,Yes,0,0,0,0,0,170.0,76.0
43.781545,-79.49449,At Intersection,Clear,Daylight,Dry,Non-Fatal Injury,Pedestrian Collisions,Pedestrian,25 to 29,Major,,1,0,1,0,0,0,0,,0,1,0,0,0,27.0,27.0
43.747545,-79.28479,At Intersection,Rain,Dark,Wet,Non-Fatal Injury,Pedestrian Collisions,Pedestrian,40 to 44,Major,,1,0,1,0,0,0,0,Yes,1,1,0,0,0,126.0,126.0
43.693645,-79.27729,At Intersection,Clear,Daylight,Dry,Non-Fatal Injury,Rear End,Passenger,15 to 19,Minor,,0,0,1,0,0,0,0,Yes,0,1,0,0,1,121.0,121.0
43.788445,-79.46399,,Clear,Dark,Dry,Fatal,Approaching,Vehicle Owner,unknown,,,0,0,1,0,1,0,0,Yes,1,1,0,0,0,35.0,35.0
43.648345,-79.38179,At Intersection,Clear,Daylight,Dry,Non-Fatal Injury,Cyclist Collisions,Vehicle Owner,unknown,,,0,1,1,0,0,0,0,Yes,0,0,0,0,0,170.0,76.0
43.711445,-79.35849,At Intersection,Clear,Dark,Dry,Non-Fatal Injury,Pedestrian Collisions,Pedestrian,65 to 69,Major,,1,0,0,0,0,0,0,,0,0,0,0,0,55.0,55.0
43.726145,-79.31829,At Intersection,Rain,Dark,Wet,Fatal,Pedestrian Collisions,Driver,60 to 64,None,Normal,1,0,1,0,0,0,0,,0,0,0,0,0,43.0,43.0
43.655145,-79.41899,,Clear,Daylight,Dry,Non-Fatal Injury,Cyclist Collisions,Vehicle Owner,unknown,,,0,1,1,0,0,0,0,,0,0,0,0,0,81.0,81.0
43.694745,-79.51949,,Clear,Dark,Dry,Fatal,SMV Other,Driver,25 to 29,Fatal,Unknown,0,0,1,0,0,0,0,,1,1,0,0,0,8.0,8.0
43.726145,-79.31829,At Intersection,Rain,Dark,Wet,Fatal,Pedestrian Collisions,Pedestrian,75 to 79,Fatal,,1,0,1,0,0,0,0,,0,0,0,0,0,43.0,43.0
43.655145,-79.41899,,Clear,Daylight,Dry,Non-Fatal Injury,Cyclist Collisions,Driver,60 to 64,None,Normal,0,1,1,0,0,0,0,,0,0,0,0,0,81.0,81.0
43.727845,-79.40289,At Intersection,"Fog, Mist, Smoke, Dust",Dark,Wet,Non-Fatal Injury,Pedestrian Collisions,Driver,unknown,None,Unknown,1,0,1,0,0,0,0,,0,0,0,0,0,105.0,105.0