LATITUDE,LONGITUDE,ACCLOC,VISIBILITY,LIGHT,RDSFCOND,ACCLASS,IMPACTYPE,INVTYPE,INVAGE,INJURY,DRIVCOND,PEDESTRIAN,CYCLIST,AUTOMOBILE,MOTORCYCLE,TRUCK,TRSN_CITY_VEH,EMERG_VEH,PASSENGER,SPEEDING,AG_DRIV,REDLIGHT,ALCOHOL,DISABILITY,HOOD_158,HOOD_140
43.655745,-79.38379,At Intersection,Clear,Dark,Dry,Non-Fatal Injury,Pedestrian Collisions,Pedestrian,20 to 24,Major,,1,0,1,0,0,0,0,Yes,1,1,0,0,0,170.0,76.0
43.639945,-79.38019,,Clear,Daylight,Dry,Non-Fatal Injury,Pedestrian Collisions,Pedestrian,0 to 4,Major,,1,0,1,0,0,0,0,,0,1,0,0,0,166.0,77.0
43.806645,-79.25519,At Intersection,Clear,Daylight,Wet,Non-Fatal Injury,Angle,Driver,35 to 39,Minor,Normal,0,0,1,0,0,0,0,Yes,0,0,0,0,0,129.0,129.0
43.690245,-79.48349,At Intersection,Clear,Daylight,Dry,Non-Fatal Injury,Rear End,Driver,65 to 69,None,Normal,0,0,1,0,0,0,0,,0,1,0,0,0,112.0,112.0
43.694745,-79.50639,,Clear,Dark,Dry,Non-Fatal Injury,Pedestrian Collisions,Wheelchair,40 to 44,Major,,1,0,1,0,0,0,0,,0,1,0,0,0,113.0,113.0
43.671345,-79.29349,At Intersection,Clear,Daylight,Dry,Non-Fatal Injury,Turning Movement,Vehicle Owner,unknown,,,0,0,1,1,0,0,0,,0,1,0,0,0,63.0,63.0
43.768145,-79.46959,,Clear,Daylight,Dry,Non-Fatal Injury,Turning Movement,Driver,25 to 29,None,Normal,0,0,1,1,0,0,0,,0,1,0,0,0,27.0,27.0
43.688245,-79.56939,,Clear,Dark,Dry,Non-Fatal Injury,Pedestrian Collisions,Driver,50 to 54,None,Normal,1,0,1,0,0,0,0,,0,1,1,0,0,7.0,7.0
43.736845,-79.43669,,Clear,Dark,Wet,Non-Fatal Injury,Pedestrian Collisions,Driver,35 to 39,None,"Ability Impaired, Alcohol Over .08",1,0,1,0,0,0,0,,0,1,0,1,0,33.0,33.0
43.767745,-79.38309,At Intersection,Clear,Daylight,Dry,Fatal,Pedestrian Collisions,Driver,50 to 54,None,Inattentive,1,0,1,0,0,0,0,,0,1,0,0,0,52.0,52.0
43.736845,-79.43669,,Clear,Dark,Wet,Non-Fatal Injury,Pedestrian Collisions,Pedestrian,30 to 34,Major,,1,0,1,0,0,0,0,,0,1,0,1,0,33.0,33.0
43.682745,-79.46329,,Rain,Daylight,Wet,Non-Fatal Injury,Cyclist Collisions,Driver,25 to 29,None,Inattentive,0,1,1,0,0,0,0,,0,0,0,0,0,110.0,110.0
43.671345,-79.29349,At Intersection,Clear,Daylight,Dry,Non-Fatal Injury,Turning Movement,Driver,65 to 69,None,Inattentive,0,0,1,1,0,0,0,,0,1,0,0,0,63.0,63.0
43.690245,-79.48349,At Intersection,Clear,Daylight,Dry,Non-Fatal Injury,Rear End,Vehicle Owner,unknown,,,0,0,1,0,0,0,0,,0,1,0,0,0,112.0,112.0
43.724745,-79.30259,,Clear,Dark,Dry,Non-Fatal Injury,Angle,Driver,50 to 54,Minimal,Normal,0,0,1,0,0,0,0,,0,1,1,0,0,119.0,119.0
43.767745,-79.38309,At Intersection,Clear,Daylight,Dry,Fatal,Pedestrian Collisions,Pedestrian,65 to 69,Fatal,,1,0,1,0,0,0,0,,0,1,0,0,0,52.0,52.0
43.711145,-79.39119,At Intersection,Clear,Daylight,Dry,Non-Fatal Injury,SMV Other,Driver,80 to 84,Major,Medical or Physical Disability,0,0,1,0,0,0,0,,0,0,0,0,1,99.0,99.0
43.688245,-79.56939,,Clear,Dark,Dry,Non-Fatal Injury,Pedestrian Collisions,Pedestrian,85 to 89,Major,,1,0,1,0,0,0,0,,0,1,1,0,0,7.0,7.0
43.690245,-79.48349,At Intersection,Clear,Daylight,Dry,Non-Fatal Injury,Rear End,Driver,20 to 24,Major,Inattentive,0,0,1,0,0,0,0,,0,1,0,0,0,112.0,112.0
43.755845,-79.34699,At Intersection,Snow,Dark,Loose Snow,Non-Fatal Injury,Approaching,Driver,85 to 89,Major,Medical or Physical Disability,0,0,1,0,0,0,0,,0,0,0,0,1,40.0,40.0
43.724745,-79.30259,,Clear,Dark,Dry,Non-Fatal Injury,Angle,Driver,25 to 29,Major,Normal,0,0,1,0,0,0,0,,0,1,1,0,0,119.0,119.0
43.693445,-79.46029,,Snow,Daylight,Slush,Non-Fatal Injury,Pedestrian Collisions,Vehicle Owner,unknown,,,1,0,0,0,0,1,0,,0,0,0,0,0,109.0,109.0
43.682745,-79.46329,,Rain,Daylight,Wet,Non-Fatal Injury,Cyclist Collisions,Cyclist,50 to 54,Major,,0,1,1,0,0,0,0,,0,0,0,0,0,110.0,110.0
43.671345,-79.29349,At Intersection,Clear,Daylight,Dry,Non-Fatal Injury,Turning Movement,Other,unknown,None,,0,0,1,1,0,0,0,,0,1,0,0,0,63.0,63.0
43.693445,-79.46029,,Snow,Daylight,Slush,Non-Fatal Injury,Pedestrian Collisions,Driver,50 to 54,None,Normal,1,0,0,0,0,1,0,,0,0,0,0,0,109.0,109.0
43.755845,-79.34699,At Intersection,Snow,Dark,Loose Snow,Non-Fatal Injury,Approaching,Driver,35 to 39,Minimal,Normal,0,0,1,0,0,0,0,,0,0,0,0,1,40.0,40.0
43.666345,-79.31659,At Intersection,Clear,Daylight,Dry,Non-Fatal Injury,Turning Movement,Vehicle Owner,unknown,,,0,0,1,0,0,0,0,,0,0,0,0,1,65.0,65.0
43.644645,-79.37469,,Clear,Daylight,Dry,Non-Fatal Injury,Rear End,Vehicle Owner,unknown,,,0,0,1,0,0,0,0,,0,1,0,0,0,166.0,77.0
43.671345,-79.29349,At Intersection,Clear,Daylight,Dry,Non-Fatal Injury,Turning Movement,Motorcycle Driver,55 to 59,Major,Normal,0,0,1,1,0,0,0,,0,1,0,0,0,63.0,63.0
43.765745,-79.28109,At Intersection,Clear,Dark,Dry,Non-Fatal Injury,Angle,Passenger,20 to 24,Major,,0,0,1,0,0,0,0,Yes,0,1,1,0,0,126.0,126.0
43.693445,-79.46029,,Snow,Daylight,Slush,Non-Fatal Injury,Pedestrian Collisions,Pedestrian,55 to 59,Major,,1,0,0,0,0,1,0,,0,0,0,0,0,109.0,109.0
43.666345,-79.31659,At Intersection,Clear,Daylight,Dry,Non-Fatal Injury,Turning Movement,Driver,35 to 39,None,Normal,0,0,1,0,0,0,0,,0,0,0,0,1,65.0,65.0
43.644645,-79.37469,,Clear,Daylight,Dry,Non-Fatal Injury,Rear End,Driver,25 to 29,Major,Normal,0,0,1,0,0,0,0,,0,1,0,0,0,166.0,77.0
43.651845,-79.37519,At Intersection,Clear,Dark,Dry,Non-Fatal Injury,Pedestrian Collisions,Vehicle Owner,unknown,,,1,0,1,0,0,0,0,Yes,0,1,0,0,0,168.0,75.0
43.765745,-79.28109,At Intersection,Clear,Dark,Dry,Non-Fatal Injury,Angle,Vehicle Owner,unknown,,,0,0,1,0,0,0,0,Yes,0,1,1,0,0,126.0,126.0
43.656445,-79.40769,,Clear,Daylight,Slush,Non-Fatal Injury,Rear End,Passenger,unknown,Minimal,,0,0,1,0,0,0,0,Yes,0,1,0,0,0,78.0,78.0
43.711145,-79.24819,,Clear,Dark,Dry,Non-Fatal Injury,Pedestrian Collisions,Driver,40 to 44,None,Normal,1,0,1,0,0,0,0,,0,0,0,0,0,123.0,123.0
43.644645,-79.37469,,Clear,Daylight,Dry,Non-Fatal Injury,Rear End,Driver,55 to 59,None,Normal,0,0,1,0,0,0,0,,0,1,0,0,0,166.0,77.0
43.651845,-79.37519,At Intersection,Clear,Dark,Dry,Non-Fatal Injury,Pedestrian Collisions,Driver,55 to 59,None,Normal,1,0,1,0,0,0,0,Yes,0,1,0,0,0,168.0,75.0
43.765745,-79.28109,At Intersection,Clear,Dark,Dry,Non-Fatal Injury,Angle,Driver,30 to 34,Major,Normal,0,0,1,0,0,0,0,Yes,0,1,1,0,0,126.0,126.0
43.606045,-79.54709,At Intersection,Clear,Daylight,Dry,Non-Fatal Injury,Pedestrian Collisions,Vehicle Owner,unknown,,,1,0,1,0,0,0,0,,0,0,0,0,0,20.0,20.0
43.656445,-79.40769,,Clear,Daylight,Slush,Non-Fatal Injury,Rear End,Driver,45 to 49,Major,Normal,0,0,1,0,0,0,0,Yes,0,1,0,0,0,78.0,78.0
43.711145,-79.24819,,Clear,Dark,Dry,Non-Fatal Injury,Pedestrian Collisions,Pedestrian,15 to 19,Major,,1,0,1,0,0,0,0,,0,0,0,0,0,123.0,123.0
43.644645,-79.37469,,Clear,Daylight,Dry,Non-Fatal Injury,Rear End,Driver,60 to 64,None,Had Been Drinking,0,0,1,0,0,0,0,,0,1,0,0,0,166.0,77.0
43.651845,-79.37519,At Intersection,Clear,Dark,Dry,Non-Fatal Injury,Pedestrian Collisions,Vehicle Owner,unknown,,,1,0,1,0,0,0,0,Yes,0,1,0,0,0,168.0,75.0
43.606045,-79.54709,At Intersection,Clear,Daylight,Dry,Non-Fatal Injury,Pedestrian Collisions,Driver,40 to 44,None,Normal,1,0,1,0,0,0,0,,0,0,0,0,0,20.0,20.0
43.765745,-79.28109,At Intersection,Clear,Dark,Dry,Non-Fatal Injury,Angle,Driver,20 to 24,Minimal,Inattentive,0,0,1,0,0,0,0,Yes,0,1,1,0,0,126.0,126.0
43.656445,-79.40769,,Clear,Daylight,Slush,Non-Fatal Injury,Rear End,Driver,25 to 29,None,Normal,0,0,1,0,0,0,0,Yes,0,1,0,0,0,78.0,78.0
43.648638,-79.380267,At Intersection,Clear,"Dark, artificial",Dry,Non-Fatal Injury,Pedestrian Collisions,Vehicle Owner,unknown,,,1,0,0,0,0,1,0,,0,0,0,0,0,170.0,76.0
43.713745,-79.45619,,Clear,Daylight,Other,Non-Fatal Injury,Pedestrian Collisions,Vehicle Owner,unknown,,,1,0,1,0,0,0,0,,0,0,0,0,0,31.0,31.0
43.651845,-79.37519,At Intersection,Clear,Dark,Dry,Non-Fatal Injury,Pedestrian Collisions,Passenger,20 to 24,Minimal,,1,0,1,0,0,0,0,Yes,0,1,0,0,0,168.0,75.0
43.606045,-79.54709,At Intersection,Clear,Daylight,Dry,Non-Fatal Injury,Pedestrian Collisions,Pedestrian,10 to 14,Minimal,,1,0,1,0,0,0,0,,0,0,0,0,0,20.0,20.0
43.666345,-79.31659,At Intersection,Clear,Daylight,Dry,Non-Fatal Injury,Turning Movement,Driver,45 to 49,None,Normal,0,0,1,0,0,0,0,,0,0,0,0,1,65.0,65.0
43.713745,-79.45619,,Clear,Daylight,Other,Non-Fatal Injury,Pedestrian Collisions,Driver,30 to 34,None,Normal,1,0,1,0,0,0,0,,0,0,0,0,0,31.0,31.0
43.648638,-79.380267,At Intersection,Clear,"Dark, artificial",Dry,Non-Fatal Injury,Pedestrian Collisions,Driver,60 to 64,None,Inattentive,1,0,0,0,0,1,0,,0,0,0,0,0,170.0,76.0
43.666345,-79.31659,At Intersection,Clear,Daylight,Dry,Non-Fatal Injury,Turning Movement,Vehicle Owner,unknown,,,0,0,1,0,0,0,0,,0,0,0,0,1,65.0,65.0
43.796614,-79.426364,,Clear,Daylight,Slush,Non-Fatal Injury,Pedestrian Collisions,Vehicle Owner,unknown,,,1,0,1,0,0,0,0,,0,0,0,0,0,36.0,36.0
43.713745,-79.45619,,Clear,Daylight,Other,Non-Fatal Injury,Pedestrian Collisions,Pedestrian,70 to 74,Major,,1,0,1,0,0,0,0,,0,0,0,0,0,31.0,31.0
43.606045,-79.54709,At Intersection,Clear,Daylight,Dry,Non-Fatal Injury,Pedestrian Collisions,Pedestrian,40 to 44,Major,,1,0,1,0,0,0,0,,0,0,0,0,0,20.0,20.0
43.614345,-79.55519,,Clear,Dark,Dry,Non-Fatal Injury,Turning Movement,Driver,20 to 24,None,Inattentive,0,0,1,1,0,0,0,,1,1,0,0,0,159.0,14.0
43.651845,-79.37519,At Intersection,Clear,Dark,Dry,Non-Fatal Injury,Pedestrian Collisions,Driver,25 to 29,None,Normal,1,0,1,0,0,0,0,Yes,0,1,0,0,0,168.0,75.0
43.648638,-79.380267,At Intersection,Clear,"Dark, artificial",Dry,Non-Fatal Injury,Pedestrian Collisions,Pedestrian,30 to 34,Major,,1,0,0,0,0,1,0,,0,0,0,0,0,170.0,76.0
43.796614,-79.426364,,Clear,Daylight,Slush,Non-Fatal Injury,Pedestrian Collisions,Driver,20 to 24,None,Normal,1,0,1,0,0,0,0,,0,0,0,0,0,36.0,36.0
43.752145,-79.40809,,Clear,Dark,Dry,Non-Fatal Injury,Pedestrian Collisions,Vehicle Owner,unknown,,,1,0,0,0,0,1,0,,0,0,0,0,0,40.0,40.0
43.662845,-79.33219,,Clear,Daylight,Dry,Non-Fatal Injury,Pedestrian Collisions,Driver,50 to 54,None,Unknown,1,0,1,0,0,0,0,,0,0,0,0,0,70.0,70.0
43.796614,-79.426364,,Clear,Daylight,Slush,Non-Fatal Injury,Pedestrian Collisions,Pedestrian,70 to 74,Minor,,1,0,1,0,0,0,0,,0,0,0,0,0,36.0,36.0
43.719145,-79.60349,At Intersection,Clear,Dark,Dry,Non-Fatal Injury,Pedestrian Collisions,Driver,80 to 84,None,Normal,1,0,1,0,0,0,0,,0,0,0,0,0,1.0,1.0
43.651845,-79.37519,At Intersection,Clear,Dark,Dry,Non-Fatal Injury,Pedestrian Collisions,Pedestrian,20 to 24,Major,,1,0,1,0,0,0,0,Yes,0,1,0,0,0,168.0,75.0
43.614345,-79.55519,,Clear,Dark,Dry,Non-Fatal Injury,Turning Movement,Motorcycle Driver,25 to 29,Major,Inattentive,0,0,1,1,0,0,0,,1,1,0,0,0,159.0,14.0
43.666345,-79.31659,At Intersection,Clear,Daylight,Dry,Non-Fatal Injury,Turning Movement,Driver,35 to 39,Major,Medical or Physical Disability,0,0,1,0,0,0,0,,0,0,0,0,1,65.0,65.0
43.752145,-79.40809,,Clear,Dark,Dry,Non-Fatal Injury,Pedestrian Collisions,Driver,unknown,None,Unknown,1,0,0,0,0,1,0,,0,0,0,0,0,40.0,40.0
43.796614,-79.426364,,Clear,Daylight,Slush,Non-Fatal Injury,Pedestrian Collisions,Pedestrian,70 to 74,Major,,1,0,1,0,0,0,0,,0,0,0,0,0,36.0,36.0
43.662845,-79.33219,,Clear,Daylight,Dry,Non-Fatal Injury,Pedestrian Collisions,Pedestrian,55 to 59,Major,,1,0,1,0,0,0,0,,0,0,0,0,0,70.0,70.0
43.801945,-79.19979,At Intersection,Clear,Dark,Dry,Non-Fatal Injury,Pedestrian Collisions,Driver,20 to 24,None,Normal,1,0,1,0,0,0,0,,0,1,0,0,0,146.0,132.0
43.690245,-79.57709,At Intersection,Rain,Daylight,Wet,Non-Fatal Injury,SMV Other,Driver,65 to 69,Major,Medical or Physical Disability,0,0,1,0,0,0,0,,0,0,0,0,1,1.0,1.0
43.651845,-79.37519,At Intersection,Clear,Dark,Dry,Non-Fatal Injury,Pedestrian Collisions,Pedestrian,20 to 24,Major,,1,0,1,0,0,0,0,Yes,0,1,0,0,0,168.0,75.0
43.755545,-79.24539,At Intersection,Rain,Dark,Wet,Non-Fatal Injury,Pedestrian Collisions,Vehicle Owner,unknown,,,1,0,1,0,0,0,0,,0,1,0,0,0,157.0,127.0
43.668145,-79.34039,At Intersection,Clear,Daylight,Wet,Non-Fatal Injury,Pedestrian Collisions,Driver,65 to 69,None,Normal,1,0,1,0,0,0,0,,0,1,0,0,0,70.0,70.0
43.719145,-79.60349,At Intersection,Clear,Dark,Dry,Non-Fatal Injury,Pedestrian Collisions,Pedestrian,70 to 74,Major,,1,0,1,0,0,0,0,,0,0,0,0,0,1.0,1.0
43.721345,-79.56779,,Clear,Daylight,Dry,Non-Fatal Injury,SMV Unattended Vehicle,Other,unknown,None,,0,0,1,0,0,0,0,Yes,0,0,0,0,0,4.0,4.0
43.801945,-79.19979,At Intersection,Clear,Dark,Dry,Non-Fatal Injury,Pedestrian Collisions,Pedestrian,25 to 29,Major,,1,0,1,0,0,0,0,,0,1,0,0,0,146.0,132.0
43.752145,-79.40809,,Clear,Dark,Dry,Non-Fatal Injury,Pedestrian Collisions,Pedestrian,55 to 59,Major,,1,0,0,0,0,1,0,,0,0,0,0,0,40.0,40.0
43.721345,-79.56779,,Clear,Daylight,Dry,Non-Fatal Injury,SMV Unattended Vehicle,Passenger,60 to 64,Minor,,0,0,1,0,0,0,0,Yes,0,0,0,0,0,4.0,4.0
43.707945,-79.25189,At Intersection,Clear,Daylight,Dry,Non-Fatal Injury,Cyclist Collisions,Driver,15 to 19,None,Normal,0,1,1,0,0,0,0,,1,1,0,0,0,122.0,122.0
43.643445,-79.39129,At Intersection,Rain,Dark,Wet,Fatal,Pedestrian Collisions,Vehicle Owner,unknown,,,1,0,0,0,1,0,0,,0,1,0,0,0,164.0,77.0
43.755545,-79.24539,At Intersection,Rain,Dark,Wet,Non-Fatal Injury,Pedestrian Collisions,Driver,30 to 34,None,Normal,1,0,1,0,0,0,0,,0,1,0,0,0,157.0,127.0
43.664745,-79.41309,,Clear,Daylight,Dry,Non-Fatal Injury,Cyclist Collisions,Driver,45 to 49,None,Normal,0,1,1,0,0,0,0,,0,0,0,0,0,95.0,95.0
43.643445,-79.39129,At Intersection,Rain,Dark,Wet,Fatal,Pedestrian Collisions,Truck Driver,30 to 34,None,Inattentive,1,0,0,0,1,0,0,,0,1,0,0,0,164.0,77.0
43.730745,-79.60669,,Rain,Dark,Wet,Non-Fatal Injury,Pedestrian Collisions,Driver,60 to 64,None,Normal,1,0,1,0,0,0,0,,0,0,0,0,0,1.0,1.0
43.721345,-79.56779,,Clear,Daylight,Dry,Non-Fatal Injury,SMV Unattended Vehicle,Passenger,15 to 19,Major,,0,0,1,0,0,0,0,Yes,0,0,0,0,0,4.0,4.0
43.707945,-79.25189,At Intersection,Clear,Daylight,Dry,Non-Fatal Injury,Cyclist Collisions,Cyclist,20 to 24,Major,,0,1,1,0,0,0,0,,1,1,0,0,0,122.0,122.0
43.668145,-79.34039,At Intersection,Clear,Daylight,Wet,Non-Fatal Injury,Pedestrian Collisions,Pedestrian,50 to 54,Major,,1,0,1,0,0,0,0,,0,1,0,0,0,70.0,70.0
43.755545,-79.24539,At Intersection,Rain,Dark,Wet,Non-Fatal Injury,Pedestrian Collisions,Pedestrian,40 to 44,Major,,1,0,1,0,0,0,0,,0,1,0,0,0,157.0,127.0
43.730745,-79.60669,,Rain,Dark,Wet,Non-Fatal Injury,Pedestrian Collisions,Pedestrian,20 to 24,Major,,1,0,1,0,0,0,0,,0,0,0,0,0,1.0,1.0
43.664745,-79.41309,,Clear,Daylight,Dry,Non-Fatal Injury,Cyclist Collisions,Cyclist,35 to 39,Major,,0,1,1,0,0,0,0,,0,0,0,0,0,95.0,95.0
43.686945,-79.39979,,Clear,Daylight,Dry,Fatal,SMV Unattended Vehicle,Other,unknown,None,,0,0,1,0,0,0,0,Yes,0,0,0,0,0,97.0,97.0
43.721345,-79.56779,,Clear,Daylight,Dry,Non-Fatal Injury,SMV Unattended Vehicle,Vehicle Owner,unknown,,,0,0,1,0,0,0,0,Yes,0,0,0,0,0,4.0,4.0
43.683745,-79.47229,At Intersection,Clear,Dark,Dry,Non-Fatal Injury,Sideswipe,Vehicle Owner,unknown,,,0,0,1,0,0,0,0,,0,0,0,0,1,110.0,110.0
43.686945,-79.39979,,Clear,Daylight,Dry,Fatal,SMV Unattended Vehicle,Passenger,80 to 84,Minor,,0,0,1,0,0,0,0,Yes,0,0,0,0,0,97.0,97.0
43.721345,-79.56779,,Clear,Daylight,Dry,Non-Fatal Injury,SMV Unattended Vehicle,Driver,50 to 54,Minor,Inattentive,0,0,1,0,0,0,0,Yes,0,0,0,0,0,4.0,4.0
43.721845,-79.45649,At Intersection,Rain,Daylight,Wet,Non-Fatal Injury,Pedestrian Collisions,Driver,45 to 49,None,Normal,1,0,1,0,0,0,0,,0,1,0,0,0,31.0,31.0
43.732845,-79.58319,,Rain,Daylight,Wet,Non-Fatal Injury,SMV Other,Passenger,10 to 14,Major,,0,0,1,0,0,0,0,Yes,0,0,0,0,0,2.0,2.0
43.776305,-79.285159,At Intersection,Clear,Daylight,Dry,Non-Fatal Injury,Angle,Passenger,45 to 49,Major,,0,0,1,0,0,0,0,Yes,0,0,0,0,0,128.0,128.0
43.776305,-79.285159,At Intersection,Clear,Daylight,Dry,Non-Fatal Injury,Angle,Driver,45 to 49,Minor,Normal,0,0,1,0,0,0,0,Yes,0,0,0,0,0,128.0,128.0
43.643445,-79.39129,At Intersection,Rain,Dark,Wet,Fatal,Pedestrian Collisions,Pedestrian,25 to 29,Fatal,,1,0,0,0,1,0,0,,0,1,0,0,0,164.0,77.0
43.683745,-79.47229,At Intersection,Clear,Dark,Dry,Non-Fatal Injury,Sideswipe,Driver,25 to 29,None,Normal,0,0,1,0,0,0,0,,0,0,0,0,1,110.0,110.0
43.721345,-79.56779,,Clear,Daylight,Dry,Non-Fatal Injury,SMV Unattended Vehicle,Other,unknown,None,,0,0,1,0,0,0,0,Yes,0,0,0,0,0,4.0,4.0
43.686945,-79.39979,,Clear,Daylight,Dry,Fatal,SMV Unattended Vehicle,Passenger,30 to 34,Minor,,0,0,1,0,0,0,0,Yes,0,0,0,0,0,97.0,97.0
43.721845,-79.45649,At Intersection,Rain,Daylight,Wet,Non-Fatal Injury,Pedestrian Collisions,Pedestrian,80 to 84,Major,,1,0,1,0,0,0,0,,0,1,0,0,0,31.0,31.0
43.603245,-79.50389,,Clear,Daylight,Dry,Non-Fatal Injury,SMV Other,Vehicle Owner,unknown,,,0,0,0,1,0,0,0,,0,0,0,0,0,18.0,18.0
43.776305,-79.285159,At Intersection,Clear,Daylight,Dry,Non-Fatal Injury,Angle,Vehicle Owner,unknown,,,0,0,1,0,0,0,0,Yes,0,0,0,0,0,128.0,128.0
43.732845,-79.58319,,Rain,Daylight,Wet,Non-Fatal Injury,SMV Other,Passenger,5 to 9,Major,,0,0,1,0,0,0,0,Yes,0,0,0,0,0,2.0,2.0
43.683745,-79.47229,At Intersection,Clear,Dark,Dry,Non-Fatal Injury,Sideswipe,Driver,65 to 69,Major,Medical or Physical Disability,0,0,1,0,0,0,0,,0,0,0,0,1,110.0,110.0
43.732845,-79.58319,,Rain,Daylight,Wet,Non-Fatal Injury,SMV Other,Vehicle Owner,unknown,,,0,0,1,0,0,0,0,Yes,0,0,0,0,0,2.0,2.0
43.797445,-79.20479,,Clear,Daylight,Dry,Non-Fatal Injury,Turning Movement,Driver,45 to 49,Major,Normal,0,0,1,0,0,0,0,Yes,0,0,0,0,0,146.0,132.0
43.652945,-79.39799,,Rain,Dark,Wet,Non-Fatal Injury,Pedestrian Collisions,Driver,30 to 34,None,Normal,1,0,1,0,0,0,0,,0,0,0,0,0,78.0,78.0
43.776305,-79.285159,At Intersection,Clear,Daylight,Dry,Non-Fatal Injury,Angle,Driver,55 to 59,Minor,Unknown,0,0,1,0,0,0,0,Yes,0,0,0,0,0,128.0,128.0
43.603245,-79.50389,,Clear,Daylight,Dry,Non-Fatal Injury,SMV Other,Motorcycle Driver,40 to 44,Major,Normal,0,0,0,1,0,0,0,,0,0,0,0,0,18.0,18.0
43.686945,-79.39979,,Clear,Daylight,Dry,Fatal,SMV Unattended Vehicle,Driver,35 to 39,Minor,Unknown,0,0,1,0,0,0,0,Yes,0,0,0,0,0,97.0,97.0
43.797445,-79.20479,,Clear,Daylight,Dry,Non-Fatal Injury,Turning Movement,Passenger,unknown,Minor,,0,0,1,0,0,0,0,Yes,0,0,0,0,0,146.0,132.0
43.721345,-79.56779,,Clear,Daylight,Dry,Non-Fatal Injury,SMV Unattended Vehicle,Passenger,30 to 34,Minor,,0,0,1,0,0,0,0,Yes,0,0,0,0,0,4.0,4.0
43.663245,-79.33019,,Clear,Dark,Dry,Non-Fatal Injury,Pedestrian Collisions,Driver,35 to 39,None,Inattentive,1,0,1,0,0,0,0,,0,1,0,0,0,65.0,70.0
43.704745,-79.50429,At Intersection,Clear,Dark,Dry,Non-Fatal Injury,Pedestrian Collisions,Driver,unknown,None,Unknown,1,0,1,0,0,0,0,,0,1,0,0,0,28.0,28.0
43.732845,-79.58319,,Rain,Daylight,Wet,Non-Fatal Injury,SMV Other,Driver,40 to 44,Major,Unknown,0,0,1,0,0,0,0,Yes,0,0,0,0,0,2.0,2.0
43.797445,-79.20479,,Clear,Daylight,Dry,Non-Fatal Injury,Turning Movement,Driver,15 to 19,None,Normal,0,0,1,0,0,0,0,Yes,0,0,0,0,0,146.0,132.0
43.686945,-79.39979,,Clear,Daylight,Dry,Fatal,SMV Unattended Vehicle,Passenger,90 to 94,Fatal,,0,0,1,0,0,0,0,Yes,0,0,0,0,0,97.0,97.0
43.726045,-79.31349,,Clear,Daylight,Dry,Non-Fatal Injury,Pedestrian Collisions,Driver,50 to 54,None,Inattentive,1,0,1,0,0,0,0,,0,1,0,0,0,43.0,43.0
43.726045,-79.31349,At Intersection,Rain,Daylight,Wet,Non-Fatal Injury,Rear End,Driver,40 to 44,None,Inattentive,0,0,1,0,0,0,0,,0,1,0,0,0,43.0,43.0
43.663245,-79.33019,,Clear,Dark,Dry,Non-Fatal Injury,Pedestrian Collisions,Pedestrian,25 to 29,Major,,1,0,1,0,0,0,0,,0,1,0,0,0,65.0,70.0
43.704745,-79.50429,At Intersection,Clear,Dark,Dry,Non-Fatal Injury,Pedestrian Collisions,Pedestrian,35 to 39,Major,,1,0,1,0,0,0,0,,0,1,0,0,0,28.0,28.0
43.753145,-79.62429,,Clear,Dark,Dry,Non-Fatal Injury,Sideswipe,Passenger,55 to 59,Major,,0,0,1,0,0,0,0,Yes,1,1,0,0,0,1.0,1.0
43.765769,-79.409107,,Clear,Daylight,Dry,Non-Fatal Injury,Pedestrian Collisions,Driver,45 to 49,None,Inattentive,1,0,1,0,0,0,0,,0,1,0,0,0,151.0,51.0
43.686945,-79.39979,,Clear,Daylight,Dry,Fatal,SMV Unattended Vehicle,Other,unknown,None,,0,0,1,0,0,0,0,Yes,0,0,0,0,0,97.0,97.0
43.726045,-79.31349,At Intersection,Rain,Daylight,Wet,Non-Fatal Injury,Rear End,Driver,50 to 54,Major,Normal,0,0,1,0,0,0,0,,0,1,0,0,0,43.0,43.0
43.652945,-79.39799,,Rain,Dark,Wet,Non-Fatal Injury,Pedestrian Collisions,Pedestrian,30 to 34,Major,,1,0,1,0,0,0,0,,0,0,0,0,0,78.0,78.0
43.726045,-79.31349,,Clear,Daylight,Dry,Non-Fatal Injury,Pedestrian Collisions,Pedestrian,40 to 44,Major,,1,0,1,0,0,0,0,,0,1,0,0,0,43.0,43.0
43.765769,-79.409107,,Clear,Daylight,Dry,Non-Fatal Injury,Pedestrian Collisions,Pedestrian,35 to 39,Major,,1,0,1,0,0,0,0,,0,1,0,0,0,151.0,51.0
43.726045,-79.31349,At Intersection,Rain,Daylight,Wet,Non-Fatal Injury,Rear End,Driver,30 to 34,None,Normal,0,0,1,0,0,0,0,,0,1,0,0,0,43.0,43.0
43.686945,-79.39979,,Clear,Daylight,Dry,Fatal,SMV Unattended Vehicle,Other,unknown,None,,0,0,1,0,0,0,0,Yes,0,0,0,0,0,97.0,97.0
43.651145,-79.44529,,Clear,Daylight,Dry,Non-Fatal Injury,Cyclist Collisions,Driver,unknown,None,Unknown,0,1,1,0,0,0,0,,0,1,0,0,0,86.0,86.0
43.689045,-79.31429,At Intersection,Clear,Daylight,Dry,Non-Fatal Injury,Pedestrian Collisions,Driver,40 to 44,None,Inattentive,1,0,1,0,0,0,0,,0,1,0,0,0,59.0,59.0
43.762645,-79.21169,At Intersection,Snow,Daylight,Loose Snow,Non-Fatal Injury,Pedestrian Collisions,Driver,80 to 84,None,Normal,1,0,1,0,0,0,0,,0,0,0,0,0,141.0,137.0
43.753145,-79.62429,,Clear,Dark,Dry,Non-Fatal Injury,Sideswipe,Passenger,25 to 29,Minor,,0,0,1,0,0,0,0,Yes,1,1,0,0,0,1.0,1.0
43.688345,-79.41389,At Intersection,Clear,Daylight,Dry,Non-Fatal Injury,Pedestrian Collisions,Vehicle Owner,unknown,,,1,0,1,0,0,0,0,,0,1,0,0,0,101.0,101.0