LATITUDE,LONGITUDE,ACCLOC,VISIBILITY,LIGHT,RDSFCOND,ACCLASS,IMPACTYPE,INVTYPE,INVAGE,INJURY,DRIVCOND,PEDESTRIAN,CYCLIST,AUTOMOBILE,MOTORCYCLE,TRUCK,TRSN_CITY_VEH,EMERG_VEH,PASSENGER,SPEEDING,AG_DRIV,REDLIGHT,ALCOHOL,DISABILITY,HOOD_158,HOOD_140
43.637945,-79.45739,,Rain,Dark,Wet,Non-Fatal Injury,SMV Other,Other Property Owner,unknown,,,0,0,1,0,0,0,0,Yes,0,0,0,0,0,85.0,85.0
43.649445,-79.42559,At Intersection,Clear,Dark,Dry,Non-Fatal Injury,Rear End,Driver,40 to 44,Major,Normal,0,0,1,0,0,0,0,,1,1,0,1,0,84.0,84.0
43.765745,-79.28109,,Rain,Dawn,Wet,Fatal,SMV Other,Passenger,35 to 39,Fatal,,0,0,1,0,0,0,0,Yes,0,0,0,0,0,126.0,126.0
43.747745,-79.63249,At Intersection,Clear,Daylight,Dry,Non-Fatal Injury,Rear End,Vehicle Owner,unknown,,,0,0,1,0,0,0,0,,0,1,0,0,0,1.0,1.0
43.656345,-79.45249,At Intersection,Rain,Dark,Wet,Non-Fatal Injury,Pedestrian Collisions,Driver,unknown,None,Unknown,1,0,1,0,0,0,0,,0,1,0,0,0,88.0,88.0
43.648045,-79.49079,,Rain,Daylight,Wet,Non-Fatal Injury,Rear End,Passenger,15 to 19,Minimal,,0,0,1,0,0,0,0,Yes,0,1,0,0,0,114.0,114.0
43.741445,-79.50149,At Intersection,Clear,Daylight,Dry,Non-Fatal Injury,Pedestrian Collisions,Driver,45 to 49,None,Normal,1,0,1,0,0,0,0,,0,1,0,0,0,25.0,25.0
43.765745,-79.28109,,Rain,Dawn,Wet,Fatal,SMV Other,Vehicle Owner,unknown,,,0,0,1,0,0,0,0,Yes,0,0,0,0,0,126.0,126.0
43.714145,-79.42859,,Rain,Dark,Wet,Non-Fatal Injury,Pedestrian Collisions,Driver,40 to 44,None,Normal,1,0,1,0,0,0,0,,0,0,0,0,0,32.0,32.0
43.765745,-79.28109,,Rain,Dawn,Wet,Fatal,SMV Other,Driver,25 to 29,Major,Unknown,0,0,1,0,0,0,0,Yes,0,0,0,0,0,126.0,126.0
43.649445,-79.42559,At Intersection,Clear,Dark,Dry,Non-Fatal Injury,Rear End,Driver,30 to 34,Major,Normal,0,0,1,0,0,0,0,,1,1,0,1,0,84.0,84.0
43.747745,-79.63249,At Intersection,Clear,Daylight,Dry,Non-Fatal Injury,Rear End,Driver,35 to 39,Major,Normal,0,0,1,0,0,0,0,,0,1,0,0,0,1.0,1.0
43.656345,-79.45249,At Intersection,Rain,Dark,Wet,Non-Fatal Injury,Pedestrian Collisions,Pedestrian,25 to 29,Major,,1,0,1,0,0,0,0,,0,1,0,0,0,88.0,88.0
43.648045,-79.49079,,Rain,Daylight,Wet,Non-Fatal Injury,Rear End,Driver,50 to 54,Minor,Normal,0,0,1,0,0,0,0,Yes,0,1,0,0,0,114.0,114.0
43.655145,-79.45209,At Intersection,Rain,Daylight,Wet,Non-Fatal Injury,Pedestrian Collisions,Driver,40 to 44,None,Normal,1,0,1,0,0,0,0,,0,0,0,0,0,86.0,86.0
43.635345,-79.56369,At Intersection,Clear,Daylight,Dry,Non-Fatal Injury,Turning Movement,Driver,40 to 44,None,Normal,0,0,1,0,0,0,0,Yes,0,1,0,0,0,12.0,12.0
43.722745,-79.59819,At Intersection,Clear,Dark,Dry,Non-Fatal Injury,Rear End,Driver,20 to 24,None,Normal,0,0,1,0,0,0,0,Yes,0,1,0,0,0,1.0,1.0
43.765745,-79.28109,,Rain,Dawn,Wet,Fatal,SMV Other,Other Property Owner,unknown,,,0,0,1,0,0,0,0,Yes,0,0,0,0,0,126.0,126.0
43.714145,-79.42859,,Rain,Dark,Wet,Non-Fatal Injury,Pedestrian Collisions,Pedestrian,35 to 39,Major,,1,0,1,0,0,0,0,,0,0,0,0,0,32.0,32.0
43.658744,-79.389987,,Rain,Daylight,Wet,Fatal,Pedestrian Collisions,Vehicle Owner,unknown,,,1,0,0,0,0,1,0,,0,0,0,0,0,170.0,76.0
43.741445,-79.50149,At Intersection,Clear,Daylight,Dry,Non-Fatal Injury,Pedestrian Collisions,Pedestrian,60 to 64,Major,,1,0,1,0,0,0,0,,0,1,0,0,0,25.0,25.0
43.655145,-79.45209,At Intersection,Rain,Daylight,Wet,Non-Fatal Injury,Pedestrian Collisions,Pedestrian,70 to 74,Major,,1,0,1,0,0,0,0,,0,0,0,0,0,86.0,86.0
43.722745,-79.59819,At Intersection,Clear,Dark,Dry,Non-Fatal Injury,Rear End,Passenger,15 to 19,Minor,,0,0,1,0,0,0,0,Yes,0,1,0,0,0,1.0,1.0
43.668845,-79.37949,At Intersection,Clear,Daylight,Dry,Non-Fatal Injury,Turning Movement,Moped Driver,35 to 39,Major,Normal,0,1,1,0,0,0,0,,0,0,0,0,0,167.0,75.0
43.635345,-79.56369,At Intersection,Clear,Daylight,Dry,Non-Fatal Injury,Turning Movement,Passenger,40 to 44,Minimal,,0,0,1,0,0,0,0,Yes,0,1,0,0,0,12.0,12.0
43.658545,-79.35139,At Intersection,Clear,Dark,Dry,Fatal,Pedestrian Collisions,Vehicle Owner,unknown,,,1,0,0,0,0,1,0,,0,0,0,0,0,70.0,70.0
43.691245,-79.50089,At Intersection,Rain,Dark,Wet,Non-Fatal Injury,Pedestrian Collisions,Vehicle Owner,unknown,,,1,0,1,0,0,0,0,,0,1,0,0,0,115.0,115.0
43.635345,-79.56369,At Intersection,Clear,Daylight,Dry,Non-Fatal Injury,Turning Movement,Driver,40 to 44,Major,Normal,0,0,1,0,0,0,0,Yes,0,1,0,0,0,12.0,12.0
43.658545,-79.35139,At Intersection,Clear,Dark,Dry,Fatal,Pedestrian Collisions,Driver,50 to 54,None,Normal,1,0,0,0,0,1,0,,0,0,0,0,0,70.0,70.0
43.707545,-79.57819,At Intersection,Clear,Daylight,Dry,Non-Fatal Injury,Angle,Vehicle Owner,unknown,,,0,0,1,0,0,0,0,,0,0,0,0,1,1.0,1.0
43.658744,-79.389987,,Rain,Daylight,Wet,Fatal,Pedestrian Collisions,Driver,30 to 34,None,Normal,1,0,0,0,0,1,0,,0,0,0,0,0,170.0,76.0
43.722745,-79.59819,At Intersection,Clear,Dark,Dry,Non-Fatal Injury,Rear End,Driver,30 to 34,Major,Normal,0,0,1,0,0,0,0,Yes,0,1,0,0,0,1.0,1.0
43.668845,-79.37949,At Intersection,Clear,Daylight,Dry,Non-Fatal Injury,Turning Movement,Driver,40 to 44,None,Inattentive,0,1,1,0,0,0,0,,0,0,0,0,0,167.0,75.0
43.658545,-79.35139,At Intersection,Clear,Dark,Dry,Fatal,Pedestrian Collisions,Pedestrian,35 to 39,Fatal,,1,0,0,0,0,1,0,,0,0,0,0,0,70.0,70.0
43.794345,-79.32599,,Clear,Dark,Dry,Non-Fatal Injury,Pedestrian Collisions,Driver,45 to 49,None,Normal,1,0,1,0,0,0,0,,0,1,0,0,0,147.0,117.0
43.691245,-79.50089,At Intersection,Rain,Dark,Wet,Non-Fatal Injury,Pedestrian Collisions,Driver,40 to 44,None,Inattentive,1,0,1,0,0,0,0,,0,1,0,0,0,115.0,115.0
43.658744,-79.389987,,Rain,Daylight,Wet,Fatal,Pedestrian Collisions,Pedestrian,40 to 44,Fatal,,1,0,0,0,0,1,0,,0,0,0,0,0,170.0,76.0
43.691245,-79.50089,At Intersection,Rain,Dark,Wet,Non-Fatal Injury,Pedestrian Collisions,Pedestrian,40 to 44,Major,,1,0,1,0,0,0,0,,0,1,0,0,0,115.0,115.0
43.707545,-79.57819,At Intersection,Clear,Daylight,Dry,Non-Fatal Injury,Angle,Driver,55 to 59,Minimal,Normal,0,0,1,0,0,0,0,,0,0,0,0,1,1.0,1.0
43.650545,-79.38799,At Intersection,Clear,Dark,Dry,Non-Fatal Injury,Pedestrian Collisions,Vehicle Owner,unknown,,,1,0,1,0,0,0,0,,1,1,0,1,0,164.0,77.0
43.765945,-79.49609,,Clear,Dark,Wet,Non-Fatal Injury,Pedestrian Collisions,Passenger,20 to 24,None,,1,0,1,0,0,0,0,Yes,1,1,0,0,0,27.0,27.0
43.656945,-79.40539,,Clear,Dark,Wet,Non-Fatal Injury,Pedestrian Collisions,Vehicle Owner,unknown,,,1,0,1,0,0,0,0,,0,0,0,0,0,78.0,79.0
43.794345,-79.32599,,Clear,Dark,Dry,Non-Fatal Injury,Pedestrian Collisions,Pedestrian,50 to 54,Major,,1,0,1,0,0,0,0,,0,1,0,0,0,147.0,117.0
43.707545,-79.57819,At Intersection,Clear,Daylight,Dry,Non-Fatal Injury,Angle,Vehicle Owner,unknown,,,0,0,1,0,0,0,0,,0,0,0,0,1,1.0,1.0
43.660145,-79.36299,,Clear,Daylight,Dry,Non-Fatal Injury,Cyclist Collisions,Driver,35 to 39,None,Normal,0,1,1,0,0,0,0,,0,1,0,0,0,72.0,72.0
43.656945,-79.40539,,Clear,Dark,Wet,Non-Fatal Injury,Pedestrian Collisions,Driver,30 to 34,None,Normal,1,0,1,0,0,0,0,,0,0,0,0,0,78.0,79.0
43.765945,-79.49609,,Clear,Dark,Wet,Non-Fatal Injury,Pedestrian Collisions,Driver,25 to 29,None,Unknown,1,0,1,0,0,0,0,Yes,1,1,0,0,0,27.0,27.0
43.661245,-79.40139,At Intersection,Clear,Dark,Wet,Non-Fatal Injury,Sideswipe,Driver,25 to 29,None,Inattentive,0,0,1,0,0,0,0,Yes,0,0,0,0,0,79.0,79.0
43.650545,-79.38799,At Intersection,Clear,Dark,Dry,Non-Fatal Injury,Pedestrian Collisions,Driver,15 to 19,None,"Ability Impaired, Alcohol Over .08",1,0,1,0,0,0,0,,1,1,0,1,0,164.0,77.0
43.773845,-79.44299,,Clear,Dark,Dry,Non-Fatal Injury,Pedestrian Collisions,Pedestrian,30 to 34,Major,,1,0,1,0,0,0,0,,0,1,1,0,0,37.0,37.0
43.707545,-79.57819,At Intersection,Clear,Daylight,Dry,Non-Fatal Injury,Angle,Driver,55 to 59,Major,Medical or Physical Disability,0,0,1,0,0,0,0,,0,0,0,0,1,1.0,1.0
43.660145,-79.36299,,Clear,Daylight,Dry,Non-Fatal Injury,Cyclist Collisions,Cyclist,40 to 44,Major,,0,1,1,0,0,0,0,,0,1,0,0,0,72.0,72.0
43.656945,-79.40539,,Clear,Dark,Wet,Non-Fatal Injury,Pedestrian Collisions,Pedestrian,15 to 19,Major,,1,0,1,0,0,0,0,,0,0,0,0,0,78.0,79.0
43.800245,-79.19909,At Intersection,Clear,Daylight,Dry,Non-Fatal Injury,Pedestrian Collisions,Vehicle Owner,unknown,,,1,0,1,0,0,0,0,,0,0,0,0,0,146.0,132.0
43.650545,-79.38799,At Intersection,Clear,Dark,Dry,Non-Fatal Injury,Pedestrian Collisions,Vehicle Owner,unknown,,,1,0,1,0,0,0,0,,1,1,0,1,0,164.0,77.0
43.800245,-79.19909,At Intersection,Clear,Daylight,Dry,Non-Fatal Injury,Pedestrian Collisions,Driver,30 to 34,None,Normal,1,0,1,0,0,0,0,,0,0,0,0,0,146.0,132.0
43.765945,-79.49609,,Clear,Dark,Wet,Non-Fatal Injury,Pedestrian Collisions,Pedestrian,20 to 24,Major,,1,0,1,0,0,0,0,Yes,1,1,0,0,0,27.0,27.0
43.773845,-79.44299,,Clear,Dark,Dry,Non-Fatal Injury,Pedestrian Collisions,Driver,unknown,None,Unknown,1,0,1,0,0,0,0,,0,1,1,0,0,37.0,37.0
43.672545,-79.28799,At Intersection,Clear,Daylight,Dry,Non-Fatal Injury,Pedestrian Collisions,Driver,60 to 64,None,Normal,1,0,1,0,0,0,0,,0,0,0,0,0,63.0,63.0
43.680545,-79.43129,,Rain,Daylight,Wet,Non-Fatal Injury,Turning Movement,Vehicle Owner,unknown,,,0,0,1,0,0,1,0,,0,1,0,0,0,94.0,94.0
43.661245,-79.40139,At Intersection,Clear,Dark,Wet,Non-Fatal Injury,Sideswipe,Passenger,20 to 24,Minor,,0,0,1,0,0,0,0,Yes,0,0,0,0,0,79.0,79.0
43.650545,-79.38799,At Intersection,Clear,Dark,Dry,Non-Fatal Injury,Pedestrian Collisions,Driver,35 to 39,None,Normal,1,0,1,0,0,0,0,,1,1,0,1,0,164.0,77.0
43.672545,-79.28799,At Intersection,Clear,Daylight,Dry,Non-Fatal Injury,Pedestrian Collisions,Pedestrian,30 to 34,Major,,1,0,1,0,0,0,0,,0,0,0,0,0,63.0,63.0
43.800245,-79.19909,At Intersection,Clear,Daylight,Dry,Non-Fatal Injury,Pedestrian Collisions,Pedestrian,30 to 34,Major,,1,0,1,0,0,0,0,,0,0,0,0,0,146.0,132.0
43.661245,-79.40139,At Intersection,Clear,Dark,Wet,Non-Fatal Injury,Sideswipe,Passenger,20 to 24,Major,,0,0,1,0,0,0,0,Yes,0,0,0,0,0,79.0,79.0
43.680545,-79.43129,,Rain,Daylight,Wet,Non-Fatal Injury,Turning Movement,Driver,45 to 49,None,Normal,0,0,1,0,0,1,0,,0,1,0,0,0,94.0,94.0
43.650545,-79.38799,At Intersection,Clear,Dark,Dry,Non-Fatal Injury,Pedestrian Collisions,Pedestrian,45 to 49,Major,,1,0,1,0,0,0,0,,1,1,0,1,0,164.0,77.0
43.639945,-79.44889,,Clear,Daylight,Dry,Non-Fatal Injury,Pedestrian Collisions,Vehicle Owner,unknown,,,1,0,1,0,0,0,0,,0,0,0,0,0,87.0,87.0
43.656345,-79.38089,,Clear,Daylight,Dry,Non-Fatal Injury,Pedestrian Collisions,Vehicle Owner,unknown,,,1,0,1,0,0,0,0,,0,1,0,0,0,168.0,75.0
43.648445,-79.39759,,Clear,Daylight,Dry,Non-Fatal Injury,Turning Movement,Motorcycle Driver,25 to 29,Major,Normal,0,0,1,1,0,0,0,,0,0,0,0,0,164.0,77.0
43.661245,-79.40139,At Intersection,Clear,Dark,Wet,Non-Fatal Injury,Sideswipe,Vehicle Owner,unknown,,,0,0,1,0,0,0,0,Yes,0,0,0,0,0,79.0,79.0
43.648445,-79.39759,,Clear,Daylight,Dry,Non-Fatal Injury,Turning Movement,Driver,20 to 24,None,Normal,0,0,1,1,0,0,0,,0,0,0,0,0,164.0,77.0
43.639945,-79.44889,,Clear,Daylight,Dry,Non-Fatal Injury,Pedestrian Collisions,Driver,65 to 69,None,Normal,1,0,1,0,0,0,0,,0,0,0,0,0,87.0,87.0
43.656345,-79.38089,,Clear,Daylight,Dry,Non-Fatal Injury,Pedestrian Collisions,Driver,15 to 19,None,Unknown,1,0,1,0,0,0,0,,0,1,0,0,0,168.0,75.0
43.661245,-79.40139,At Intersection,Clear,Dark,Wet,Non-Fatal Injury,Sideswipe,Driver,40 to 44,None,Normal,0,0,1,0,0,0,0,Yes,0,0,0,0,0,79.0,79.0
43.680545,-79.43129,,Rain,Daylight,Wet,Non-Fatal Injury,Turning Movement,Driver,35 to 39,Major,Fatigue,0,0,1,0,0,1,0,,0,1,0,0,0,94.0,94.0
43.682845,-79.47869,At Intersection,Clear,Dark,Dry,Non-Fatal Injury,Pedestrian Collisions,Driver,55 to 59,None,Normal,1,0,1,0,0,0,0,,0,1,0,0,0,111.0,111.0
43.639945,-79.44889,,Clear,Daylight,Dry,Non-Fatal Injury,Pedestrian Collisions,Pedestrian,40 to 44,Major,,1,0,1,0,0,0,0,,0,0,0,0,0,87.0,87.0
43.743245,-79.58209,At Intersection,Clear,Dark,Dry,Fatal,Pedestrian Collisions,Vehicle Owner,unknown,,,1,0,1,0,0,0,0,,0,0,0,0,0,3.0,3.0
43.682845,-79.47869,At Intersection,Clear,Dark,Dry,Non-Fatal Injury,Pedestrian Collisions,Pedestrian,20 to 24,Major,,1,0,1,0,0,0,0,,0,1,0,0,0,111.0,111.0
43.656345,-79.38089,,Clear,Daylight,Dry,Non-Fatal Injury,Pedestrian Collisions,Pedestrian,20 to 24,Major,,1,0,1,0,0,0,0,,0,1,0,0,0,168.0,75.0
43.686745,-79.59559,At Intersection,Rain,Dark,Wet,Non-Fatal Injury,Pedestrian Collisions,Driver,40 to 44,None,Inattentive,1,0,1,0,0,0,0,,0,1,0,0,0,1.0,1.0
43.648545,-79.38539,,Clear,Daylight,Dry,Non-Fatal Injury,Pedestrian Collisions,Vehicle Owner,unknown,,,1,0,1,0,0,0,0,,0,0,0,0,0,170.0,76.0
43.661245,-79.40139,At Intersection,Clear,Dark,Wet,Non-Fatal Injury,Sideswipe,Other Property Owner,unknown,,,0,0,1,0,0,0,0,Yes,0,0,0,0,0,79.0,79.0
43.663045,-79.38379,At Intersection,Clear,Dark,Dry,Non-Fatal Injury,Pedestrian Collisions,Driver,40 to 44,None,Normal,1,0,1,0,0,0,0,,0,0,0,0,0,167.0,75.0
43.743245,-79.58209,At Intersection,Clear,Dark,Dry,Fatal,Pedestrian Collisions,Driver,60 to 64,None,Inattentive,1,0,1,0,0,0,0,,0,0,0,0,0,3.0,3.0
43.688645,-79.54289,At Intersection,Clear,Daylight,Dry,Fatal,Angle,Driver,25 to 29,Fatal,Unknown,0,0,1,0,0,0,0,,0,1,1,0,0,6.0,6.0
43.825545,-79.27529,,Snow,Daylight,Loose Snow,Non-Fatal Injury,Approaching,Driver,30 to 34,None,Normal,0,0,1,0,0,0,0,Yes,0,0,0,0,0,130.0,130.0
43.743245,-79.58209,At Intersection,Clear,Dark,Dry,Fatal,Pedestrian Collisions,Pedestrian,70 to 74,Fatal,,1,0,1,0,0,0,0,,0,0,0,0,0,3.0,3.0
43.686745,-79.59559,At Intersection,Rain,Dark,Wet,Non-Fatal Injury,Pedestrian Collisions,Pedestrian,45 to 49,Major,,1,0,1,0,0,0,0,,0,1,0,0,0,1.0,1.0
43.811645,-79.26919,At Intersection,Rain,Daylight,Wet,Non-Fatal Injury,Angle,Passenger,35 to 39,Minor,,0,0,1,0,0,0,0,Yes,0,1,1,0,0,129.0,129.0
43.663045,-79.38379,At Intersection,Clear,Dark,Dry,Non-Fatal Injury,Pedestrian Collisions,Vehicle Owner,unknown,,,1,0,1,0,0,0,0,,0,0,0,0,0,167.0,75.0
43.688645,-79.54289,At Intersection,Clear,Daylight,Dry,Fatal,Angle,Driver,40 to 44,None,Normal,0,0,1,0,0,0,0,,0,1,1,0,0,6.0,6.0
43.648545,-79.38539,,Clear,Daylight,Dry,Non-Fatal Injury,Pedestrian Collisions,Driver,50 to 54,None,Unknown,1,0,1,0,0,0,0,,0,0,0,0,0,170.0,76.0
43.825545,-79.27529,,Snow,Daylight,Loose Snow,Non-Fatal Injury,Approaching,Vehicle Owner,unknown,,,0,0,1,0,0,0,0,Yes,0,0,0,0,0,130.0,130.0
43.739445,-79.61289,,Clear,Daylight,Dry,Non-Fatal Injury,Pedestrian Collisions,Pedestrian,25 to 29,Major,,1,0,1,0,0,0,0,,0,0,0,0,0,1.0,1.0
43.663045,-79.38379,At Intersection,Clear,Dark,Dry,Non-Fatal Injury,Pedestrian Collisions,Driver,20 to 24,None,Normal,1,0,1,0,0,0,0,,0,0,0,0,0,167.0,75.0
43.825545,-79.27529,,Snow,Daylight,Loose Snow,Non-Fatal Injury,Approaching,Passenger,70 to 74,Major,,0,0,1,0,0,0,0,Yes,0,0,0,0,0,130.0,130.0
43.673145,-79.41439,At Intersection,Clear,Dark,Dry,Non-Fatal Injury,Pedestrian Collisions,Driver,30 to 34,None,Normal,1,0,1,0,0,0,0,,0,0,0,0,0,95.0,95.0
43.648545,-79.38539,,Clear,Daylight,Dry,Non-Fatal Injury,Pedestrian Collisions,Pedestrian,25 to 29,Major,,1,0,1,0,0,0,0,,0,0,0,0,0,170.0,76.0
43.811645,-79.26919,At Intersection,Rain,Daylight,Wet,Non-Fatal Injury,Angle,Driver,30 to 34,Minor,Normal,0,0,1,0,0,0,0,Yes,0,1,1,0,0,129.0,129.0
43.821345,-79.31689,At Intersection,Clear,Dawn,Dry,Fatal,Angle,Passenger,40 to 44,Major,,0,0,1,0,0,0,0,Yes,0,1,1,0,1,116.0,116.0
43.688645,-79.54289,At Intersection,Clear,Daylight,Dry,Fatal,Angle,Vehicle Owner,unknown,,,0,0,1,0,0,0,0,,0,1,1,0,0,6.0,6.0
43.739445,-79.61289,,Clear,Daylight,Dry,Non-Fatal Injury,Pedestrian Collisions,Vehicle Owner,unknown,,,1,0,1,0,0,0,0,,0,0,0,0,0,1.0,1.0
43.663045,-79.38379,At Intersection,Clear,Dark,Dry,Non-Fatal Injury,Pedestrian Collisions,Pedestrian,30 to 34,Major,,1,0,1,0,0,0,0,,0,0,0,0,0,167.0,75.0
43.825545,-79.27529,,Snow,Daylight,Loose Snow,Non-Fatal Injury,Approaching,Driver,70 to 74,None,Normal,0,0,1,0,0,0,0,Yes,0,0,0,0,0,130.0,130.0
43.811645,-79.26919,At Intersection,Rain,Daylight,Wet,Non-Fatal Injury,Angle,Vehicle Owner,unknown,,,0,0,1,0,0,0,0,Yes,0,1,1,0,0,129.0,129.0
43.673145,-79.41439,At Intersection,Clear,Dark,Dry,Non-Fatal Injury,Pedestrian Collisions,Pedestrian,25 to 29,Major,,1,0,1,0,0,0,0,,0,0,0,0,0,95.0,95.0
43.688645,-79.54289,At Intersection,Clear,Daylight,Dry,Fatal,Angle,Driver,20 to 24,Minor,Normal,0,0,1,0,0,0,0,,0,1,1,0,0,6.0,6.0
43.821345,-79.31689,At Intersection,Clear,Dawn,Dry,Fatal,Angle,Passenger,70 to 74,Fatal,,0,0,1,0,0,0,0,Yes,0,1,1,0,1,116.0,116.0
43.811645,-79.26919,At Intersection,Rain,Daylight,Wet,Non-Fatal Injury,Angle,Driver,20 to 24,Minimal,Unknown,0,0,1,0,0,0,0,Yes,0,1,1,0,0,129.0,129.0
43.825545,-79.27529,,Snow,Daylight,Loose Snow,Non-Fatal Injury,Approaching,Passenger,60 to 64,Minimal,,0,0,1,0,0,0,0,Yes,0,0,0,0,0,130.0,130.0
43.759245,-79.50789,At Intersection,Clear,Dark,Dry,Fatal,Turning Movement,Passenger,60 to 64,Fatal,,0,0,1,0,0,0,0,Yes,1,1,0,1,0,25.0,25.0
43.645945,-79.36809,,Clear,Daylight,Dry,Non-Fatal Injury,Sideswipe,Driver,25 to 29,None,Normal,0,0,1,0,0,0,0,Yes,0,0,0,0,0,166.0,77.0
43.759145,-79.30949,,Clear,Dark,Dry,Non-Fatal Injury,Turning Movement,Driver,55 to 59,Major,Unknown,0,0,1,0,0,0,0,,0,0,0,0,0,119.0,119.0
43.821345,-79.31689,At Intersection,Clear,Dawn,Dry,Fatal,Angle,Driver,40 to 44,Major,Normal,0,0,1,0,0,0,0,Yes,0,1,1,0,1,116.0,116.0
43.811645,-79.26919,At Intersection,Rain,Daylight,Wet,Non-Fatal Injury,Angle,Vehicle Owner,unknown,,,0,0,1,0,0,0,0,Yes,0,1,1,0,0,129.0,129.0
43.739445,-79.61289,,Clear,Daylight,Dry,Non-Fatal Injury,Pedestrian Collisions,Driver,25 to 29,None,Normal,1,0,1,0,0,0,0,,0,0,0,0,0,1.0,1.0
43.811645,-79.26919,At Intersection,Rain,Daylight,Wet,Non-Fatal Injury,Angle,Driver,30 to 34,Minimal,Normal,0,0,1,0,0,0,0,Yes,0,1,1,0,0,129.0,129.0
43.825545,-79.27529,,Snow,Daylight,Loose Snow,Non-Fatal Injury,Approaching,Driver,65 to 69,Major,Normal,0,0,1,0,0,0,0,Yes,0,0,0,0,0,130.0,130.0
43.759245,-79.50789,At Intersection,Clear,Dark,Dry,Fatal,Turning Movement,Passenger,35 to 39,Major,,0,0,1,0,0,0,0,Yes,1,1,0,1,0,25.0,25.0
43.645945,-79.36809,,Clear,Daylight,Dry,Non-Fatal Injury,Sideswipe,Passenger,50 to 54,Major,,0,0,1,0,0,0,0,Yes,0,0,0,0,0,166.0,77.0
43.759145,-79.30949,,Clear,Dark,Dry,Non-Fatal Injury,Turning Movement,Driver,25 to 29,None,Normal,0,0,1,0,0,0,0,,0,0,0,0,0,119.0,119.0
43.821345,-79.31689,At Intersection,Clear,Dawn,Dry,Fatal,Angle,Driver,35 to 39,Minor,Medical or Physical Disability,0,0,1,0,0,0,0,Yes,0,1,1,0,1,116.0,116.0
43.792645,-79.35469,,Clear,Daylight,Dry,Fatal,Turning Movement,Passenger,85 to 89,Fatal,,0,0,1,0,0,0,0,Yes,0,0,0,0,0,47.0,47.0
43.825545,-79.27529,,Snow,Daylight,Loose Snow,Non-Fatal Injury,Approaching,Other Property Owner,unknown,,,0,0,1,0,0,0,0,Yes,0,0,0,0,0,130.0,130.0
43.645945,-79.36809,,Clear,Daylight,Dry,Non-Fatal Injury,Sideswipe,Driver,25 to 29,None,Normal,0,0,1,0,0,0,0,Yes,0,0,0,0,0,166.0,77.0
43.811645,-79.26919,At Intersection,Rain,Daylight,Wet,Non-Fatal Injury,Angle,Vehicle Owner,unknown,,,0,0,1,0,0,0,0,Yes,0,1,1,0,0,129.0,129.0
43.759245,-79.50789,At Intersection,Clear,Dark,Dry,Fatal,Turning Movement,Passenger,40 to 44,Fatal,,0,0,1,0,0,0,0,Yes,1,1,0,1,0,25.0,25.0
43.792645,-79.35469,,Clear,Daylight,Dry,Fatal,Turning Movement,Driver,70 to 74,Minor,Normal,0,0,1,0,0,0,0,Yes,0,0,0,0,0,47.0,47.0
43.761845,-79.21579,At Intersection,Clear,Daylight,Dry,Non-Fatal Injury,Angle,Vehicle Owner,unknown,,,0,0,1,0,0,0,0,,0,1,1,0,0,141.0,137.0
43.687945,-79.39459,,Clear,Dark,Wet,Non-Fatal Injury,SMV Unattended Vehicle,Driver,55 to 59,Major,Medical or Physical Disability,0,0,1,0,0,0,0,,0,0,0,0,1,97.0,97.0
43.658745,-79.37809,,Clear,Daylight,Dry,Non-Fatal Injury,Cyclist Collisions,Driver,unknown,None,Inattentive,0,1,1,0,0,0,0,,0,0,0,0,0,168.0,75.0
43.658745,-79.37809,,Clear,Daylight,Dry,Non-Fatal Injury,Cyclist Collisions,Cyclist,20 to 24,Major,,0,1,1,0,0,0,0,,0,0,0,0,0,168.0,75.0
43.759245,-79.50789,At Intersection,Clear,Dark,Dry,Fatal,Turning Movement,Passenger,20 to 24,Fatal,,0,0,1,0,0,0,0,Yes,1,1,0,1,0,25.0,25.0
43.792645,-79.35469,,Clear,Daylight,Dry,Fatal,Turning Movement,Driver,20 to 24,None,Normal,0,0,1,0,0,0,0,Yes,0,0,0,0,0,47.0,47.0
43.761845,-79.21579,At Intersection,Clear,Daylight,Dry,Non-Fatal Injury,Angle,Driver,70 to 74,Major,Normal,0,0,1,0,0,0,0,,0,1,1,0,0,141.0,137.0
43.687945,-79.39459,,Clear,Dark,Wet,Non-Fatal Injury,SMV Unattended Vehicle,Other,unknown,None,,0,0,1,0,0,0,0,,0,0,0,0,1,97.0,97.0
43.761845,-79.21579,At Intersection,Clear,Daylight,Dry,Non-Fatal Injury,Angle,Driver,40 to 44,Minimal,Normal,0,0,1,0,0,0,0,,0,1,1,0,0,141.0,137.0
43.759245,-79.50789,At Intersection,Clear,Dark,Dry,Fatal,Turning Movement,Driver,40 to 44,Minor,Normal,0,0,1,0,0,0,0,Yes,1,1,0,1,0,25.0,25.0
43.792645,-79.35469,,Clear,Daylight,Dry,Fatal,Turning Movement,Vehicle Owner,unknown,,,0,0,1,0,0,0,0,Yes,0,0,0,0,0,47.0,47.0
43.664545,-79.45659,,Clear,Daylight,Dry,Non-Fatal Injury,Cyclist Collisions,Driver,35 to 39,None,Normal,0,1,1,0,0,0,0,,0,0,0,0,0,171.0,93.0
43.690345,-79.38329,At Intersection,Clear,Dark,Wet,Non-Fatal Injury,Turning Movement,Driver,55 to 59,Major,Medical or Physical Disability,0,0,1,0,0,0,0,,0,0,0,0,1,98.0,98.0
43.664545,-79.45659,,Clear,Daylight,Dry,Non-Fatal Injury,Cyclist Collisions,Cyclist,30 to 34,Major,,0,1,1,0,0,0,0,,0,0,0,0,0,171.0,93.0
43.811645,-79.26919,At Intersection,Rain,Daylight,Wet,Non-Fatal Injury,Angle,Driver,40 to 44,Major,Normal,0,0,1,0,0,0,0,Yes,0,1,1,0,0,129.0,129.0
43.669645,-79.43279,At Intersection,Clear,Daylight,Dry,Non-Fatal Injury,Cyclist Collisions,Driver,45 to 49,None,"Ability Impaired, Alcohol Over .08",0,1,1,0,0,0,0,,0,1,1,1,0,172.0,93.0