LATITUDE,LONGITUDE,ACCLOC,VISIBILITY,LIGHT,RDSFCOND,ACCLASS,IMPACTYPE,INVTYPE,INVAGE,INJURY,DRIVCOND,PEDESTRIAN,CYCLIST,AUTOMOBILE,MOTORCYCLE,TRUCK,TRSN_CITY_VEH,EMERG_VEH,PASSENGER,SPEEDING,AG_DRIV,REDLIGHT,ALCOHOL,DISABILITY,HOOD_158,HOOD_140
43.680645,-79.44419,,Clear,Dark,Dry,Non-Fatal Injury,Approaching,Passenger,40 to 44,Minor,,0,0,1,0,0,0,0,Yes,0,1,0,0,0,92.0,92.0
43.653945,-79.35849,At Intersection,Clear,Daylight,Dry,Non-Fatal Injury,Angle,Vehicle Owner,unknown,,,0,0,1,0,0,0,0,Yes,0,1,1,0,0,73.0,73.0
43.707145,-79.34509,,Rain,Dark,Wet,Non-Fatal Injury,Pedestrian Collisions,Driver,30 to 34,None,Normal,1,0,0,0,0,1,0,,0,0,0,0,0,55.0,55.0
43.726145,-79.39719,,Clear,Dark,Dry,Non-Fatal Injury,Rear End,Driver,25 to 29,Major,Inattentive,0,0,1,0,0,0,0,Yes,1,1,0,0,0,103.0,103.0
43.656545,-79.38799,At Intersection,Clear,Daylight,Dry,Non-Fatal Injury,Cyclist Collisions,Driver,30 to 34,None,Inattentive,0,1,1,0,0,0,0,,0,1,0,0,0,170.0,76.0
43.638145,-79.55149,,Clear,Dark,Dry,Non-Fatal Injury,Angle,Motorcycle Driver,15 to 19,Major,Had Been Drinking,0,0,1,1,0,0,0,,0,1,0,0,0,158.0,14.0
43.726145,-79.39719,,Clear,Dark,Dry,Non-Fatal Injury,Rear End,Passenger,20 to 24,Minimal,,0,0,1,0,0,0,0,Yes,1,1,0,0,0,103.0,103.0
43.680645,-79.44419,,Clear,Dark,Dry,Non-Fatal Injury,Approaching,Vehicle Owner,unknown,,,0,0,1,0,0,0,0,Yes,0,1,0,0,0,92.0,92.0
43.653945,-79.35849,At Intersection,Clear,Daylight,Dry,Non-Fatal Injury,Angle,Driver,55 to 59,None,Normal,0,0,1,0,0,0,0,Yes,0,1,1,0,0,73.0,73.0
43.707145,-79.34509,,Rain,Dark,Wet,Non-Fatal Injury,Pedestrian Collisions,Pedestrian,50 to 54,Major,,1,0,0,0,0,1,0,,0,0,0,0,0,55.0,55.0
43.653945,-79.35849,At Intersection,Clear,Daylight,Dry,Non-Fatal Injury,Angle,Driver,20 to 24,Minimal,Normal,0,0,1,0,0,0,0,Yes,0,1,1,0,0,73.0,73.0
43.743245,-79.30459,,Clear,Dark,Dry,Fatal,Turning Movement,Vehicle Owner,unknown,,,0,0,1,0,0,0,0,Yes,0,0,0,0,0,119.0,119.0
43.680645,-79.44419,,Clear,Dark,Dry,Non-Fatal Injury,Approaching,Driver,55 to 59,Minor,Normal,0,0,1,0,0,0,0,Yes,0,1,0,0,0,92.0,92.0
43.726145,-79.39719,,Clear,Dark,Dry,Non-Fatal Injury,Rear End,Vehicle Owner,unknown,,,0,0,1,0,0,0,0,Yes,1,1,0,0,0,103.0,103.0
43.743245,-79.30459,,Clear,Dark,Dry,Fatal,Turning Movement,Driver,40 to 44,Major,Unknown,0,0,1,0,0,0,0,Yes,0,0,0,0,0,119.0,119.0
43.680645,-79.44419,,Clear,Dark,Dry,Non-Fatal Injury,Approaching,Driver,20 to 24,None,Unknown,0,0,1,0,0,0,0,Yes,0,1,0,0,0,92.0,92.0
43.726145,-79.39719,,Clear,Dark,Dry,Non-Fatal Injury,Rear End,Driver,20 to 24,None,Normal,0,0,1,0,0,0,0,Yes,1,1,0,0,0,103.0,103.0
43.741045,-79.58919,At Intersection,Clear,Daylight,Dry,Non-Fatal Injury,Turning Movement,Driver,20 to 24,Major,Normal,0,0,1,0,0,0,0,,0,1,0,0,0,2.0,2.0
43.743245,-79.30459,,Clear,Dark,Dry,Fatal,Turning Movement,Passenger,15 to 19,Major,,0,0,1,0,0,0,0,Yes,0,0,0,0,0,119.0,119.0
43.741045,-79.58919,At Intersection,Clear,Daylight,Dry,Non-Fatal Injury,Turning Movement,Driver,25 to 29,Minor,Normal,0,0,1,0,0,0,0,,0,1,0,0,0,2.0,2.0
43.743245,-79.30459,,Clear,Dark,Dry,Fatal,Turning Movement,Passenger,45 to 49,Major,,0,0,1,0,0,0,0,Yes,0,0,0,0,0,119.0,119.0
43.656445,-79.40769,At Intersection,Rain,Daylight,Wet,Non-Fatal Injury,Pedestrian Collisions,Pedestrian,30 to 34,Major,,1,0,0,0,1,0,0,,0,0,0,0,0,78.0,78.0
43.661945,-79.48969,,Snow,Daylight,Wet,Non-Fatal Injury,Pedestrian Collisions,Vehicle Owner,unknown,,,1,0,1,0,0,0,0,,0,1,0,0,0,89.0,89.0
43.661945,-79.48969,,Snow,Daylight,Wet,Non-Fatal Injury,Pedestrian Collisions,Driver,50 to 54,None,Normal,1,0,1,0,0,0,0,,0,1,0,0,0,89.0,89.0
43.661945,-79.48969,,Snow,Daylight,Wet,Non-Fatal Injury,Pedestrian Collisions,Pedestrian,5 to 9,Major,,1,0,1,0,0,0,0,,0,1,0,0,0,89.0,89.0
43.658245,-79.37789,At Intersection,Clear,Dark,Wet,Non-Fatal Injury,Pedestrian Collisions,Driver,20 to 24,None,Normal,1,0,1,0,0,0,0,,0,0,0,0,0,168.0,75.0
43.658245,-79.37789,At Intersection,Clear,Dark,Wet,Non-Fatal Injury,Pedestrian Collisions,Pedestrian,75 to 79,Major,,1,0,1,0,0,0,0,,0,0,0,0,0,168.0,75.0
43.754245,-79.25159,At Intersection,Clear,Daylight,Dry,Non-Fatal Injury,Pedestrian Collisions,Driver,15 to 19,None,Unknown,1,0,1,0,0,0,0,,0,0,0,0,0,157.0,127.0
43.754245,-79.25159,At Intersection,Clear,Daylight,Dry,Non-Fatal Injury,Pedestrian Collisions,Pedestrian,45 to 49,Major,,1,0,1,0,0,0,0,,0,0,0,0,0,157.0,127.0
43.669745,-79.38259,,Clear,Daylight,Dry,Non-Fatal Injury,Pedestrian Collisions,Driver,35 to 39,None,Normal,1,0,1,0,0,0,0,,0,0,0,0,0,167.0,75.0
43.669745,-79.38259,,Clear,Daylight,Dry,Non-Fatal Injury,Pedestrian Collisions,Pedestrian,40 to 44,Major,,1,0,1,0,0,0,0,,0,0,0,0,0,167.0,75.0
43.651545,-79.36709,,Clear,Daylight,Dry,Non-Fatal Injury,Turning Movement,Passenger,45 to 49,Major,,0,0,1,0,0,0,0,Yes,0,1,0,0,0,73.0,73.0
43.651545,-79.36709,,Clear,Daylight,Dry,Non-Fatal Injury,Turning Movement,Vehicle Owner,unknown,,,0,0,1,0,0,0,0,Yes,0,1,0,0,0,73.0,73.0
43.651545,-79.36709,,Clear,Daylight,Dry,Non-Fatal Injury,Turning Movement,Driver,45 to 49,None,Normal,0,0,1,0,0,0,0,Yes,0,1,0,0,0,73.0,73.0
43.651545,-79.36709,,Clear,Daylight,Dry,Non-Fatal Injury,Turning Movement,Vehicle Owner,unknown,,,0,0,1,0,0,0,0,Yes,0,1,0,0,0,73.0,73.0
43.651545,-79.36709,,Clear,Daylight,Dry,Non-Fatal Injury,Turning Movement,Driver,45 to 49,None,Normal,0,0,1,0,0,0,0,Yes,0,1,0,0,0,73.0,73.0
43.651545,-79.36709,,Clear,Daylight,Dry,Non-Fatal Injury,Turning Movement,Other Property Owner,unknown,,,0,0,1,0,0,0,0,Yes,0,1,0,0,0,73.0,73.0
43.693545,-79.38469,At Intersection,Clear,Daylight,Dry,Non-Fatal Injury,Pedestrian Collisions,Passenger,80 to 84,None,,1,0,1,0,0,0,0,Yes,0,1,0,0,0,98.0,98.0
43.693545,-79.38469,At Intersection,Clear,Daylight,Dry,Non-Fatal Injury,Pedestrian Collisions,Driver,75 to 79,None,Normal,1,0,1,0,0,0,0,Yes,0,1,0,0,0,98.0,98.0
43.693545,-79.38469,At Intersection,Clear,Daylight,Dry,Non-Fatal Injury,Pedestrian Collisions,Pedestrian,40 to 44,Major,,1,0,1,0,0,0,0,Yes,0,1,0,0,0,98.0,98.0
43.650845,-79.38659,At Intersection,Clear,Dark,Dry,Non-Fatal Injury,Angle,Driver,45 to 49,Major,Inattentive,0,0,1,0,0,0,0,,0,1,1,0,0,170.0,76.0
43.650845,-79.38659,At Intersection,Clear,Dark,Dry,Non-Fatal Injury,Angle,Vehicle Owner,unknown,,,0,0,1,0,0,0,0,,0,1,1,0,0,170.0,76.0
43.650845,-79.38659,At Intersection,Clear,Dark,Dry,Non-Fatal Injury,Angle,Driver,40 to 44,None,Normal,0,0,1,0,0,0,0,,0,1,1,0,0,170.0,76.0
43.671645,-79.33389,,Clear,Daylight,Dry,Non-Fatal Injury,SMV Other,Driver,50 to 54,None,Inattentive,0,0,1,0,0,0,0,Yes,0,0,0,0,0,70.0,70.0
43.671645,-79.33389,,Clear,Daylight,Dry,Non-Fatal Injury,SMV Other,Passenger,55 to 59,Minor,,0,0,1,0,0,0,0,Yes,0,0,0,0,0,70.0,70.0
43.671645,-79.33389,,Clear,Daylight,Dry,Non-Fatal Injury,SMV Other,Driver,20 to 24,Major,Unknown,0,0,1,0,0,0,0,Yes,0,0,0,0,0,70.0,70.0
43.745745,-79.23069,At Intersection,Clear,Dark,Dry,Non-Fatal Injury,SMV Other,Driver,40 to 44,Major,Normal,0,0,1,0,0,0,0,Yes,0,0,0,0,0,141.0,137.0
43.745745,-79.23069,At Intersection,Clear,Dark,Dry,Non-Fatal Injury,SMV Other,Passenger,30 to 34,Major,,0,0,1,0,0,0,0,Yes,0,0,0,0,0,141.0,137.0
43.704345,-79.40959,,Clear,Dark,Dry,Non-Fatal Injury,Pedestrian Collisions,Passenger,45 to 49,None,,1,0,1,0,0,0,0,Yes,0,0,0,0,0,100.0,100.0
43.678645,-79.44329,,Snow,Dark,Slush,Fatal,Pedestrian Collisions,Pedestrian,55 to 59,Fatal,,1,0,0,0,0,1,0,,0,0,0,0,0,92.0,92.0
43.704345,-79.40959,,Clear,Dark,Dry,Non-Fatal Injury,Pedestrian Collisions,Passenger,30 to 34,None,,1,0,1,0,0,0,0,Yes,0,0,0,0,0,100.0,100.0
43.704345,-79.40959,,Clear,Dark,Dry,Non-Fatal Injury,Pedestrian Collisions,Driver,25 to 29,None,Normal,1,0,1,0,0,0,0,Yes,0,0,0,0,0,100.0,100.0
43.704345,-79.40959,,Clear,Dark,Dry,Non-Fatal Injury,Pedestrian Collisions,Pedestrian,70 to 74,Major,,1,0,1,0,0,0,0,Yes,0,0,0,0,0,100.0,100.0
43.747145,-79.22069,,Clear,Dark,Dry,Non-Fatal Injury,Pedestrian Collisions,Vehicle Owner,unknown,,,1,0,1,0,0,0,0,Yes,0,0,0,0,0,139.0,139.0
43.747145,-79.22069,,Clear,Dark,Dry,Non-Fatal Injury,Pedestrian Collisions,Passenger,15 to 19,None,,1,0,1,0,0,0,0,Yes,0,0,0,0,0,139.0,139.0
43.747145,-79.22069,,Clear,Dark,Dry,Non-Fatal Injury,Pedestrian Collisions,Driver,15 to 19,None,Normal,1,0,1,0,0,0,0,Yes,0,0,0,0,0,139.0,139.0
43.747145,-79.22069,,Clear,Dark,Dry,Non-Fatal Injury,Pedestrian Collisions,Pedestrian,85 to 89,Major,,1,0,1,0,0,0,0,Yes,0,0,0,0,0,139.0,139.0
43.648242,-79.354907,At Intersection,Clear,Daylight,Wet,Non-Fatal Injury,Angle,Driver,60 to 64,Minor,Other,0,0,1,0,0,0,0,,0,1,1,0,0,166.0,77.0
43.648242,-79.354907,At Intersection,Clear,Daylight,Wet,Non-Fatal Injury,Angle,Driver,20 to 24,Major,Normal,0,0,1,0,0,0,0,,0,1,1,0,0,166.0,77.0
43.648242,-79.354907,At Intersection,Clear,Daylight,Wet,Non-Fatal Injury,Angle,Other Property Owner,unknown,,,0,0,1,0,0,0,0,,0,1,1,0,0,166.0,77.0
43.699845,-79.51539,At Intersection,Clear,Daylight,Dry,Non-Fatal Injury,Pedestrian Collisions,Driver,40 to 44,Major,Medical or Physical Disability,1,0,1,0,0,0,0,,0,0,0,0,1,113.0,113.0
43.699845,-79.51539,At Intersection,Clear,Daylight,Dry,Non-Fatal Injury,Pedestrian Collisions,Other Property Owner,unknown,,,1,0,1,0,0,0,0,,0,0,0,0,1,113.0,113.0
43.699845,-79.51539,At Intersection,Clear,Daylight,Dry,Non-Fatal Injury,Pedestrian Collisions,Pedestrian,30 to 34,Major,,1,0,1,0,0,0,0,,0,0,0,0,1,113.0,113.0
43.799145,-79.21289,At Intersection,Clear,Dark,Dry,Fatal,Pedestrian Collisions,Driver,30 to 34,None,Normal,1,0,1,0,0,0,0,,1,1,0,0,0,146.0,132.0
43.799145,-79.21289,At Intersection,Clear,Dark,Dry,Fatal,Pedestrian Collisions,Pedestrian,20 to 24,Fatal,,1,0,1,0,0,0,0,,1,1,0,0,0,146.0,132.0
43.689044,-79.302287,,Clear,Daylight,Dry,Non-Fatal Injury,Pedestrian Collisions,Driver,unknown,None,,1,0,1,0,0,0,0,,0,0,0,0,0,62.0,62.0
43.689044,-79.302287,,Clear,Daylight,Dry,Non-Fatal Injury,Pedestrian Collisions,Pedestrian,45 to 49,Major,,1,0,1,0,0,0,0,,0,0,0,0,0,62.0,62.0
43.665745,-79.58779,,Clear,Dawn,Dry,Non-Fatal Injury,SMV Other,Driver,60 to 64,Major,Inattentive,0,0,1,0,0,0,0,,0,0,0,0,0,11.0,11.0
43.665745,-79.58779,,Clear,Dawn,Dry,Non-Fatal Injury,SMV Other,Other Property Owner,unknown,,,0,0,1,0,0,0,0,,0,0,0,0,0,11.0,11.0
43.621845,-79.54319,,Clear,Daylight,Dry,Fatal,Approaching,Driver,70 to 74,Fatal,Unknown,0,0,1,0,1,0,0,,0,0,0,0,0,159.0,14.0
43.621845,-79.54319,,Clear,Daylight,Dry,Fatal,Approaching,Vehicle Owner,unknown,,,0,0,1,0,1,0,0,,0,0,0,0,0,159.0,14.0
43.621845,-79.54319,,Clear,Daylight,Dry,Fatal,Approaching,Truck Driver,50 to 54,Minor,Normal,0,0,1,0,1,0,0,,0,0,0,0,0,159.0,14.0
43.621845,-79.54319,,Clear,Daylight,Dry,Fatal,Approaching,Driver,25 to 29,None,Normal,0,0,1,0,1,0,0,,0,0,0,0,0,159.0,14.0
43.653345,-79.39619,At Intersection,Clear,Daylight,Dry,Non-Fatal Injury,Pedestrian Collisions,Pedestrian,75 to 79,Major,,1,0,1,0,0,0,0,,0,1,0,0,0,78.0,78.0
43.653345,-79.39619,At Intersection,Clear,Daylight,Dry,Non-Fatal Injury,Pedestrian Collisions,Driver,50 to 54,None,Inattentive,1,0,1,0,0,0,0,,0,1,0,0,0,78.0,78.0
43.653545,-79.42639,At Intersection,Clear,Daylight,Dry,Non-Fatal Injury,Cyclist Collisions,Vehicle Owner,unknown,,,0,1,0,0,1,0,0,,0,0,0,0,0,84.0,84.0
43.653545,-79.42639,At Intersection,Clear,Daylight,Dry,Non-Fatal Injury,Cyclist Collisions,Truck Driver,60 to 64,None,Normal,0,1,0,0,1,0,0,,0,0,0,0,0,84.0,84.0
43.653545,-79.42639,At Intersection,Clear,Daylight,Dry,Non-Fatal Injury,Cyclist Collisions,Cyclist,45 to 49,Major,,0,1,0,0,1,0,0,,0,0,0,0,0,84.0,84.0
43.658445,-79.37019,At Intersection,Rain,Dawn,Wet,Non-Fatal Injury,Pedestrian Collisions,Driver,50 to 54,None,Normal,1,0,1,0,0,0,0,,0,0,0,0,0,73.0,73.0
43.658445,-79.37019,At Intersection,Rain,Dawn,Wet,Non-Fatal Injury,Pedestrian Collisions,Pedestrian,65 to 69,Major,,1,0,1,0,0,0,0,,0,0,0,0,0,73.0,73.0
43.748245,-79.54159,At Intersection,Clear,Dark,Dry,Non-Fatal Injury,Sideswipe,Driver,50 to 54,None,Normal,0,0,1,0,0,0,0,Yes,0,0,0,0,0,22.0,22.0
43.748245,-79.54159,At Intersection,Clear,Dark,Dry,Non-Fatal Injury,Sideswipe,Driver,40 to 44,Minor,Normal,0,0,1,0,0,0,0,Yes,0,0,0,0,0,22.0,22.0
43.748245,-79.54159,At Intersection,Clear,Dark,Dry,Non-Fatal Injury,Sideswipe,Passenger,55 to 59,Major,,0,0,1,0,0,0,0,Yes,0,0,0,0,0,22.0,22.0
43.748245,-79.54159,At Intersection,Clear,Dark,Dry,Non-Fatal Injury,Sideswipe,Passenger,10 to 14,Minimal,,0,0,1,0,0,0,0,Yes,0,0,0,0,0,22.0,22.0
43.748245,-79.54159,At Intersection,Clear,Dark,Dry,Non-Fatal Injury,Sideswipe,Driver,35 to 39,Minor,Normal,0,0,1,0,0,0,0,Yes,0,0,0,0,0,22.0,22.0
43.748245,-79.54159,At Intersection,Clear,Dark,Dry,Non-Fatal Injury,Sideswipe,Vehicle Owner,unknown,,,0,0,1,0,0,0,0,Yes,0,0,0,0,0,22.0,22.0
43.748245,-79.54159,At Intersection,Clear,Dark,Dry,Non-Fatal Injury,Sideswipe,Driver,20 to 24,None,Normal,0,0,1,0,0,0,0,Yes,0,0,0,0,0,22.0,22.0
43.717445,-79.43769,At Intersection,Clear,Dark,Dry,Non-Fatal Injury,Turning Movement,Driver,70 to 74,Minimal,Normal,0,0,1,0,0,0,0,Yes,0,1,0,0,0,32.0,32.0
43.717445,-79.43769,At Intersection,Clear,Dark,Dry,Non-Fatal Injury,Turning Movement,Passenger,unknown,Minor,,0,0,1,0,0,0,0,Yes,0,1,0,0,0,32.0,32.0
43.717445,-79.43769,At Intersection,Clear,Dark,Dry,Non-Fatal Injury,Turning Movement,Passenger,0 to 4,Major,,0,0,1,0,0,0,0,Yes,0,1,0,0,0,32.0,32.0
43.717445,-79.43769,At Intersection,Clear,Dark,Dry,Non-Fatal Injury,Turning Movement,Vehicle Owner,unknown,,,0,0,1,0,0,0,0,Yes,0,1,0,0,0,32.0,32.0
43.717445,-79.43769,At Intersection,Clear,Dark,Dry,Non-Fatal Injury,Turning Movement,Driver,25 to 29,Minor,Normal,0,0,1,0,0,0,0,Yes,0,1,0,0,0,32.0,32.0
43.733745,-79.53819,At Intersection,Rain,Dark,Wet,Non-Fatal Injury,SMV Other,Driver,35 to 39,Major,Unknown,0,0,1,0,0,0,0,,0,0,0,0,0,23.0,23.0
43.733745,-79.53819,At Intersection,Rain,Dark,Wet,Non-Fatal Injury,SMV Other,Other Property Owner,unknown,,,0,0,1,0,0,0,0,,0,0,0,0,0,23.0,23.0
43.655745,-79.45229,,Clear,Daylight,Dry,Non-Fatal Injury,Pedestrian Collisions,Other,25 to 29,None,,1,0,1,0,0,0,0,,0,0,0,0,0,86.0,86.0
43.655745,-79.45229,,Clear,Daylight,Dry,Non-Fatal Injury,Pedestrian Collisions,Pedestrian,60 to 64,Major,,1,0,1,0,0,0,0,,0,0,0,0,0,86.0,86.0
43.655745,-79.45229,,Clear,Daylight,Dry,Non-Fatal Injury,Pedestrian Collisions,Driver,20 to 24,None,Normal,1,0,1,0,0,0,0,,0,0,0,0,0,86.0,86.0
43.666245,-79.37829,At Intersection,Clear,Daylight,Dry,Non-Fatal Injury,Cyclist Collisions,Driver,65 to 69,None,Normal,0,1,1,0,0,0,0,,0,0,0,0,0,71.0,71.0
43.666245,-79.37829,At Intersection,Clear,Daylight,Dry,Non-Fatal Injury,Cyclist Collisions,Cyclist,65 to 69,Major,,0,1,1,0,0,0,0,,0,0,0,0,0,71.0,71.0
43.775045,-79.34339,At Intersection,Clear,Dark,Dry,Non-Fatal Injury,Pedestrian Collisions,Driver,60 to 64,None,Inattentive,1,0,1,0,0,0,0,,0,1,0,0,0,53.0,53.0
43.775045,-79.34339,At Intersection,Clear,Dark,Dry,Non-Fatal Injury,Pedestrian Collisions,Pedestrian,55 to 59,Major,,1,0,1,0,0,0,0,,0,1,0,0,0,53.0,53.0
43.785745,-79.40909,,Clear,Dark,Dry,Non-Fatal Injury,Rear End,Vehicle Owner,unknown,,,0,0,1,0,0,0,0,,1,1,0,0,1,50.0,50.0
43.785745,-79.40909,,Clear,Dark,Dry,Non-Fatal Injury,Rear End,Driver,55 to 59,Minor,Normal,0,0,1,0,0,0,0,,1,1,0,0,1,50.0,50.0
43.785745,-79.40909,,Clear,Dark,Dry,Non-Fatal Injury,Rear End,Driver,75 to 79,Major,Medical or Physical Disability,0,0,1,0,0,0,0,,1,1,0,0,1,50.0,50.0
43.703445,-79.41389,At Intersection,Clear,Daylight,Dry,Non-Fatal Injury,Rear End,Driver,70 to 74,Minor,Normal,0,0,1,0,0,0,0,,0,1,1,0,0,101.0,101.0
43.703445,-79.41389,At Intersection,Clear,Daylight,Dry,Non-Fatal Injury,Rear End,Driver,65 to 69,Major,Normal,0,0,1,0,0,0,0,,0,1,1,0,0,101.0,101.0
43.703445,-79.41389,At Intersection,Clear,Daylight,Dry,Non-Fatal Injury,Rear End,Vehicle Owner,unknown,,,0,0,1,0,0,0,0,,0,1,1,0,0,101.0,101.0
43.703445,-79.41389,At Intersection,Clear,Daylight,Dry,Non-Fatal Injury,Rear End,Driver,35 to 39,Minor,Normal,0,0,1,0,0,0,0,,0,1,1,0,0,101.0,101.0
43.826745,-79.23999,,Clear,Daylight,Dry,Non-Fatal Injury,SMV Other,Driver,25 to 29,Major,Normal,0,0,1,0,0,0,0,,0,1,0,0,0,144.0,131.0
43.826745,-79.23999,,Clear,Daylight,Dry,Non-Fatal Injury,SMV Other,Other Property Owner,unknown,,,0,0,1,0,0,0,0,,0,1,0,0,0,144.0,131.0
43.708245,-79.25009,,Clear,Dark,Dry,Non-Fatal Injury,Rear End,Motorcycle Driver,30 to 34,Major,Had Been Drinking,0,0,1,1,0,0,0,,0,1,0,1,0,122.0,122.0
43.826745,-79.23999,,Clear,Daylight,Dry,Non-Fatal Injury,SMV Other,Other Property Owner,unknown,,,0,0,1,0,0,0,0,,0,1,0,0,0,144.0,131.0
43.723345,-79.49679,At Intersection,Clear,Daylight,Dry,Non-Fatal Injury,SMV Other,Driver,70 to 74,Major,Other,0,0,1,0,0,0,0,,0,0,0,0,0,154.0,26.0
43.723345,-79.49679,At Intersection,Clear,Daylight,Dry,Non-Fatal Injury,SMV Other,Other Property Owner,unknown,,,0,0,1,0,0,0,0,,0,0,0,0,0,154.0,26.0
43.739845,-79.60559,At Intersection,Clear,Daylight,Dry,Non-Fatal Injury,Sideswipe,Passenger,30 to 34,Major,,0,0,1,0,1,0,0,Yes,0,0,0,0,0,1.0,1.0
43.739845,-79.60559,At Intersection,Clear,Daylight,Dry,Non-Fatal Injury,Sideswipe,Driver,85 to 89,Minor,Normal,0,0,1,0,1,0,0,Yes,0,0,0,0,0,1.0,1.0
43.739845,-79.60559,At Intersection,Clear,Daylight,Dry,Non-Fatal Injury,Sideswipe,Vehicle Owner,unknown,,,0,0,1,0,1,0,0,Yes,0,0,0,0,0,1.0,1.0
43.739845,-79.60559,At Intersection,Clear,Daylight,Dry,Non-Fatal Injury,Sideswipe,Truck Driver,45 to 49,None,Normal,0,0,1,0,1,0,0,Yes,0,0,0,0,0,1.0,1.0
43.831645,-79.24569,At Intersection,Clear,Dark,Dry,Non-Fatal Injury,Angle,Driver,30 to 34,Minor,Normal,0,0,1,0,0,0,0,,0,1,0,1,0,144.0,131.0
43.803745,-79.28629,At Intersection,Rain,Dusk,Wet,Non-Fatal Injury,Turning Movement,Driver,20 to 24,None,Inattentive,0,0,1,0,0,0,0,,0,1,0,0,0,128.0,128.0
43.635945,-79.47299,At Intersection,Clear,Daylight,Wet,Non-Fatal Injury,Rear End,Vehicle Owner,unknown,,,0,0,0,0,0,1,0,Yes,0,1,0,0,0,87.0,87.0
43.614145,-79.51729,,Clear,Daylight,Dry,Non-Fatal Injury,Turning Movement,Vehicle Owner,unknown,,,0,0,1,0,0,0,0,,0,1,0,0,0,160.0,17.0
43.655945,-79.38279,,Clear,Daylight,Dry,Non-Fatal Injury,Cyclist Collisions,Vehicle Owner,unknown,,,0,1,1,0,0,0,0,,0,1,0,0,0,170.0,76.0
43.730545,-79.25099,At Intersection,Clear,Dark,Dry,Non-Fatal Injury,Turning Movement,Passenger,45 to 49,Major,,0,0,1,0,0,0,0,Yes,0,1,0,0,0,124.0,124.0
43.665745,-79.49119,At Intersection,Clear,Daylight,Dry,Fatal,Turning Movement,Driver,25 to 29,None,Normal,0,0,1,0,0,1,0,Yes,0,1,0,0,0,89.0,89.0
43.730545,-79.25099,At Intersection,Clear,Dark,Dry,Non-Fatal Injury,Turning Movement,Driver,50 to 54,Major,Unknown,0,0,1,0,0,0,0,Yes,0,1,0,0,0,124.0,124.0
43.665745,-79.49119,At Intersection,Clear,Daylight,Dry,Fatal,Turning Movement,Vehicle Owner,unknown,,,0,0,1,0,0,1,0,Yes,0,1,0,0,0,89.0,89.0
43.635945,-79.47299,At Intersection,Clear,Daylight,Wet,Non-Fatal Injury,Rear End,Driver,30 to 34,None,Inattentive,0,0,0,0,0,1,0,Yes,0,1,0,0,0,87.0,87.0
43.655945,-79.38279,,Clear,Daylight,Dry,Non-Fatal Injury,Cyclist Collisions,Driver,25 to 29,None,Normal,0,1,1,0,0,0,0,,0,1,0,0,0,170.0,76.0
43.831645,-79.24569,At Intersection,Clear,Dark,Dry,Non-Fatal Injury,Angle,Driver,30 to 34,Major,"Ability Impaired, Alcohol",0,0,1,0,0,0,0,,0,1,0,1,0,144.0,131.0
43.635945,-79.47299,At Intersection,Clear,Daylight,Wet,Non-Fatal Injury,Rear End,Passenger,unknown,Minimal,,0,0,0,0,0,1,0,Yes,0,1,0,0,0,87.0,87.0
43.655945,-79.38279,,Clear,Daylight,Dry,Non-Fatal Injury,Cyclist Collisions,Cyclist,25 to 29,Major,,0,1,1,0,0,0,0,,0,1,0,0,0,170.0,76.0
43.652745,-79.39889,At Intersection,Clear,Daylight,Other,Non-Fatal Injury,Pedestrian Collisions,Driver,75 to 79,None,Inattentive,1,0,1,0,0,0,0,,0,1,0,0,0,78.0,78.0
43.614145,-79.51729,,Clear,Daylight,Dry,Non-Fatal Injury,Turning Movement,Driver,20 to 24,None,Normal,0,0,1,0,0,0,0,,0,1,0,0,0,160.0,17.0
43.730545,-79.25099,At Intersection,Clear,Dark,Dry,Non-Fatal Injury,Turning Movement,Driver,40 to 44,Minimal,Normal,0,0,1,0,0,0,0,Yes,0,1,0,0,0,124.0,124.0
43.708245,-79.25009,,Clear,Dark,Dry,Non-Fatal Injury,Rear End,Driver,45 to 49,None,"Ability Impaired, Alcohol Over .08",0,0,1,1,0,0,0,,0,1,0,1,0,122.0,122.0
43.665745,-79.49119,At Intersection,Clear,Daylight,Dry,Fatal,Turning Movement,Driver,45 to 49,None,Normal,0,0,1,0,0,1,0,Yes,0,1,0,0,0,89.0,89.0
43.652745,-79.39889,At Intersection,Clear,Daylight,Other,Non-Fatal Injury,Pedestrian Collisions,Driver,65 to 69,None,Normal,1,0,1,0,0,0,0,,0,1,0,0,0,78.0,78.0
43.655845,-79.38299,,Clear,Daylight,Wet,Non-Fatal Injury,Cyclist Collisions,Driver,40 to 44,None,Inattentive,0,1,1,0,0,0,0,,0,0,0,0,0,170.0,76.0
43.771945,-79.41359,At Intersection,Clear,Daylight,Dry,Non-Fatal Injury,Turning Movement,Motorcycle Driver,30 to 34,Major,Normal,0,0,1,1,0,0,0,,0,1,0,0,0,37.0,37.0
43.793645,-79.31209,,Snow,Dark,Wet,Non-Fatal Injury,SMV Other,Driver,40 to 44,Major,"Ability Impaired, Alcohol",0,0,1,0,0,0,0,,1,1,0,1,0,148.0,117.0
43.635945,-79.47299,At Intersection,Clear,Daylight,Wet,Non-Fatal Injury,Rear End,Passenger,65 to 69,Minimal,,0,0,0,0,0,1,0,Yes,0,1,0,0,0,87.0,87.0
43.661545,-79.40979,At Intersection,Clear,Dark,Dry,Non-Fatal Injury,Pedestrian Collisions,Driver,25 to 29,None,Normal,1,0,1,0,0,0,0,,1,1,0,0,0,80.0,80.0
43.793645,-79.31209,,Snow,Dark,Wet,Non-Fatal Injury,SMV Other,Other Property Owner,unknown,,,0,0,1,0,0,0,0,,1,1,0,1,0,148.0,117.0
43.635945,-79.47299,At Intersection,Clear,Daylight,Wet,Non-Fatal Injury,Rear End,Passenger,45 to 49,Minimal,,0,0,0,0,0,1,0,Yes,0,1,0,0,0,87.0,87.0