LATITUDE,LONGITUDE,ACCLOC,VISIBILITY,LIGHT,RDSFCOND,ACCLASS,IMPACTYPE,INVTYPE,INVAGE,INJURY,DRIVCOND,PEDESTRIAN,CYCLIST,AUTOMOBILE,MOTORCYCLE,TRUCK,TRSN_CITY_VEH,EMERG_VEH,PASSENGER,SPEEDING,AG_DRIV,REDLIGHT,ALCOHOL,DISABILITY,HOOD_158,HOOD_140
43.676845,-79.59109,At Intersection,Clear,Daylight,Dry,Non-Fatal Injury,Pedestrian Collisions,Pedestrian,55 to 59,Major,,1,0,1,0,0,0,0,,0,1,0,0,0,1.0,1.0
43.665045,-79.47019,,Clear,Dark,Wet,Non-Fatal Injury,Pedestrian Collisions,Pedestrian,25 to 29,Major,,1,0,1,0,0,0,0,,0,0,0,0,0,90.0,90.0
43.725145,-79.23239,At Intersection,Clear,Daylight,Dry,Non-Fatal Injury,Pedestrian Collisions,Pedestrian,20 to 24,Major,,1,0,1,0,0,0,0,,0,1,0,0,0,123.0,123.0
43.648945,-79.52929,,Clear,Dark,Dry,Non-Fatal Injury,Pedestrian Collisions,Pedestrian,85 to 89,Major,,1,0,1,0,0,0,0,,0,0,0,0,0,158.0,14.0
43.674845,-79.40709,At Intersection,Clear,Dark,Wet,Non-Fatal Injury,Cyclist Collisions,Driver,60 to 64,None,Normal,0,1,1,0,0,0,0,,0,1,0,0,0,95.0,95.0
43.656545,-79.39499,,Clear,Dark,Dry,Non-Fatal Injury,Pedestrian Collisions,Other,unknown,None,,1,0,1,0,0,0,0,,1,1,0,1,0,78.0,78.0
43.681245,-79.33319,,Clear,Daylight,Dry,Non-Fatal Injury,Turning Movement,Other,unknown,None,,0,0,1,1,0,0,0,,0,0,0,0,0,69.0,69.0
43.681545,-79.47679,At Intersection,Clear,Daylight,Dry,Non-Fatal Injury,Pedestrian Collisions,Driver,60 to 64,None,Unknown,1,0,1,0,0,0,0,,0,1,0,0,0,111.0,111.0
43.705045,-79.34989,At Intersection,Rain,Daylight,Wet,Non-Fatal Injury,Pedestrian Collisions,Pedestrian,65 to 69,Major,,1,0,1,0,0,0,0,,0,1,0,0,0,55.0,55.0
43.637945,-79.45899,At Intersection,Clear,Dark,Dry,Fatal,Cyclist Collisions,Driver,60 to 64,None,Normal,0,1,1,0,0,0,0,,0,0,0,0,0,85.0,85.0
43.715945,-79.41229,At Intersection,Rain,Dark,Wet,Non-Fatal Injury,Pedestrian Collisions,Driver,45 to 49,None,Normal,1,0,1,0,0,0,0,,0,0,0,0,0,103.0,103.0
43.707045,-79.39669,,Clear,Daylight,Dry,Non-Fatal Injury,Pedestrian Collisions,Truck Driver,45 to 49,None,Inattentive,1,0,0,0,1,0,0,,1,1,0,0,0,174.0,104.0
43.732045,-79.58939,At Intersection,Snow,Daylight,Loose Snow,Non-Fatal Injury,Pedestrian Collisions,Vehicle Owner,unknown,,,1,0,0,0,0,1,0,,0,1,0,0,0,2.0,2.0
43.656545,-79.39499,,Clear,Dark,Dry,Non-Fatal Injury,Pedestrian Collisions,Other,unknown,None,,1,0,1,0,0,0,0,,1,1,0,1,0,78.0,78.0
43.681545,-79.47679,At Intersection,Clear,Daylight,Dry,Non-Fatal Injury,Pedestrian Collisions,Pedestrian,30 to 34,Major,,1,0,1,0,0,0,0,,0,1,0,0,0,111.0,111.0
43.674845,-79.40709,At Intersection,Clear,Dark,Wet,Non-Fatal Injury,Cyclist Collisions,Cyclist,20 to 24,Major,,0,1,1,0,0,0,0,,0,1,0,0,0,95.0,95.0
43.637945,-79.45899,At Intersection,Clear,Dark,Dry,Fatal,Cyclist Collisions,Cyclist,25 to 29,Fatal,,0,1,1,0,0,0,0,,0,0,0,0,0,85.0,85.0
43.681245,-79.33319,,Clear,Daylight,Dry,Non-Fatal Injury,Turning Movement,Vehicle Owner,unknown,,,0,0,1,1,0,0,0,,0,0,0,0,0,69.0,69.0
43.715945,-79.41229,At Intersection,Rain,Dark,Wet,Non-Fatal Injury,Pedestrian Collisions,Pedestrian,20 to 24,Major,,1,0,1,0,0,0,0,,0,0,0,0,0,103.0,103.0
43.681245,-79.33319,,Clear,Daylight,Dry,Non-Fatal Injury,Turning Movement,Driver,35 to 39,None,Inattentive,0,0,1,1,0,0,0,,0,0,0,0,0,69.0,69.0
43.707045,-79.39669,,Clear,Daylight,Dry,Non-Fatal Injury,Pedestrian Collisions,Other,unknown,None,,1,0,0,0,1,0,0,,1,1,0,0,0,174.0,104.0
43.732045,-79.58939,At Intersection,Snow,Daylight,Loose Snow,Non-Fatal Injury,Pedestrian Collisions,Driver,40 to 44,None,Inattentive,1,0,0,0,0,1,0,,0,1,0,0,0,2.0,2.0
43.656445,-79.40769,At Intersection,Clear,Dark,Dry,Non-Fatal Injury,Pedestrian Collisions,Vehicle Owner,unknown,,,1,0,1,0,0,0,0,,0,0,0,0,0,78.0,78.0
43.772145,-79.25149,At Intersection,Clear,Dark,Dry,Non-Fatal Injury,Turning Movement,Driver,55 to 59,None,Normal,0,0,1,1,0,0,0,,1,1,0,0,0,142.0,137.0
43.744145,-79.40669,,Clear,Daylight,Dry,Non-Fatal Injury,Rear End,Driver,70 to 74,Major,Other,0,0,1,0,0,0,0,Yes,0,1,0,0,0,40.0,40.0
43.805745,-79.27739,At Intersection,Rain,Dark,Wet,Non-Fatal Injury,Pedestrian Collisions,Driver,40 to 44,None,Inattentive,1,0,1,0,0,0,0,,0,1,0,0,0,129.0,129.0
43.803845,-79.29819,At Intersection,Clear,Daylight,Dry,Non-Fatal Injury,Turning Movement,Vehicle Owner,unknown,,,0,0,1,0,0,1,0,Yes,0,1,0,0,0,130.0,130.0
43.656545,-79.39499,,Clear,Dark,Dry,Non-Fatal Injury,Pedestrian Collisions,Vehicle Owner,unknown,,,1,0,1,0,0,0,0,,1,1,0,1,0,78.0,78.0
43.707045,-79.39669,,Clear,Daylight,Dry,Non-Fatal Injury,Pedestrian Collisions,Pedestrian,40 to 44,Major,,1,0,0,0,1,0,0,,1,1,0,0,0,174.0,104.0
43.656545,-79.39499,,Clear,Dark,Dry,Non-Fatal Injury,Pedestrian Collisions,Driver,20 to 24,None,"Ability Impaired, Alcohol Over .08",1,0,1,0,0,0,0,,1,1,0,1,0,78.0,78.0
43.656445,-79.40769,At Intersection,Clear,Dark,Dry,Non-Fatal Injury,Pedestrian Collisions,Driver,50 to 54,None,Normal,1,0,1,0,0,0,0,,0,0,0,0,0,78.0,78.0
43.744145,-79.40669,,Clear,Daylight,Dry,Non-Fatal Injury,Rear End,Passenger,40 to 44,None,,0,0,1,0,0,0,0,Yes,0,1,0,0,0,40.0,40.0
43.732045,-79.58939,At Intersection,Snow,Daylight,Loose Snow,Non-Fatal Injury,Pedestrian Collisions,Pedestrian,10 to 14,Major,,1,0,0,0,0,1,0,,0,1,0,0,0,2.0,2.0
43.805745,-79.27739,At Intersection,Rain,Dark,Wet,Non-Fatal Injury,Pedestrian Collisions,Pedestrian,50 to 54,Major,,1,0,1,0,0,0,0,,0,1,0,0,0,129.0,129.0
43.803845,-79.29819,At Intersection,Clear,Daylight,Dry,Non-Fatal Injury,Turning Movement,Driver,40 to 44,None,Inattentive,0,0,1,0,0,1,0,Yes,0,1,0,0,0,130.0,130.0
43.772145,-79.25149,At Intersection,Clear,Dark,Dry,Non-Fatal Injury,Turning Movement,Motorcycle Driver,20 to 24,Major,Normal,0,0,1,1,0,0,0,,1,1,0,0,0,142.0,137.0
43.733645,-79.600589,At Intersection,Clear,Dark,Dry,Non-Fatal Injury,Pedestrian Collisions,Driver,unknown,None,Unknown,1,0,1,0,0,0,0,,0,0,0,0,0,1.0,1.0
43.646845,-79.43039,At Intersection,Clear,Daylight,Dry,Non-Fatal Injury,Pedestrian Collisions,Driver,35 to 39,None,Normal,1,0,1,0,0,0,0,,0,0,0,0,0,84.0,84.0
43.646845,-79.43039,At Intersection,Clear,Daylight,Dry,Non-Fatal Injury,Pedestrian Collisions,Pedestrian,10 to 14,Major,,1,0,1,0,0,0,0,,0,0,0,0,0,84.0,84.0
43.749145,-79.51569,At Intersection,Clear,Dark,Dry,Non-Fatal Injury,Pedestrian Collisions,Driver,55 to 59,Minimal,Normal,1,0,1,0,0,0,0,,0,1,0,0,0,25.0,25.0
43.656545,-79.39499,,Clear,Dark,Dry,Non-Fatal Injury,Pedestrian Collisions,Pedestrian,20 to 24,Major,,1,0,1,0,0,0,0,,1,1,0,1,0,78.0,78.0
43.656445,-79.40769,At Intersection,Clear,Dark,Dry,Non-Fatal Injury,Pedestrian Collisions,Pedestrian,60 to 64,Major,,1,0,1,0,0,0,0,,0,0,0,0,0,78.0,78.0
43.691045,-79.44829,,Clear,Dusk,Dry,Non-Fatal Injury,Approaching,Driver,60 to 64,Major,Normal,0,0,1,0,0,0,0,,0,0,0,0,0,107.0,107.0
43.744145,-79.40669,,Clear,Daylight,Dry,Non-Fatal Injury,Rear End,Driver,40 to 44,None,Normal,0,0,1,0,0,0,0,Yes,0,1,0,0,0,40.0,40.0
43.733645,-79.600589,At Intersection,Clear,Dark,Dry,Non-Fatal Injury,Pedestrian Collisions,Pedestrian,15 to 19,Major,,1,0,1,0,0,0,0,,0,0,0,0,0,1.0,1.0
43.741845,-79.40619,,Clear,Daylight,Dry,Non-Fatal Injury,Sideswipe,Driver,70 to 74,Major,Other,0,0,1,0,0,0,0,,1,1,0,0,0,41.0,41.0
43.803845,-79.29819,At Intersection,Clear,Daylight,Dry,Non-Fatal Injury,Turning Movement,Passenger,30 to 34,Minimal,,0,0,1,0,0,1,0,Yes,0,1,0,0,0,130.0,130.0
43.627345,-79.56239,At Intersection,Clear,Daylight,Dry,Fatal,Pedestrian Collisions,Passenger,15 to 19,None,,1,0,1,0,0,0,0,Yes,0,1,0,0,0,12.0,12.0
43.691045,-79.44829,,Clear,Dusk,Dry,Non-Fatal Injury,Approaching,Driver,30 to 34,None,Inattentive,0,0,1,0,0,0,0,,0,0,0,0,0,107.0,107.0
43.794745,-79.41919,,Rain,Dark,Wet,Non-Fatal Injury,Pedestrian Collisions,Driver,70 to 74,None,Normal,1,0,1,0,0,0,0,,0,1,0,0,0,50.0,50.0
43.664245,-79.43719,,Clear,Daylight,Dry,Non-Fatal Injury,SMV Unattended Vehicle,Other,unknown,None,,0,0,1,0,0,0,0,,1,1,0,1,0,172.0,93.0
43.749145,-79.51569,At Intersection,Clear,Dark,Dry,Non-Fatal Injury,Pedestrian Collisions,Pedestrian,55 to 59,Major,,1,0,1,0,0,0,0,,0,1,0,0,0,25.0,25.0
43.747745,-79.56239,At Intersection,Clear,Daylight,Dry,Non-Fatal Injury,Pedestrian Collisions,Pedestrian,0 to 4,Minor,,1,0,1,0,0,0,0,,0,1,0,0,0,22.0,22.0
43.741845,-79.40619,,Clear,Daylight,Dry,Non-Fatal Injury,Sideswipe,Driver,60 to 64,Minor,Normal,0,0,1,0,0,0,0,,1,1,0,0,0,41.0,41.0
43.688145,-79.30179,At Intersection,Rain,Daylight,Wet,Non-Fatal Injury,Pedestrian Collisions,Vehicle Owner,unknown,,,1,0,1,0,0,0,0,,0,0,0,0,0,62.0,62.0
43.803845,-79.29819,At Intersection,Clear,Daylight,Dry,Non-Fatal Injury,Turning Movement,Passenger,35 to 39,Minor,,0,0,1,0,0,1,0,Yes,0,1,0,0,0,130.0,130.0
43.627345,-79.56239,At Intersection,Clear,Daylight,Dry,Fatal,Pedestrian Collisions,Driver,45 to 49,None,Inattentive,1,0,1,0,0,0,0,Yes,0,1,0,0,0,12.0,12.0
43.691045,-79.44829,,Clear,Dusk,Dry,Non-Fatal Injury,Approaching,Driver,30 to 34,Minimal,Inattentive,0,0,1,0,0,0,0,,0,0,0,0,0,107.0,107.0
43.794745,-79.41919,,Rain,Dark,Wet,Non-Fatal Injury,Pedestrian Collisions,Pedestrian,30 to 34,Major,,1,0,1,0,0,0,0,,0,1,0,0,0,50.0,50.0
43.664245,-79.43719,,Clear,Daylight,Dry,Non-Fatal Injury,SMV Unattended Vehicle,Other,unknown,None,,0,0,1,0,0,0,0,,1,1,0,1,0,172.0,93.0
43.747745,-79.56239,At Intersection,Clear,Daylight,Dry,Non-Fatal Injury,Pedestrian Collisions,Driver,25 to 29,None,Normal,1,0,1,0,0,0,0,,0,1,0,0,0,22.0,22.0
43.741845,-79.40619,,Clear,Daylight,Dry,Non-Fatal Injury,Sideswipe,Driver,50 to 54,None,Normal,0,0,1,0,0,0,0,,1,1,0,0,0,41.0,41.0
43.627345,-79.56239,At Intersection,Clear,Daylight,Dry,Fatal,Pedestrian Collisions,Pedestrian,55 to 59,Fatal,,1,0,1,0,0,0,0,Yes,0,1,0,0,0,12.0,12.0
43.671645,-79.42149,At Intersection,Clear,Daylight,Dry,Non-Fatal Injury,Pedestrian Collisions,Driver,60 to 64,None,Normal,1,0,1,0,0,0,0,,0,1,0,0,0,95.0,95.0
43.694245,-79.55859,At Intersection,Rain,Dark,Wet,Non-Fatal Injury,Pedestrian Collisions,Vehicle Owner,unknown,,,1,0,1,0,0,0,0,,0,0,0,0,0,6.0,6.0
43.747745,-79.56239,At Intersection,Clear,Daylight,Dry,Non-Fatal Injury,Pedestrian Collisions,Pedestrian,35 to 39,Major,,1,0,1,0,0,0,0,,0,1,0,0,0,22.0,22.0
43.664245,-79.43719,,Clear,Daylight,Dry,Non-Fatal Injury,SMV Unattended Vehicle,Vehicle Owner,unknown,,,0,0,1,0,0,0,0,,1,1,0,1,0,172.0,93.0
43.803845,-79.29819,At Intersection,Clear,Daylight,Dry,Non-Fatal Injury,Turning Movement,Passenger,35 to 39,Minor,,0,0,1,0,0,1,0,Yes,0,1,0,0,0,130.0,130.0
43.688145,-79.30179,At Intersection,Rain,Daylight,Wet,Non-Fatal Injury,Pedestrian Collisions,Driver,60 to 64,None,Inattentive,1,0,1,0,0,0,0,,0,0,0,0,0,62.0,62.0
43.694245,-79.55859,At Intersection,Rain,Dark,Wet,Non-Fatal Injury,Pedestrian Collisions,Driver,20 to 24,None,Unknown,1,0,1,0,0,0,0,,0,0,0,0,0,6.0,6.0
43.699445,-79.47599,,Clear,Daylight,Dry,Non-Fatal Injury,SMV Other,Driver,75 to 79,Major,Medical or Physical Disability,0,0,1,0,0,0,0,,0,0,0,0,1,30.0,30.0
43.688145,-79.30179,At Intersection,Rain,Daylight,Wet,Non-Fatal Injury,Pedestrian Collisions,Pedestrian,75 to 79,Major,,1,0,1,0,0,0,0,,0,0,0,0,0,62.0,62.0
43.694245,-79.55859,At Intersection,Rain,Dark,Wet,Non-Fatal Injury,Pedestrian Collisions,Pedestrian,45 to 49,Major,,1,0,1,0,0,0,0,,0,0,0,0,0,6.0,6.0
43.672845,-79.44159,,Clear,Daylight,Dry,Non-Fatal Injury,Pedestrian Collisions,Pedestrian,15 to 19,Major,,1,0,1,1,0,0,0,,0,1,0,0,0,171.0,93.0
43.684345,-79.39259,,Clear,Daylight,Dry,Non-Fatal Injury,Cyclist Collisions,Other,unknown,None,,0,1,0,0,0,0,0,,0,0,0,0,0,97.0,97.0
43.658245,-79.37099,At Intersection,Clear,Dark,Dry,Non-Fatal Injury,Pedestrian Collisions,Driver,60 to 64,None,Normal,1,0,1,0,0,0,0,,0,0,0,0,0,73.0,73.0
43.684345,-79.39259,,Clear,Daylight,Dry,Non-Fatal Injury,Cyclist Collisions,Cyclist,20 to 24,Major,,0,1,0,0,0,0,0,,0,0,0,0,0,97.0,97.0
43.672845,-79.44159,,Clear,Daylight,Dry,Non-Fatal Injury,Pedestrian Collisions,Motorcycle Driver,25 to 29,Minor,Unknown,1,0,1,1,0,0,0,,0,1,0,0,0,171.0,93.0
43.754843,-79.456088,,Clear,Dusk,Dry,Non-Fatal Injury,SMV Other,Moped Driver,55 to 59,Major,,0,1,0,0,0,0,0,,0,0,0,0,0,34.0,34.0
43.664245,-79.43719,,Clear,Daylight,Dry,Non-Fatal Injury,SMV Unattended Vehicle,Driver,25 to 29,Major,"Ability Impaired, Alcohol",0,0,1,0,0,0,0,,1,1,0,1,0,172.0,93.0
43.671645,-79.42149,At Intersection,Clear,Daylight,Dry,Non-Fatal Injury,Pedestrian Collisions,Pedestrian,80 to 84,Major,,1,0,1,0,0,0,0,,0,1,0,0,0,95.0,95.0
43.658245,-79.37099,At Intersection,Clear,Dark,Dry,Non-Fatal Injury,Pedestrian Collisions,Pedestrian,40 to 44,Major,,1,0,1,0,0,0,0,,0,0,0,0,0,73.0,73.0
43.661945,-79.36699,At Intersection,Clear,Dark,Dry,Non-Fatal Injury,Pedestrian Collisions,Driver,50 to 54,None,Normal,1,0,1,0,0,0,0,,0,1,0,0,0,72.0,72.0
43.700345,-79.38699,At Intersection,Clear,Daylight,Dry,Non-Fatal Injury,Turning Movement,Passenger,25 to 29,Major,,0,0,1,0,0,0,0,Yes,0,1,0,0,0,174.0,104.0
43.672845,-79.44159,,Clear,Daylight,Dry,Non-Fatal Injury,Pedestrian Collisions,Driver,50 to 54,None,Normal,1,0,1,1,0,0,0,,0,1,0,0,0,171.0,93.0
43.803845,-79.29819,At Intersection,Clear,Daylight,Dry,Non-Fatal Injury,Turning Movement,Passenger,90 to 94,Major,,0,0,1,0,0,1,0,Yes,0,1,0,0,0,130.0,130.0
43.646045,-79.40959,,Snow,Dark,Wet,Non-Fatal Injury,Pedestrian Collisions,Vehicle Owner,unknown,,,1,0,1,0,0,0,0,,0,0,0,0,0,162.0,82.0
43.785745,-79.28949,At Intersection,Clear,Dark,Wet,Non-Fatal Injury,Pedestrian Collisions,Vehicle Owner,unknown,,,1,0,1,0,0,0,0,,0,0,0,0,0,118.0,118.0
43.803845,-79.29819,At Intersection,Clear,Daylight,Dry,Non-Fatal Injury,Turning Movement,Vehicle Owner,unknown,,,0,0,1,0,0,1,0,Yes,0,1,0,0,0,130.0,130.0
43.672845,-79.44159,,Clear,Daylight,Dry,Non-Fatal Injury,Pedestrian Collisions,Other,unknown,None,,1,0,1,1,0,0,0,,0,1,0,0,0,171.0,93.0
43.664245,-79.43719,,Clear,Daylight,Dry,Non-Fatal Injury,SMV Unattended Vehicle,Other,unknown,None,,0,0,1,0,0,0,0,,1,1,0,1,0,172.0,93.0
43.700345,-79.38699,At Intersection,Clear,Daylight,Dry,Non-Fatal Injury,Turning Movement,Driver,50 to 54,Minimal,Inattentive,0,0,1,0,0,0,0,Yes,0,1,0,0,0,174.0,104.0
43.701845,-79.35809,At Intersection,Clear,Daylight,Dry,Non-Fatal Injury,Angle,Driver,45 to 49,Minimal,Normal,0,0,1,0,0,0,0,,0,0,0,0,0,56.0,56.0
43.661945,-79.36699,At Intersection,Clear,Dark,Dry,Non-Fatal Injury,Pedestrian Collisions,Pedestrian,50 to 54,Major,,1,0,1,0,0,0,0,,0,1,0,0,0,72.0,72.0
43.672845,-79.44159,,Clear,Daylight,Dry,Non-Fatal Injury,Pedestrian Collisions,Vehicle Owner,unknown,,,1,0,1,1,0,0,0,,0,1,0,0,0,171.0,93.0
43.700345,-79.38699,At Intersection,Clear,Daylight,Dry,Non-Fatal Injury,Turning Movement,Vehicle Owner,unknown,,,0,0,1,0,0,0,0,Yes,0,1,0,0,0,174.0,104.0
43.785745,-79.28949,At Intersection,Clear,Dark,Wet,Non-Fatal Injury,Pedestrian Collisions,Driver,20 to 24,None,Normal,1,0,1,0,0,0,0,,0,0,0,0,0,118.0,118.0
43.691245,-79.50089,,Rain,Daylight,Wet,Non-Fatal Injury,Pedestrian Collisions,Driver,25 to 29,None,Normal,1,0,1,0,0,0,0,,0,0,0,0,0,115.0,115.0
43.701845,-79.35809,At Intersection,Clear,Daylight,Dry,Non-Fatal Injury,Angle,Driver,85 to 89,Major,Unknown,0,0,1,0,0,0,0,,0,0,0,0,0,56.0,56.0
43.646045,-79.40959,,Snow,Dark,Wet,Non-Fatal Injury,Pedestrian Collisions,Driver,25 to 29,None,Had Been Drinking,1,0,1,0,0,0,0,,0,0,0,0,0,162.0,82.0
43.767345,-79.49199,At Intersection,Rain,Dark,Wet,Non-Fatal Injury,Turning Movement,Driver,50 to 54,None,Unknown,0,0,1,0,0,0,0,,0,1,1,0,0,27.0,27.0
43.803845,-79.29819,At Intersection,Clear,Daylight,Dry,Non-Fatal Injury,Turning Movement,Driver,60 to 64,None,Normal,0,0,1,0,0,1,0,Yes,0,1,0,0,0,130.0,130.0
43.69797,-79.439349,At Intersection,Clear,Daylight,Dry,Non-Fatal Injury,Pedestrian Collisions,Driver,25 to 29,None,Normal,1,0,1,0,0,0,0,,0,0,0,0,0,107.0,107.0
43.785745,-79.28949,At Intersection,Clear,Dark,Wet,Non-Fatal Injury,Pedestrian Collisions,Pedestrian,75 to 79,Major,,1,0,1,0,0,0,0,,0,0,0,0,0,118.0,118.0
43.691245,-79.50089,,Rain,Daylight,Wet,Non-Fatal Injury,Pedestrian Collisions,Pedestrian,10 to 14,Major,,1,0,1,0,0,0,0,,0,0,0,0,0,115.0,115.0
43.652845,-79.43109,At Intersection,Clear,Daylight,Dry,Non-Fatal Injury,Cyclist Collisions,Driver,40 to 44,None,Normal,0,1,1,0,0,0,0,,0,0,0,0,0,84.0,83.0
43.646045,-79.40959,,Snow,Dark,Wet,Non-Fatal Injury,Pedestrian Collisions,Pedestrian,25 to 29,Major,,1,0,1,0,0,0,0,,0,0,0,0,0,162.0,82.0
43.700345,-79.38699,At Intersection,Clear,Daylight,Dry,Non-Fatal Injury,Turning Movement,Driver,40 to 44,Minor,Normal,0,0,1,0,0,0,0,Yes,0,1,0,0,0,174.0,104.0
43.682945,-79.42839,At Intersection,Clear,Dark,Dry,Fatal,Pedestrian Collisions,Driver,70 to 74,None,Normal,1,0,1,0,0,0,0,,0,1,0,0,0,106.0,106.0
43.767345,-79.49199,At Intersection,Rain,Dark,Wet,Non-Fatal Injury,Turning Movement,Driver,20 to 24,Major,Normal,0,0,1,0,0,0,0,,0,1,1,0,0,27.0,27.0
43.796945,-79.31499,At Intersection,Clear,Dark,Wet,Non-Fatal Injury,Rear End,Driver,70 to 74,None,Normal,0,0,1,0,0,0,0,,0,1,0,0,0,148.0,117.0
43.69797,-79.439349,At Intersection,Clear,Daylight,Dry,Non-Fatal Injury,Pedestrian Collisions,Pedestrian,15 to 19,Major,,1,0,1,0,0,0,0,,0,0,0,0,0,107.0,107.0
43.697445,-79.54519,At Intersection,Clear,Daylight,Dry,Non-Fatal Injury,Cyclist Collisions,Driver,55 to 59,None,Inattentive,0,1,1,0,0,0,0,,0,1,0,0,0,6.0,6.0
43.697445,-79.54519,At Intersection,Clear,Daylight,Dry,Non-Fatal Injury,Cyclist Collisions,Cyclist,15 to 19,Major,,0,1,1,0,0,0,0,,0,1,0,0,0,6.0,6.0
43.683745,-79.49859,,Clear,Daylight,Dry,Non-Fatal Injury,Approaching,Vehicle Owner,unknown,,,0,0,1,0,0,0,0,Yes,0,1,0,0,0,111.0,111.0
43.639445,-79.42479,At Intersection,Clear,Daylight,Dry,Non-Fatal Injury,Turning Movement,Motorcycle Driver,30 to 34,Major,Normal,0,0,1,1,0,0,0,,0,0,0,0,0,85.0,85.0
43.682945,-79.42839,At Intersection,Clear,Dark,Dry,Fatal,Pedestrian Collisions,Pedestrian,75 to 79,Fatal,,1,0,1,0,0,0,0,,0,1,0,0,0,106.0,106.0
43.767745,-79.38309,At Intersection,Clear,Dark,Dry,Non-Fatal Injury,Turning Movement,Driver,45 to 49,Minor,Normal,0,0,1,0,0,0,0,,0,1,0,0,0,52.0,52.0
43.796945,-79.31499,At Intersection,Clear,Dark,Wet,Non-Fatal Injury,Rear End,Driver,40 to 44,Major,Normal,0,0,1,0,0,0,0,,0,1,0,0,0,148.0,117.0
43.676245,-79.43309,At Intersection,Clear,Dark,Dry,Non-Fatal Injury,Cyclist Collisions,Vehicle Owner,unknown,,,0,1,1,0,0,0,0,,0,1,0,0,0,94.0,94.0
43.652845,-79.43109,At Intersection,Clear,Daylight,Dry,Non-Fatal Injury,Cyclist Collisions,Cyclist,45 to 49,Major,,0,1,1,0,0,0,0,,0,0,0,0,0,84.0,83.0
43.639445,-79.42479,At Intersection,Clear,Daylight,Dry,Non-Fatal Injury,Turning Movement,Driver,55 to 59,None,Inattentive,0,0,1,1,0,0,0,,0,0,0,0,0,85.0,85.0
43.683745,-79.49859,,Clear,Daylight,Dry,Non-Fatal Injury,Approaching,Driver,35 to 39,Major,Normal,0,0,1,0,0,0,0,Yes,0,1,0,0,0,111.0,111.0
43.656345,-79.38089,,Clear,Daylight,Dry,Non-Fatal Injury,Cyclist Collisions,Driver,30 to 34,Major,Normal,0,1,0,0,0,0,0,,0,0,0,0,0,168.0,75.0
43.683745,-79.49859,,Clear,Daylight,Dry,Non-Fatal Injury,Approaching,Passenger,70 to 74,Major,,0,0,1,0,0,0,0,Yes,0,1,0,0,0,111.0,111.0
43.767745,-79.38309,At Intersection,Clear,Dark,Dry,Non-Fatal Injury,Turning Movement,Vehicle Owner,unknown,,,0,0,1,0,0,0,0,,0,1,0,0,0,52.0,52.0
43.713045,-79.36719,,Clear,Dark,Dry,Non-Fatal Injury,Pedestrian Collisions,Driver,25 to 29,None,Normal,1,0,1,0,0,0,0,,0,0,0,0,0,56.0,56.0
43.676245,-79.43309,At Intersection,Clear,Dark,Dry,Non-Fatal Injury,Cyclist Collisions,Driver,70 to 74,None,Inattentive,0,1,1,0,0,0,0,,0,1,0,0,0,94.0,94.0
43.651045,-79.38579,,Snow,Daylight,Wet,Non-Fatal Injury,Pedestrian Collisions,Pedestrian,20 to 24,Major,,1,0,0,0,0,1,0,,0,0,0,0,0,170.0,76.0
43.810045,-79.22049,,Clear,Daylight,Dry,Non-Fatal Injury,Rear End,Driver,45 to 49,Minimal,Unknown,0,0,1,0,0,0,0,Yes,1,1,0,0,0,146.0,132.0
43.801845,-79.30269,,Clear,Dark,Dry,Non-Fatal Injury,Pedestrian Collisions,Driver,unknown,None,Unknown,1,0,1,0,0,0,0,,0,1,0,0,0,148.0,117.0
43.683745,-79.49859,,Clear,Daylight,Dry,Non-Fatal Injury,Approaching,Driver,75 to 79,Major,Unknown,0,0,1,0,0,0,0,Yes,0,1,0,0,0,111.0,111.0
43.713045,-79.36719,,Clear,Dark,Dry,Non-Fatal Injury,Pedestrian Collisions,Pedestrian,75 to 79,Major,,1,0,1,0,0,0,0,,0,0,0,0,0,56.0,56.0
43.651045,-79.38579,,Snow,Daylight,Wet,Non-Fatal Injury,Pedestrian Collisions,Vehicle Owner,unknown,,,1,0,0,0,0,1,0,,0,0,0,0,0,170.0,76.0
43.767745,-79.38309,At Intersection,Clear,Dark,Dry,Non-Fatal Injury,Turning Movement,Driver,30 to 34,Major,Inattentive,0,0,1,0,0,0,0,,0,1,0,0,0,52.0,52.0
43.810045,-79.22049,,Clear,Daylight,Dry,Non-Fatal Injury,Rear End,Passenger,25 to 29,Major,,0,0,1,0,0,0,0,Yes,1,1,0,0,0,146.0,132.0
43.676245,-79.43309,At Intersection,Clear,Dark,Dry,Non-Fatal Injury,Cyclist Collisions,Cyclist,85 to 89,Major,,0,1,1,0,0,0,0,,0,1,0,0,0,94.0,94.0
43.801845,-79.30269,,Clear,Dark,Dry,Non-Fatal Injury,Pedestrian Collisions,Pedestrian,45 to 49,Major,,1,0,1,0,0,0,0,,0,1,0,0,0,148.0,117.0
43.656345,-79.38089,,Clear,Daylight,Dry,Non-Fatal Injury,Cyclist Collisions,Vehicle Owner,unknown,,,0,1,0,0,0,0,0,,0,0,0,0,0,168.0,75.0
43.807345,-79.17559,At Intersection,Clear,Daylight,Dry,Non-Fatal Injury,Pedestrian Collisions,Driver,55 to 59,None,Normal,1,0,1,0,0,0,0,,0,1,0,0,0,144.0,131.0
43.656245,-79.38139,,Clear,"Dark, artificial",Dry,Non-Fatal Injury,Pedestrian Collisions,Driver,unknown,None,Unknown,1,0,1,0,0,0,0,,0,1,0,0,0,170.0,76.0
43.656245,-79.38139,,Clear,"Dark, artificial",Dry,Non-Fatal Injury,Pedestrian Collisions,Pedestrian,20 to 24,Major,,1,0,1,0,0,0,0,,0,1,0,0,0,170.0,76.0