LATITUDE,LONGITUDE,ACCLOC,VISIBILITY,LIGHT,RDSFCOND,ACCLASS,IMPACTYPE,INVTYPE,INVAGE,INJURY,DRIVCOND,PEDESTRIAN,CYCLIST,AUTOMOBILE,MOTORCYCLE,TRUCK,TRSN_CITY_VEH,EMERG_VEH,PASSENGER,SPEEDING,AG_DRIV,REDLIGHT,ALCOHOL,DISABILITY,HOOD_158,HOOD_140
43.79309,-79.352252,At Intersection,Clear,Daylight,Dry,Non-Fatal Injury,Pedestrian Collisions,Driver,75 to 79,None,Normal,1,0,1,0,0,0,0,,0,0,0,0,0,47.0,47.0
43.739345,-79.51319,At Intersection,Clear,Dark,Dry,Non-Fatal Injury,Rear End,Driver,30 to 34,None,Normal,0,0,1,0,0,0,0,,0,0,0,0,1,25.0,25.0
43.813645,-79.27009,,Clear,Daylight,Dry,Non-Fatal Injury,Rear End,Passenger,20 to 24,Minor,,0,0,1,0,0,0,0,Yes,0,1,0,0,0,129.0,129.0
43.665545,-79.58619,,Snow,Daylight,Slush,Non-Fatal Injury,SMV Other,Driver,45 to 49,Major,Normal,0,0,1,0,0,0,0,Yes,1,1,0,0,0,11.0,11.0
43.775045,-79.34339,,Clear,Daylight,Dry,Non-Fatal Injury,SMV Other,Vehicle Owner,unknown,,,0,0,1,0,0,0,0,,0,0,0,0,1,53.0,53.0
43.674045,-79.36779,,Clear,Daylight,Dry,Non-Fatal Injury,Pedestrian Collisions,Cyclist,55 to 59,None,,1,1,0,0,0,0,0,,0,0,0,0,0,71.0,71.0
43.688745,-79.30209,,Clear,Daylight,Dry,Non-Fatal Injury,Turning Movement,Driver,40 to 44,None,Normal,0,0,1,0,0,1,0,,0,1,0,0,0,62.0,62.0
43.738545,-79.57979,,Clear,Dark,Dry,Non-Fatal Injury,Pedestrian Collisions,Pedestrian,65 to 69,Major,,1,0,1,0,0,0,0,,0,0,0,1,0,3.0,3.0
43.79309,-79.352252,At Intersection,Clear,Daylight,Dry,Non-Fatal Injury,Pedestrian Collisions,Pedestrian,80 to 84,Major,,1,0,1,0,0,0,0,,0,0,0,0,0,47.0,47.0
43.734645,-79.53389,At Intersection,Clear,Dark,Dry,Non-Fatal Injury,Pedestrian Collisions,Driver,55 to 59,None,Normal,1,0,1,0,0,0,0,,0,1,0,0,0,23.0,23.0
43.813645,-79.27009,,Clear,Daylight,Dry,Non-Fatal Injury,Rear End,Passenger,15 to 19,Major,,0,0,1,0,0,0,0,Yes,0,1,0,0,0,129.0,129.0
43.775045,-79.34339,,Clear,Daylight,Dry,Non-Fatal Injury,SMV Other,Driver,30 to 34,Major,Medical or Physical Disability,0,0,1,0,0,0,0,,0,0,0,0,1,53.0,53.0
43.689745,-79.26789,,Clear,Dark,Dry,Non-Fatal Injury,Pedestrian Collisions,Driver,unknown,None,Unknown,1,0,1,0,0,0,0,,0,0,0,0,0,122.0,122.0
43.688745,-79.30209,,Clear,Daylight,Dry,Non-Fatal Injury,Turning Movement,Vehicle Owner,unknown,,,0,0,1,0,0,1,0,,0,1,0,0,0,62.0,62.0
43.685345,-79.31409,,Clear,Dusk,Dry,Non-Fatal Injury,Cyclist Collisions,Driver,70 to 74,None,Unknown,0,1,1,0,0,0,0,,0,0,0,0,0,64.0,64.0
43.813645,-79.27009,,Clear,Daylight,Dry,Non-Fatal Injury,Rear End,Passenger,15 to 19,Minimal,,0,0,1,0,0,0,0,Yes,0,1,0,0,0,129.0,129.0
43.738545,-79.57979,,Clear,Dark,Dry,Non-Fatal Injury,Pedestrian Collisions,Driver,65 to 69,None,"Ability Impaired, Alcohol",1,0,1,0,0,0,0,,0,0,0,1,0,3.0,3.0
43.671745,-79.47109,At Intersection,Clear,Dark,Dry,Non-Fatal Injury,Rear End,Driver,70 to 74,Major,Normal,0,0,1,0,0,0,0,,1,1,0,0,0,90.0,90.0
43.734645,-79.53389,At Intersection,Clear,Dark,Dry,Non-Fatal Injury,Pedestrian Collisions,Pedestrian,20 to 24,Major,,1,0,1,0,0,0,0,,0,1,0,0,0,23.0,23.0
43.645945,-79.40989,At Intersection,Rain,Dark,Wet,Non-Fatal Injury,Pedestrian Collisions,Driver,35 to 39,None,Inattentive,1,0,1,0,0,0,0,,0,1,0,0,0,162.0,82.0
43.685345,-79.31409,,Clear,Dusk,Dry,Non-Fatal Injury,Cyclist Collisions,Cyclist,20 to 24,Major,,0,1,1,0,0,0,0,,0,0,0,0,0,64.0,64.0
43.688745,-79.30209,,Clear,Daylight,Dry,Non-Fatal Injury,Turning Movement,Driver,45 to 49,Major,Inattentive,0,0,1,0,0,1,0,,0,1,0,0,0,62.0,62.0
43.689745,-79.26789,,Clear,Dark,Dry,Non-Fatal Injury,Pedestrian Collisions,Pedestrian,50 to 54,Major,,1,0,1,0,0,0,0,,0,0,0,0,0,122.0,122.0
43.671745,-79.47109,At Intersection,Clear,Dark,Dry,Non-Fatal Injury,Rear End,Driver,55 to 59,None,Inattentive,0,0,1,0,0,0,0,,1,1,0,0,0,90.0,90.0
43.813645,-79.27009,,Clear,Daylight,Dry,Non-Fatal Injury,Rear End,Vehicle Owner,unknown,,,0,0,1,0,0,0,0,Yes,0,1,0,0,0,129.0,129.0
43.771045,-79.21269,,Snow,Dark,Slush,Non-Fatal Injury,SMV Other,Driver,30 to 34,Major,Unknown,0,0,1,0,0,0,0,,1,1,0,0,0,141.0,137.0
43.738545,-79.57979,,Clear,Dark,Dry,Non-Fatal Injury,Pedestrian Collisions,Pedestrian,65 to 69,Major,,1,0,1,0,0,0,0,,0,0,0,1,0,3.0,3.0
43.645945,-79.40989,At Intersection,Rain,Dark,Wet,Non-Fatal Injury,Pedestrian Collisions,Pedestrian,25 to 29,Major,,1,0,1,0,0,0,0,,0,1,0,0,0,162.0,82.0
43.683945,-79.51149,At Intersection,Rain,Dark,Wet,Non-Fatal Injury,Pedestrian Collisions,Vehicle Owner,unknown,,,1,0,1,0,0,0,0,,0,0,0,0,0,9.0,9.0
43.648845,-79.39579,,Clear,Dark,Dry,Non-Fatal Injury,Pedestrian Collisions,Driver,35 to 39,None,Normal,1,0,1,0,0,0,0,,0,0,0,0,0,164.0,77.0
43.758045,-79.41009,,Clear,Daylight,Dry,Non-Fatal Injury,Sideswipe,Vehicle Owner,unknown,,,0,0,1,0,0,0,0,,1,1,0,0,0,38.0,38.0
43.700148,-79.319026,At Intersection,Snow,Daylight,Wet,Non-Fatal Injury,Pedestrian Collisions,Driver,65 to 69,None,Inattentive,1,0,1,0,0,0,0,,0,1,1,0,0,60.0,60.0
43.813645,-79.27009,,Clear,Daylight,Dry,Non-Fatal Injury,Rear End,Driver,15 to 19,Minor,Had Been Drinking,0,0,1,0,0,0,0,Yes,0,1,0,0,0,129.0,129.0
43.773345,-79.52539,,Snow,Daylight,Other,Non-Fatal Injury,Pedestrian Collisions,Driver,35 to 39,None,Normal,1,0,1,0,0,0,0,,0,0,0,0,0,24.0,24.0
43.735545,-79.25319,At Intersection,Clear,Daylight,Dry,Non-Fatal Injury,Rear End,Passenger,70 to 74,Minimal,,0,0,1,0,0,1,0,Yes,0,1,0,0,0,124.0,124.0
43.683945,-79.51149,At Intersection,Rain,Dark,Wet,Non-Fatal Injury,Pedestrian Collisions,Driver,45 to 49,None,Normal,1,0,1,0,0,0,0,,0,0,0,0,0,9.0,9.0
43.758045,-79.41009,,Clear,Daylight,Dry,Non-Fatal Injury,Sideswipe,Driver,20 to 24,Major,Unknown,0,0,1,0,0,0,0,,1,1,0,0,0,38.0,38.0
43.648845,-79.39579,,Clear,Dark,Dry,Non-Fatal Injury,Pedestrian Collisions,Pedestrian,30 to 34,Major,,1,0,1,0,0,0,0,,0,0,0,0,0,164.0,77.0
43.813645,-79.27009,,Clear,Daylight,Dry,Non-Fatal Injury,Rear End,Other Property Owner,unknown,,,0,0,1,0,0,0,0,Yes,0,1,0,0,0,129.0,129.0
43.724745,-79.302593,At Intersection,Clear,Daylight,Dry,Non-Fatal Injury,Turning Movement,Motorcycle Driver,40 to 44,Major,Normal,0,0,1,1,0,0,0,,0,0,0,0,0,119.0,119.0
43.700148,-79.319026,At Intersection,Snow,Daylight,Wet,Non-Fatal Injury,Pedestrian Collisions,Pedestrian,50 to 54,Major,,1,0,1,0,0,0,0,,0,1,1,0,0,60.0,60.0
43.738745,-79.21699,At Intersection,Clear,Daylight,Dry,Non-Fatal Injury,Turning Movement,Motorcycle Driver,45 to 49,Major,Normal,0,0,1,1,0,0,0,,0,0,0,0,0,139.0,139.0
43.773345,-79.52539,,Snow,Daylight,Other,Non-Fatal Injury,Pedestrian Collisions,Pedestrian,75 to 79,Major,,1,0,1,0,0,0,0,,0,0,0,0,0,24.0,24.0
43.735545,-79.25319,At Intersection,Clear,Daylight,Dry,Non-Fatal Injury,Rear End,Driver,55 to 59,Major,Normal,0,0,1,0,0,1,0,Yes,0,1,0,0,0,124.0,124.0
43.683945,-79.51149,At Intersection,Rain,Dark,Wet,Non-Fatal Injury,Pedestrian Collisions,Pedestrian,20 to 24,Major,,1,0,1,0,0,0,0,,0,0,0,0,0,9.0,9.0
43.758045,-79.41009,,Clear,Daylight,Dry,Non-Fatal Injury,Sideswipe,Driver,unknown,None,Unknown,0,0,1,0,0,0,0,,1,1,0,0,0,38.0,38.0
43.768345,-79.18619,At Intersection,Clear,Daylight,Dry,Non-Fatal Injury,Pedestrian Collisions,Driver,40 to 44,None,Normal,1,0,1,0,0,0,0,,0,0,0,0,0,136.0,136.0
43.681045,-79.47619,At Intersection,Clear,Daylight,Dry,Non-Fatal Injury,Pedestrian Collisions,Pedestrian,45 to 49,Major,,1,0,1,0,0,0,0,,0,0,0,0,0,111.0,111.0
43.724745,-79.302593,At Intersection,Clear,Daylight,Dry,Non-Fatal Injury,Turning Movement,Driver,60 to 64,None,Inattentive,0,0,1,1,0,0,0,,0,0,0,0,0,119.0,119.0
43.813645,-79.27009,,Clear,Daylight,Dry,Non-Fatal Injury,Rear End,Vehicle Owner,unknown,,,0,0,1,0,0,0,0,Yes,0,1,0,0,0,129.0,129.0
43.789145,-79.37329,At Intersection,Clear,Daylight,Dry,Non-Fatal Injury,Pedestrian Collisions,Driver,30 to 34,None,Normal,1,0,1,0,0,0,0,,0,1,0,0,0,52.0,49.0
43.716845,-79.25989,At Intersection,Clear,Dark,Dry,Fatal,Pedestrian Collisions,Vehicle Owner,unknown,,,1,0,0,0,0,1,0,,0,0,0,0,0,120.0,120.0
43.738745,-79.21699,At Intersection,Clear,Daylight,Dry,Non-Fatal Injury,Turning Movement,Driver,20 to 24,None,Normal,0,0,1,1,0,0,0,,0,0,0,0,0,139.0,139.0
43.735545,-79.25319,At Intersection,Clear,Daylight,Dry,Non-Fatal Injury,Rear End,Passenger,5 to 9,Major,,0,0,1,0,0,1,0,Yes,0,1,0,0,0,124.0,124.0
43.768345,-79.18619,At Intersection,Clear,Daylight,Dry,Non-Fatal Injury,Pedestrian Collisions,Pedestrian,75 to 79,Major,,1,0,1,0,0,0,0,,0,0,0,0,0,136.0,136.0
43.681045,-79.47619,At Intersection,Clear,Daylight,Dry,Non-Fatal Injury,Pedestrian Collisions,Driver,35 to 39,None,Normal,1,0,1,0,0,0,0,,0,0,0,0,0,111.0,111.0
43.789145,-79.37329,At Intersection,Clear,Daylight,Dry,Non-Fatal Injury,Pedestrian Collisions,Pedestrian,70 to 74,Major,,1,0,1,0,0,0,0,,0,1,0,0,0,52.0,49.0
43.656445,-79.40769,At Intersection,Rain,Daylight,Wet,Non-Fatal Injury,Pedestrian Collisions,Vehicle Owner,unknown,,,1,0,0,0,1,0,0,,0,0,0,0,0,78.0,78.0
43.685345,-79.55769,,Clear,Dark,Dry,Non-Fatal Injury,Pedestrian Collisions,Vehicle Owner,unknown,,,1,0,1,0,0,0,0,,0,0,0,0,0,7.0,7.0
43.716845,-79.25989,At Intersection,Clear,Dark,Dry,Fatal,Pedestrian Collisions,Driver,45 to 49,None,Normal,1,0,0,0,0,1,0,,0,0,0,0,0,120.0,120.0
43.704345,-79.49669,At Intersection,Rain,Dark,Wet,Non-Fatal Injury,Rear End,Passenger,25 to 29,Major,,0,0,1,0,0,0,0,Yes,0,1,0,0,0,30.0,30.0
43.671345,-79.44939,,Clear,Daylight,Dry,Non-Fatal Injury,Pedestrian Collisions,Driver,15 to 19,None,Normal,1,0,1,0,0,0,0,,0,1,0,0,0,171.0,93.0
43.656445,-79.40769,At Intersection,Rain,Daylight,Wet,Non-Fatal Injury,Pedestrian Collisions,Truck Driver,25 to 29,None,Inattentive,1,0,0,0,1,0,0,,0,0,0,0,0,78.0,78.0
43.685345,-79.55769,,Clear,Dark,Dry,Non-Fatal Injury,Pedestrian Collisions,Driver,40 to 44,None,Normal,1,0,1,0,0,0,0,,0,0,0,0,0,7.0,7.0
43.735545,-79.25319,At Intersection,Clear,Daylight,Dry,Non-Fatal Injury,Rear End,Vehicle Owner,unknown,,,0,0,1,0,0,1,0,Yes,0,1,0,0,0,124.0,124.0
43.685345,-79.55769,,Clear,Dark,Dry,Non-Fatal Injury,Pedestrian Collisions,Pedestrian,45 to 49,Major,,1,0,1,0,0,0,0,,0,0,0,0,0,7.0,7.0
43.716845,-79.25989,At Intersection,Clear,Dark,Dry,Fatal,Pedestrian Collisions,Pedestrian,65 to 69,Fatal,,1,0,0,0,0,1,0,,0,0,0,0,0,120.0,120.0
43.611145,-79.48999,At Intersection,Clear,Dark,Dry,Non-Fatal Injury,Pedestrian Collisions,Driver,65 to 69,Major,Unknown,1,0,1,0,0,0,0,,0,0,0,0,0,161.0,17.0
43.630445,-79.41979,At Intersection,Clear,Daylight,Dry,Non-Fatal Injury,Turning Movement,Motorcycle Driver,25 to 29,Major,Normal,0,0,1,1,0,0,0,,0,0,0,0,0,163.0,82.0
43.704345,-79.49669,At Intersection,Rain,Dark,Wet,Non-Fatal Injury,Rear End,Driver,35 to 39,Minor,Normal,0,0,1,0,0,0,0,Yes,0,1,0,0,0,30.0,30.0
43.735545,-79.25319,At Intersection,Clear,Daylight,Dry,Non-Fatal Injury,Rear End,Driver,55 to 59,None,Normal,0,0,1,0,0,1,0,Yes,0,1,0,0,0,124.0,124.0
43.671345,-79.44939,,Clear,Daylight,Dry,Non-Fatal Injury,Pedestrian Collisions,Pedestrian,5 to 9,Major,,1,0,1,0,0,0,0,,0,1,0,0,0,171.0,93.0
43.630445,-79.41979,At Intersection,Clear,Daylight,Dry,Non-Fatal Injury,Turning Movement,Driver,70 to 74,None,Normal,0,0,1,1,0,0,0,,0,0,0,0,0,163.0,82.0
43.648845,-79.38889,At Intersection,Clear,Daylight,Dry,Non-Fatal Injury,Angle,Driver,35 to 39,None,Inattentive,0,0,1,0,0,0,0,,0,1,0,0,0,164.0,77.0
43.681945,-79.30679,,Clear,Daylight,Dry,Non-Fatal Injury,Pedestrian Collisions,Driver,50 to 54,None,Normal,1,0,1,0,0,0,0,,0,0,0,0,0,62.0,62.0
43.704345,-79.49669,At Intersection,Rain,Dark,Wet,Non-Fatal Injury,Rear End,Driver,15 to 19,None,Normal,0,0,1,0,0,0,0,Yes,0,1,0,0,0,30.0,30.0
43.666645,-79.40389,At Intersection,Clear,Dark,Dry,Non-Fatal Injury,Pedestrian Collisions,Driver,unknown,None,Unknown,1,0,1,0,0,0,0,,0,1,0,0,0,79.0,79.0
43.611145,-79.48999,At Intersection,Clear,Dark,Dry,Non-Fatal Injury,Pedestrian Collisions,Pedestrian,80 to 84,Minor,,1,0,1,0,0,0,0,,0,0,0,0,0,161.0,17.0
43.648845,-79.38889,At Intersection,Clear,Daylight,Dry,Non-Fatal Injury,Angle,Driver,45 to 49,Major,Unknown,0,0,1,0,0,0,0,,0,1,0,0,0,164.0,77.0
43.719145,-79.23929,,Snow,Dark,Packed Snow,Fatal,SMV Other,Passenger,15 to 19,Minimal,,0,0,1,0,0,0,0,Yes,0,0,0,0,0,123.0,123.0
43.681945,-79.30679,,Clear,Daylight,Dry,Non-Fatal Injury,Pedestrian Collisions,Pedestrian,85 to 89,Major,,1,0,1,0,0,0,0,,0,0,0,0,0,62.0,62.0
43.850945,-79.18899,,Clear,Daylight,Wet,Non-Fatal Injury,Rear End,Passenger,60 to 64,Major,,0,0,1,0,0,0,0,Yes,1,1,0,0,0,144.0,131.0
43.666645,-79.40389,At Intersection,Clear,Dark,Dry,Non-Fatal Injury,Pedestrian Collisions,Pedestrian,20 to 24,Major,,1,0,1,0,0,0,0,,0,1,0,0,0,79.0,79.0
43.850945,-79.18899,,Clear,Daylight,Wet,Non-Fatal Injury,Rear End,Driver,55 to 59,None,Normal,0,0,1,0,0,0,0,Yes,1,1,0,0,0,144.0,131.0
43.808845,-79.26279,,Clear,Daylight,Dry,Non-Fatal Injury,SMV Other,Driver,45 to 49,Major,Medical or Physical Disability,0,0,1,0,0,0,0,,0,0,0,0,1,129.0,129.0
43.684445,-79.49879,At Intersection,Clear,Dark,Dry,Non-Fatal Injury,Pedestrian Collisions,Driver,35 to 39,None,Normal,1,0,1,0,0,0,0,,0,0,0,0,0,115.0,115.0
43.850945,-79.18899,,Clear,Daylight,Wet,Non-Fatal Injury,Rear End,Driver,50 to 54,None,Normal,0,0,1,0,0,0,0,Yes,1,1,0,0,0,144.0,131.0
43.665945,-79.40339,,Clear,Daylight,Dry,Non-Fatal Injury,Pedestrian Collisions,Driver,25 to 29,Minimal,Normal,1,0,1,0,0,0,0,,0,0,0,0,0,79.0,79.0
43.719145,-79.23929,,Snow,Dark,Packed Snow,Fatal,SMV Other,Driver,20 to 24,Fatal,Unknown,0,0,1,0,0,0,0,Yes,0,0,0,0,0,123.0,123.0
43.678645,-79.44329,,Snow,Dark,Slush,Fatal,Pedestrian Collisions,Vehicle Owner,unknown,,,1,0,0,0,0,1,0,,0,0,0,0,0,92.0,92.0
43.719145,-79.23929,,Snow,Dark,Packed Snow,Fatal,SMV Other,Other Property Owner,unknown,,,0,0,1,0,0,0,0,Yes,0,0,0,0,0,123.0,123.0
43.678645,-79.44329,,Snow,Dark,Slush,Fatal,Pedestrian Collisions,Driver,55 to 59,None,Normal,1,0,0,0,0,1,0,,0,0,0,0,0,92.0,92.0
43.658845,-79.45319,,Clear,Daylight,Wet,Non-Fatal Injury,Pedestrian Collisions,Driver,75 to 79,None,Normal,1,0,1,0,0,0,0,,0,0,0,0,0,88.0,88.0
43.658845,-79.45319,,Clear,Daylight,Wet,Non-Fatal Injury,Pedestrian Collisions,Pedestrian,85 to 89,Major,,1,0,1,0,0,0,0,,0,0,0,0,0,88.0,88.0
43.614145,-79.51729,,Clear,Daylight,Dry,Non-Fatal Injury,Turning Movement,Driver,50 to 54,Major,Inattentive,0,0,1,0,0,0,0,,0,1,0,0,0,160.0,17.0
43.684445,-79.49879,At Intersection,Clear,Dark,Dry,Non-Fatal Injury,Pedestrian Collisions,Pedestrian,40 to 44,Major,,1,0,1,0,0,0,0,,0,0,0,0,0,115.0,115.0
43.808845,-79.26279,,Clear,Daylight,Dry,Non-Fatal Injury,SMV Other,Other Property Owner,unknown,,,0,0,1,0,0,0,0,,0,0,0,0,1,129.0,129.0
43.665945,-79.40339,,Clear,Daylight,Dry,Non-Fatal Injury,Pedestrian Collisions,Pedestrian,45 to 49,Major,,1,0,1,0,0,0,0,,0,0,0,0,0,79.0,79.0
43.794345,-79.32609,,Clear,Daylight,Dry,Non-Fatal Injury,Turning Movement,Motorcycle Driver,30 to 34,Major,Normal,0,0,1,1,0,0,0,,0,0,0,0,0,147.0,117.0
43.803745,-79.28629,At Intersection,Rain,Dusk,Wet,Non-Fatal Injury,Turning Movement,Driver,35 to 39,Major,Normal,0,0,1,0,0,0,0,,0,1,0,0,0,128.0,128.0
43.803745,-79.28629,At Intersection,Rain,Dusk,Wet,Non-Fatal Injury,Turning Movement,Vehicle Owner,unknown,,,0,0,1,0,0,0,0,,0,1,0,0,0,128.0,128.0
43.794345,-79.32609,,Clear,Daylight,Dry,Non-Fatal Injury,Turning Movement,Driver,40 to 44,None,Normal,0,0,1,1,0,0,0,,0,0,0,0,0,147.0,117.0
43.780445,-79.41229,At Intersection,Clear,Daylight,Wet,Non-Fatal Injury,Pedestrian Collisions,Driver,unknown,None,Unknown,1,0,1,0,0,0,0,,0,0,0,0,0,152.0,51.0
43.780445,-79.41229,At Intersection,Clear,Daylight,Wet,Non-Fatal Injury,Pedestrian Collisions,Pedestrian,55 to 59,Major,,1,0,1,0,0,0,0,,0,0,0,0,0,152.0,51.0
43.716945,-79.55599,At Intersection,Clear,Dark,Dry,Non-Fatal Injury,Pedestrian Collisions,Driver,50 to 54,None,Inattentive,1,0,1,0,0,0,0,,0,1,0,0,0,4.0,4.0
43.716945,-79.55599,At Intersection,Clear,Dark,Dry,Non-Fatal Injury,Pedestrian Collisions,Pedestrian,20 to 24,Major,,1,0,1,0,0,0,0,,0,1,0,0,0,4.0,4.0
43.790845,-79.44409,,Clear,Daylight,Dry,Non-Fatal Injury,Pedestrian Collisions,Driver,65 to 69,None,Normal,1,0,1,0,0,0,0,,0,0,0,0,0,36.0,36.0
43.790845,-79.44409,,Clear,Daylight,Dry,Non-Fatal Injury,Pedestrian Collisions,Pedestrian,15 to 19,Major,,1,0,1,0,0,0,0,,0,0,0,0,0,36.0,36.0
43.702245,-79.55379,At Intersection,Clear,Daylight,Dry,Non-Fatal Injury,SMV Other,Passenger,25 to 29,Minor,,0,0,0,1,0,0,0,Yes,0,0,0,0,0,6.0,6.0
43.702245,-79.55379,At Intersection,Clear,Daylight,Dry,Non-Fatal Injury,SMV Other,Motorcycle Driver,30 to 34,Major,Other,0,0,0,1,0,0,0,Yes,0,0,0,0,0,6.0,6.0
43.694945,-79.47489,At Intersection,Clear,Daylight,Dry,Non-Fatal Injury,Pedestrian Collisions,Driver,25 to 29,None,Inattentive,1,0,1,0,0,0,0,,0,1,0,0,0,112.0,112.0
43.684745,-79.34049,,Clear,Dark,Dry,Non-Fatal Injury,Pedestrian Collisions,Driver,55 to 59,None,Normal,1,0,1,0,0,0,0,,0,0,0,0,0,59.0,59.0
43.684745,-79.34049,,Clear,Dark,Dry,Non-Fatal Injury,Pedestrian Collisions,Pedestrian,10 to 14,Major,,1,0,1,0,0,0,0,,0,0,0,0,0,59.0,59.0
43.775233,-79.323009,At Intersection,Clear,Daylight,Dry,Non-Fatal Injury,Angle,Vehicle Owner,unknown,,,0,0,1,0,0,0,0,,0,1,1,0,0,118.0,118.0
43.775233,-79.323009,At Intersection,Clear,Daylight,Dry,Non-Fatal Injury,Angle,Driver,35 to 39,None,Normal,0,0,1,0,0,0,0,,0,1,1,0,0,118.0,118.0
43.775233,-79.323009,At Intersection,Clear,Daylight,Dry,Non-Fatal Injury,Angle,Driver,25 to 29,None,Normal,0,0,1,0,0,0,0,,0,1,1,0,0,118.0,118.0
43.775233,-79.323009,At Intersection,Clear,Daylight,Dry,Non-Fatal Injury,Angle,Driver,45 to 49,Major,Normal,0,0,1,0,0,0,0,,0,1,1,0,0,118.0,118.0
43.694945,-79.47489,At Intersection,Clear,Daylight,Dry,Non-Fatal Injury,Pedestrian Collisions,Pedestrian,25 to 29,Major,,1,0,1,0,0,0,0,,0,1,0,0,0,112.0,112.0
43.737245,-79.56529,At Intersection,Clear,Daylight,Dry,Non-Fatal Injury,Pedestrian Collisions,Passenger,0 to 4,None,,1,0,1,0,0,0,0,Yes,0,0,0,0,0,3.0,3.0
43.775445,-79.41279,,Clear,Dark,Dry,Non-Fatal Injury,Pedestrian Collisions,Driver,20 to 24,None,"Ability Impaired, Alcohol Over .08",1,0,1,0,0,0,0,,1,1,0,1,0,151.0,51.0
43.737245,-79.56529,At Intersection,Clear,Daylight,Dry,Non-Fatal Injury,Pedestrian Collisions,Driver,35 to 39,None,Normal,1,0,1,0,0,0,0,Yes,0,0,0,0,0,3.0,3.0
43.775445,-79.41279,,Clear,Dark,Dry,Non-Fatal Injury,Pedestrian Collisions,Pedestrian,25 to 29,Major,,1,0,1,0,0,0,0,,1,1,0,1,0,151.0,51.0
43.801245,-79.29659,At Intersection,Clear,"Dark, artificial",Dry,Fatal,SMV Other,Passenger,20 to 24,Minor,,0,0,1,0,0,0,0,Yes,0,0,0,0,0,148.0,117.0
43.737245,-79.56529,At Intersection,Clear,Daylight,Dry,Non-Fatal Injury,Pedestrian Collisions,Pedestrian,75 to 79,Major,,1,0,1,0,0,0,0,Yes,0,0,0,0,0,3.0,3.0
43.801245,-79.29659,At Intersection,Clear,"Dark, artificial",Dry,Fatal,SMV Other,Driver,25 to 29,Fatal,Unknown,0,0,1,0,0,0,0,Yes,0,0,0,0,0,148.0,117.0
43.710945,-79.27429,,Clear,Daylight,Dry,Non-Fatal Injury,Pedestrian Collisions,Driver,25 to 29,None,Inattentive,1,0,1,0,0,0,0,,0,1,0,0,0,120.0,120.0
43.801245,-79.29659,At Intersection,Clear,"Dark, artificial",Dry,Fatal,SMV Other,Other Property Owner,unknown,,,0,0,1,0,0,0,0,Yes,0,0,0,0,0,148.0,117.0
43.710945,-79.27429,,Clear,Daylight,Dry,Non-Fatal Injury,Pedestrian Collisions,Pedestrian,0 to 4,Major,,1,0,1,0,0,0,0,,0,1,0,0,0,120.0,120.0
43.801245,-79.29659,At Intersection,Clear,"Dark, artificial",Dry,Fatal,SMV Other,Other Property Owner,unknown,,,0,0,1,0,0,0,0,Yes,0,0,0,0,0,148.0,117.0
43.765445,-79.19949,At Intersection,Clear,Daylight,Dry,Fatal,Approaching,Passenger,unknown,Minimal,,0,0,1,0,0,0,0,Yes,0,1,0,0,0,136.0,136.0
43.776645,-79.31699,,Clear,Daylight,Dry,Non-Fatal Injury,Rear End,Driver,30 to 34,Major,Normal,0,0,1,0,0,0,0,,0,1,0,0,0,118.0,118.0
43.776645,-79.31699,,Clear,Daylight,Dry,Non-Fatal Injury,Rear End,Driver,35 to 39,Minimal,Normal,0,0,1,0,0,0,0,,0,1,0,0,0,118.0,118.0
43.770545,-79.27199,,Clear,Daylight,Dry,Non-Fatal Injury,Pedestrian Collisions,Vehicle Owner,unknown,,,1,0,1,0,0,0,0,Yes,0,0,0,0,0,156.0,127.0
43.770545,-79.27199,,Clear,Daylight,Dry,Non-Fatal Injury,Pedestrian Collisions,Passenger,25 to 29,None,,1,0,1,0,0,0,0,Yes,0,0,0,0,0,156.0,127.0
43.770545,-79.27199,,Clear,Daylight,Dry,Non-Fatal Injury,Pedestrian Collisions,Passenger,50 to 54,None,,1,0,1,0,0,0,0,Yes,0,0,0,0,0,156.0,127.0
43.770545,-79.27199,,Clear,Daylight,Dry,Non-Fatal Injury,Pedestrian Collisions,Driver,55 to 59,None,Unknown,1,0,1,0,0,0,0,Yes,0,0,0,0,0,156.0,127.0
43.770545,-79.27199,,Clear,Daylight,Dry,Non-Fatal Injury,Pedestrian Collisions,Other,unknown,None,,1,0,1,0,0,0,0,Yes,0,0,0,0,0,156.0,127.0
43.770545,-79.27199,,Clear,Daylight,Dry,Non-Fatal Injury,Pedestrian Collisions,Pedestrian,15 to 19,Major,,1,0,1,0,0,0,0,Yes,0,0,0,0,0,156.0,127.0
43.642145,-79.41129,,Clear,Daylight,Dry,Non-Fatal Injury,Pedestrian Collisions,Motorcycle Driver,50 to 54,Major,Normal,1,0,0,1,0,0,0,,0,0,0,0,0,162.0,82.0
43.642145,-79.41129,,Clear,Daylight,Dry,Non-Fatal Injury,Pedestrian Collisions,Pedestrian,25 to 29,Minor,,1,0,0,1,0,0,0,,0,0,0,0,0,162.0,82.0
43.650145,-79.36359,,Clear,Daylight,Dry,Non-Fatal Injury,SMV Other,Vehicle Owner,unknown,,,0,0,1,1,0,0,0,,0,0,0,0,0,166.0,77.0
43.667545,-79.34279,At Intersection,Clear,Daylight,Dry,Non-Fatal Injury,Turning Movement,Passenger,65 to 69,Major,,0,0,1,0,0,0,0,Yes,0,1,0,0,0,70.0,70.0
43.757845,-79.31529,At Intersection,Clear,Daylight,Wet,Non-Fatal Injury,Turning Movement,Driver,50 to 54,None,"Ability Impaired, Alcohol",0,0,1,0,0,0,0,Yes,0,1,0,1,0,150.0,45.0