LATITUDE,LONGITUDE,ACCLOC,VISIBILITY,LIGHT,RDSFCOND,ACCLASS,IMPACTYPE,INVTYPE,INVAGE,INJURY,DRIVCOND,PEDESTRIAN,CYCLIST,AUTOMOBILE,MOTORCYCLE,TRUCK,TRSN_CITY_VEH,EMERG_VEH,PASSENGER,SPEEDING,AG_DRIV,REDLIGHT,ALCOHOL,DISABILITY,HOOD_158,HOOD_140
43.657745,-79.37299,At Intersection,Clear,"Dark, artificial",Loose Snow,Non-Fatal Injury,SMV Other,Passenger,25 to 29,Minor,,0,0,1,0,0,0,0,Yes,1,1,0,1,0,73.0,73.0
43.644445,-79.52449,,Clear,Daylight,Dry,Non-Fatal Injury,Rear End,Driver,35 to 39,None,Normal,0,0,1,1,0,0,0,,0,0,0,0,0,159.0,14.0
43.661345,-79.54389,At Intersection,Clear,Dark,Dry,Non-Fatal Injury,Pedestrian Collisions,Driver,unknown,None,,1,0,1,0,0,0,0,,0,0,0,0,0,10.0,10.0
43.686245,-79.28949,At Intersection,Clear,Daylight,Dry,Non-Fatal Injury,Turning Movement,Vehicle Owner,unknown,,,0,0,1,0,0,0,0,Yes,1,1,0,1,0,62.0,62.0
43.688145,-79.30179,At Intersection,Clear,"Dark, artificial",Wet,Non-Fatal Injury,Angle,Vehicle Owner,unknown,,,0,0,1,0,0,1,0,,0,1,1,0,0,62.0,62.0
43.693045,-79.39669,,Clear,Daylight,Dry,Non-Fatal Injury,Cyclist Collisions,Cyclist,50 to 54,Major,,0,1,1,0,0,0,0,,0,0,0,0,0,97.0,97.0
43.657745,-79.37299,At Intersection,Clear,"Dark, artificial",Loose Snow,Non-Fatal Injury,SMV Other,Passenger,25 to 29,Minor,,0,0,1,0,0,0,0,Yes,1,1,0,1,0,73.0,73.0
43.661345,-79.54389,At Intersection,Clear,Dark,Dry,Non-Fatal Injury,Pedestrian Collisions,Pedestrian,unknown,Major,,1,0,1,0,0,0,0,,0,0,0,0,0,10.0,10.0
43.773045,-79.28379,,Clear,"Daylight, artificial",Wet,Non-Fatal Injury,Angle,Passenger,55 to 59,Major,,0,0,1,0,0,0,0,Yes,0,1,1,0,0,126.0,126.0
43.707345,-79.49739,,Clear,Dark,Dry,Fatal,SMV Other,Vehicle Owner,unknown,,,0,0,1,0,0,0,0,,0,0,0,0,0,28.0,28.0
43.703545,-79.37799,At Intersection,Clear,Dusk,Wet,Non-Fatal Injury,Angle,Passenger,45 to 49,Major,,0,0,1,0,0,0,0,Yes,0,1,0,0,0,99.0,99.0
43.688145,-79.30179,At Intersection,Clear,"Dark, artificial",Wet,Non-Fatal Injury,Angle,Driver,30 to 34,Minimal,Normal,0,0,1,0,0,1,0,,0,1,1,0,0,62.0,62.0
43.686245,-79.28949,At Intersection,Clear,Daylight,Dry,Non-Fatal Injury,Turning Movement,Driver,35 to 39,None,Normal,0,0,1,0,0,0,0,Yes,1,1,0,1,0,62.0,62.0
43.657745,-79.37299,At Intersection,Clear,"Dark, artificial",Loose Snow,Non-Fatal Injury,SMV Other,Passenger,15 to 19,Major,,0,0,1,0,0,0,0,Yes,1,1,0,1,0,73.0,73.0
43.703545,-79.37799,At Intersection,Clear,Dusk,Wet,Non-Fatal Injury,Angle,Vehicle Owner,unknown,,,0,0,1,0,0,0,0,Yes,0,1,0,0,0,99.0,99.0
43.707345,-79.49739,,Clear,Dark,Dry,Fatal,SMV Other,Driver,25 to 29,Fatal,Unknown,0,0,1,0,0,0,0,,0,0,0,0,0,28.0,28.0
43.703545,-79.37799,At Intersection,Clear,Dusk,Wet,Non-Fatal Injury,Angle,Driver,40 to 44,None,Normal,0,0,1,0,0,0,0,Yes,0,1,0,0,0,99.0,99.0
43.773045,-79.28379,,Clear,"Daylight, artificial",Wet,Non-Fatal Injury,Angle,Driver,45 to 49,Minor,Normal,0,0,1,0,0,0,0,Yes,0,1,1,0,0,126.0,126.0
43.694645,-79.48609,At Intersection,Rain,Dark,Wet,Non-Fatal Injury,Pedestrian Collisions,Driver,40 to 44,None,Inattentive,1,0,1,0,0,0,0,,0,1,0,0,0,112.0,112.0
43.686245,-79.28949,At Intersection,Clear,Daylight,Dry,Non-Fatal Injury,Turning Movement,Vehicle Owner,unknown,,,0,0,1,0,0,0,0,Yes,1,1,0,1,0,62.0,62.0
43.716838,-79.259914,,Clear,Daylight,Dry,Non-Fatal Injury,Angle,Vehicle Owner,unknown,,,0,0,1,0,0,0,0,,0,1,1,0,0,120.0,120.0
43.657745,-79.37299,At Intersection,Clear,"Dark, artificial",Loose Snow,Non-Fatal Injury,SMV Other,Driver,35 to 39,Minor,"Ability Impaired, Alcohol Over .08",0,0,1,0,0,0,0,Yes,1,1,0,1,0,73.0,73.0
43.712045,-79.28099,,Clear,Daylight,Dry,Non-Fatal Injury,SMV Other,Motorcycle Driver,25 to 29,Major,Normal,0,0,0,1,0,0,0,,0,0,0,0,0,120.0,120.0
43.735545,-79.25319,,Rain,"Dark, artificial",Wet,Non-Fatal Injury,Pedestrian Collisions,Driver,20 to 24,None,Unknown,1,0,1,0,0,0,0,,0,0,0,0,0,124.0,124.0
43.657445,-79.35329,,Clear,Daylight,Dry,Non-Fatal Injury,Rear End,Motorcycle Driver,25 to 29,Major,Normal,0,0,1,1,0,0,0,,0,1,0,0,0,70.0,70.0
43.735545,-79.25319,,Rain,"Dark, artificial",Wet,Non-Fatal Injury,Pedestrian Collisions,Pedestrian,15 to 19,Major,,1,0,1,0,0,0,0,,0,0,0,0,0,124.0,124.0
43.798345,-79.14709,,Clear,Daylight,Dry,Non-Fatal Injury,Cyclist Collisions,Vehicle Owner,unknown,,,0,1,1,0,0,0,0,,0,1,0,0,0,133.0,133.0
43.716838,-79.259914,,Clear,Daylight,Dry,Non-Fatal Injury,Angle,Driver,55 to 59,Minor,Normal,0,0,1,0,0,0,0,,0,1,1,0,0,120.0,120.0
43.703545,-79.37799,At Intersection,Clear,Dusk,Wet,Non-Fatal Injury,Angle,Driver,45 to 49,Minimal,Normal,0,0,1,0,0,0,0,Yes,0,1,0,0,0,99.0,99.0
43.686245,-79.28949,At Intersection,Clear,Daylight,Dry,Non-Fatal Injury,Turning Movement,Driver,25 to 29,Major,"Ability Impaired, Alcohol",0,0,1,0,0,0,0,Yes,1,1,0,1,0,62.0,62.0
43.708245,-79.39089,,Clear,Daylight,Wet,Non-Fatal Injury,SMV Other,Vehicle Owner,unknown,,,0,0,1,0,0,0,0,,1,1,0,0,0,174.0,104.0
43.683345,-79.47149,,Rain,Daylight,Wet,Non-Fatal Injury,Cyclist Collisions,Driver,45 to 49,None,Normal,0,1,1,0,0,0,0,,0,0,0,0,0,110.0,110.0
43.798345,-79.14709,,Clear,Daylight,Dry,Non-Fatal Injury,Cyclist Collisions,Driver,20 to 24,Major,Inattentive,0,1,1,0,0,0,0,,0,1,0,0,0,133.0,133.0
43.649445,-79.39659,,Clear,"Dark, artificial",Dry,Non-Fatal Injury,Pedestrian Collisions,Driver,70 to 74,None,Normal,1,0,1,0,0,0,0,,0,0,0,0,0,78.0,78.0
43.716838,-79.259914,,Clear,Daylight,Dry,Non-Fatal Injury,Angle,Driver,60 to 64,Major,Unknown,0,0,1,0,0,0,0,,0,1,1,0,0,120.0,120.0
43.792145,-79.43709,At Intersection,Rain,Daylight,Wet,Non-Fatal Injury,Pedestrian Collisions,Vehicle Owner,unknown,,,1,0,1,0,0,0,0,,0,0,0,0,0,36.0,36.0
43.774245,-79.29509,At Intersection,Rain,Dark,Wet,Non-Fatal Injury,Pedestrian Collisions,Driver,55 to 59,None,Inattentive,1,0,1,0,0,0,0,,0,1,0,0,0,118.0,118.0
43.694645,-79.48609,At Intersection,Rain,Dark,Wet,Non-Fatal Injury,Pedestrian Collisions,Pedestrian,35 to 39,Major,,1,0,1,0,0,0,0,,0,1,0,0,0,112.0,112.0
43.708245,-79.39089,,Clear,Daylight,Wet,Non-Fatal Injury,SMV Other,Driver,25 to 29,Major,Unknown,0,0,1,0,0,0,0,,1,1,0,0,0,174.0,104.0
43.657445,-79.35329,,Clear,Daylight,Dry,Non-Fatal Injury,Rear End,Driver,45 to 49,None,Normal,0,0,1,1,0,0,0,,0,1,0,0,0,70.0,70.0
43.683345,-79.47149,,Rain,Daylight,Wet,Non-Fatal Injury,Cyclist Collisions,Cyclist,10 to 14,Major,,0,1,1,0,0,0,0,,0,0,0,0,0,110.0,110.0
43.798345,-79.14709,,Clear,Daylight,Dry,Non-Fatal Injury,Cyclist Collisions,Cyclist,45 to 49,Major,,0,1,1,0,0,0,0,,0,1,0,0,0,133.0,133.0
43.649445,-79.39659,,Clear,"Dark, artificial",Dry,Non-Fatal Injury,Pedestrian Collisions,Pedestrian,85 to 89,Major,,1,0,1,0,0,0,0,,0,0,0,0,0,78.0,78.0
43.716838,-79.259914,,Clear,Daylight,Dry,Non-Fatal Injury,Angle,Vehicle Owner,unknown,,,0,0,1,0,0,0,0,,0,1,1,0,0,120.0,120.0
43.774245,-79.29509,At Intersection,Rain,Dark,Wet,Non-Fatal Injury,Pedestrian Collisions,Pedestrian,40 to 44,Major,,1,0,1,0,0,0,0,,0,1,0,0,0,118.0,118.0
43.691545,-79.57079,At Intersection,Clear,Daylight,Dry,Non-Fatal Injury,Angle,Passenger,80 to 84,Minor,,0,0,1,0,0,0,0,Yes,0,1,1,0,0,1.0,1.0
43.793045,-79.35479,At Intersection,Rain,"Dark, artificial",Wet,Non-Fatal Injury,Pedestrian Collisions,Driver,20 to 24,None,Normal,1,0,1,0,0,0,0,,0,0,0,0,0,48.0,48.0
43.792145,-79.43709,At Intersection,Rain,Daylight,Wet,Non-Fatal Injury,Pedestrian Collisions,Driver,40 to 44,None,Normal,1,0,1,0,0,0,0,,0,0,0,0,0,36.0,36.0
43.781045,-79.44479,At Intersection,Clear,Daylight,Dry,Non-Fatal Injury,Cyclist Collisions,Cyclist,45 to 49,Major,,0,1,0,0,0,1,0,,0,0,0,0,0,36.0,36.0
43.839645,-79.23769,,Clear,Dark,Dry,Non-Fatal Injury,Approaching,Passenger,0 to 4,Major,,0,0,1,0,0,0,0,Yes,0,0,0,0,0,144.0,131.0
43.740245,-79.32799,,Clear,Daylight,Dry,Fatal,Rear End,Truck Driver,40 to 44,None,Normal,0,0,1,0,1,1,0,Yes,1,1,0,0,0,43.0,43.0
43.708245,-79.39089,,Clear,Daylight,Wet,Non-Fatal Injury,SMV Other,Other Property Owner,unknown,,,0,0,1,0,0,0,0,,1,1,0,0,0,174.0,104.0
43.607645,-79.49039,At Intersection,Clear,Dark,Dry,Non-Fatal Injury,SMV Other,Other Property Owner,unknown,,,0,0,1,0,0,0,0,Yes,1,1,0,0,0,160.0,17.0
43.805745,-79.27739,At Intersection,Clear,Daylight,Dry,Non-Fatal Injury,Pedestrian Collisions,Driver,50 to 54,None,Inattentive,1,0,1,0,0,0,0,,0,1,0,0,0,129.0,129.0
43.774245,-79.29509,At Intersection,Rain,Dark,Wet,Non-Fatal Injury,Pedestrian Collisions,Pedestrian,45 to 49,Major,,1,0,1,0,0,0,0,,0,1,0,0,0,118.0,118.0
43.792145,-79.43709,At Intersection,Rain,Daylight,Wet,Non-Fatal Injury,Pedestrian Collisions,Pedestrian,5 to 9,Major,,1,0,1,0,0,0,0,,0,0,0,0,0,36.0,36.0
43.740245,-79.32799,,Clear,Daylight,Dry,Fatal,Rear End,Vehicle Owner,unknown,,,0,0,1,0,1,1,0,Yes,1,1,0,0,0,43.0,43.0
43.793045,-79.35479,At Intersection,Rain,"Dark, artificial",Wet,Non-Fatal Injury,Pedestrian Collisions,Pedestrian,55 to 59,Major,,1,0,1,0,0,0,0,,0,0,0,0,0,48.0,48.0
43.839645,-79.23769,,Clear,Dark,Dry,Non-Fatal Injury,Approaching,Driver,40 to 44,Major,Unknown,0,0,1,0,0,0,0,Yes,0,0,0,0,0,144.0,131.0
43.781045,-79.44479,At Intersection,Clear,Daylight,Dry,Non-Fatal Injury,Cyclist Collisions,Vehicle Owner,unknown,,,0,1,0,0,0,1,0,,0,0,0,0,0,36.0,36.0
43.607645,-79.49039,At Intersection,Clear,Dark,Dry,Non-Fatal Injury,SMV Other,Passenger,35 to 39,Major,,0,0,1,0,0,0,0,Yes,1,1,0,0,0,160.0,17.0
43.805745,-79.27739,At Intersection,Clear,Daylight,Dry,Non-Fatal Injury,Pedestrian Collisions,Pedestrian,50 to 54,Major,,1,0,1,0,0,0,0,,0,1,0,0,0,129.0,129.0
43.691545,-79.57079,At Intersection,Clear,Daylight,Dry,Non-Fatal Injury,Angle,Passenger,75 to 79,Minor,,0,0,1,0,0,0,0,Yes,0,1,1,0,0,1.0,1.0
43.643345,-79.40529,At Intersection,Clear,Daylight,Wet,Non-Fatal Injury,Cyclist Collisions,Driver,50 to 54,None,Inattentive,0,1,1,0,0,0,0,,0,1,0,0,0,162.0,82.0
43.689645,-79.39479,,Rain,Dark,Wet,Non-Fatal Injury,Pedestrian Collisions,Vehicle Owner,unknown,,,1,0,1,0,0,0,0,,0,0,0,0,0,97.0,97.0
43.740245,-79.32799,,Clear,Daylight,Dry,Fatal,Rear End,Driver,45 to 49,None,Normal,0,0,1,0,1,1,0,Yes,1,1,0,0,0,43.0,43.0
43.810945,-79.27099,,Rain,Dark,Wet,Non-Fatal Injury,Pedestrian Collisions,Vehicle Owner,unknown,,,1,0,1,0,0,0,0,,0,1,0,0,0,129.0,129.0
43.781045,-79.44479,At Intersection,Clear,Daylight,Dry,Non-Fatal Injury,Cyclist Collisions,Driver,60 to 64,None,Normal,0,1,0,0,0,1,0,,0,0,0,0,0,36.0,36.0
43.839645,-79.23769,,Clear,Dark,Dry,Non-Fatal Injury,Approaching,Vehicle Owner,unknown,,,0,0,1,0,0,0,0,Yes,0,0,0,0,0,144.0,131.0
43.691545,-79.57079,At Intersection,Clear,Daylight,Dry,Non-Fatal Injury,Angle,Passenger,70 to 74,Minor,,0,0,1,0,0,0,0,Yes,0,1,1,0,0,1.0,1.0
43.607645,-79.49039,At Intersection,Clear,Dark,Dry,Non-Fatal Injury,SMV Other,Driver,30 to 34,Minimal,Unknown,0,0,1,0,0,0,0,Yes,1,1,0,0,0,160.0,17.0
43.740245,-79.32799,,Clear,Daylight,Dry,Fatal,Rear End,Passenger,55 to 59,None,,0,0,1,0,1,1,0,Yes,1,1,0,0,0,43.0,43.0
43.689645,-79.39479,,Rain,Dark,Wet,Non-Fatal Injury,Pedestrian Collisions,Driver,40 to 44,None,Normal,1,0,1,0,0,0,0,,0,0,0,0,0,97.0,97.0
43.740245,-79.32799,,Clear,Daylight,Dry,Fatal,Rear End,Passenger,40 to 44,Minor,,0,0,1,0,1,1,0,Yes,1,1,0,0,0,43.0,43.0
43.643345,-79.40529,At Intersection,Clear,Daylight,Wet,Non-Fatal Injury,Cyclist Collisions,Cyclist,20 to 24,Major,,0,1,1,0,0,0,0,,0,1,0,0,0,162.0,82.0
43.810945,-79.27099,,Rain,Dark,Wet,Non-Fatal Injury,Pedestrian Collisions,Driver,25 to 29,None,Inattentive,1,0,1,0,0,0,0,,0,1,0,0,0,129.0,129.0
43.839645,-79.23769,,Clear,Dark,Dry,Non-Fatal Injury,Approaching,Driver,50 to 54,None,Normal,0,0,1,0,0,0,0,Yes,0,0,0,0,0,144.0,131.0
43.649645,-79.43149,At Intersection,Clear,"Dark, artificial",Wet,Non-Fatal Injury,Cyclist Collisions,Driver,25 to 29,None,Unknown,0,1,1,0,0,0,0,,0,0,0,0,0,84.0,84.0
43.758891,-79.334056,,Clear,Dark,Dry,Non-Fatal Injury,Cyclist Collisions,Driver,40 to 44,None,Normal,0,1,1,0,0,0,0,,0,0,0,0,0,150.0,45.0
43.691545,-79.57079,At Intersection,Clear,Daylight,Dry,Non-Fatal Injury,Angle,Driver,75 to 79,Minor,Inattentive,0,0,1,0,0,0,0,Yes,0,1,1,0,0,1.0,1.0
43.740245,-79.32799,,Clear,Daylight,Dry,Fatal,Rear End,Vehicle Owner,unknown,,,0,0,1,0,1,1,0,Yes,1,1,0,0,0,43.0,43.0
43.689645,-79.39479,,Rain,Dark,Wet,Non-Fatal Injury,Pedestrian Collisions,Pedestrian,70 to 74,Major,,1,0,1,0,0,0,0,,0,0,0,0,0,97.0,97.0
43.631445,-79.55229,At Intersection,Clear,Daylight,Dry,Non-Fatal Injury,Turning Movement,Passenger,85 to 89,Major,,0,0,1,0,0,0,0,Yes,0,0,0,0,0,159.0,14.0
43.740245,-79.32799,,Clear,Daylight,Dry,Fatal,Rear End,Driver,50 to 54,None,Normal,0,0,1,0,1,1,0,Yes,1,1,0,0,0,43.0,43.0
43.649645,-79.43149,At Intersection,Clear,"Dark, artificial",Wet,Non-Fatal Injury,Cyclist Collisions,Cyclist,20 to 24,Major,,0,1,1,0,0,0,0,,0,0,0,0,0,84.0,84.0
43.810945,-79.27099,,Rain,Dark,Wet,Non-Fatal Injury,Pedestrian Collisions,Pedestrian,50 to 54,Major,,1,0,1,0,0,0,0,,0,1,0,0,0,129.0,129.0
43.672745,-79.44909,,Clear,Daylight,Dry,Non-Fatal Injury,SMV Other,Vehicle Owner,unknown,,,0,0,0,1,0,0,0,,0,0,0,0,0,92.0,92.0
43.691545,-79.57079,At Intersection,Clear,Daylight,Dry,Non-Fatal Injury,Angle,Driver,50 to 54,Major,Normal,0,0,1,0,0,0,0,Yes,0,1,1,0,0,1.0,1.0
43.758891,-79.334056,,Clear,Dark,Dry,Non-Fatal Injury,Cyclist Collisions,Cyclist,20 to 24,Major,,0,1,1,0,0,0,0,,0,0,0,0,0,150.0,45.0
43.651645,-79.37109,At Intersection,Rain,Dark,Wet,Non-Fatal Injury,Pedestrian Collisions,Driver,30 to 34,None,Inattentive,1,0,1,0,0,0,0,,0,1,0,0,0,73.0,73.0
43.775245,-79.32299,At Intersection,Clear,Dark,Dry,Non-Fatal Injury,Pedestrian Collisions,Vehicle Owner,unknown,,,1,0,0,0,0,1,0,,0,0,0,0,0,118.0,117.0
43.740245,-79.32799,,Clear,Daylight,Dry,Fatal,Rear End,Passenger,20 to 24,None,,0,0,1,0,1,1,0,Yes,1,1,0,0,0,43.0,43.0
43.631445,-79.55229,At Intersection,Clear,Daylight,Dry,Non-Fatal Injury,Turning Movement,Driver,65 to 69,Minor,Normal,0,0,1,0,0,0,0,Yes,0,0,0,0,0,159.0,14.0
43.651545,-79.38349,,Clear,Dark,Dry,Non-Fatal Injury,Pedestrian Collisions,Pedestrian,30 to 34,Major,,1,0,0,0,0,1,0,,0,0,0,0,0,170.0,76.0
43.763145,-79.20959,,Rain,Daylight,Wet,Non-Fatal Injury,Rear End,Driver,80 to 84,Minor,Medical or Physical Disability,0,0,1,0,0,0,0,Yes,0,0,0,0,1,141.0,137.0
43.672745,-79.44909,,Clear,Daylight,Dry,Non-Fatal Injury,SMV Other,Motorcycle Driver,20 to 24,Major,Normal,0,0,0,1,0,0,0,,0,0,0,0,0,92.0,92.0
43.683345,-79.32359,At Intersection,Rain,Dark,Wet,Non-Fatal Injury,Pedestrian Collisions,Vehicle Owner,unknown,,,1,0,1,0,0,0,0,,0,1,0,0,0,64.0,64.0
43.651645,-79.37109,At Intersection,Rain,Dark,Wet,Non-Fatal Injury,Pedestrian Collisions,Pedestrian,70 to 74,Major,,1,0,1,0,0,0,0,,0,1,0,0,0,73.0,73.0
43.775245,-79.32299,At Intersection,Clear,Dark,Dry,Non-Fatal Injury,Pedestrian Collisions,Driver,55 to 59,None,Normal,1,0,0,0,0,1,0,,0,0,0,0,0,118.0,117.0
43.631445,-79.55229,At Intersection,Clear,Daylight,Dry,Non-Fatal Injury,Turning Movement,Driver,25 to 29,None,Normal,0,0,1,0,0,0,0,Yes,0,0,0,0,0,159.0,14.0
43.763145,-79.20959,,Rain,Daylight,Wet,Non-Fatal Injury,Rear End,Passenger,unknown,Minimal,,0,0,1,0,0,0,0,Yes,0,0,0,0,1,141.0,137.0
43.740245,-79.32799,,Clear,Daylight,Dry,Fatal,Rear End,Passenger,40 to 44,Fatal,,0,0,1,0,1,1,0,Yes,1,1,0,0,0,43.0,43.0
43.651545,-79.38349,,Clear,Dark,Dry,Non-Fatal Injury,Pedestrian Collisions,Vehicle Owner,unknown,,,1,0,0,0,0,1,0,,0,0,0,0,0,170.0,76.0
43.683345,-79.32359,At Intersection,Rain,Dark,Wet,Non-Fatal Injury,Pedestrian Collisions,Driver,30 to 34,None,Had Been Drinking,1,0,1,0,0,0,0,,0,1,0,0,0,64.0,64.0
43.656445,-79.37709,At Intersection,Rain,Dusk,Wet,Non-Fatal Injury,Pedestrian Collisions,Vehicle Owner,unknown,,,1,0,1,0,0,0,0,,0,0,0,0,0,168.0,75.0
43.775245,-79.32299,At Intersection,Clear,Dark,Dry,Non-Fatal Injury,Pedestrian Collisions,Pedestrian,20 to 24,Major,,1,0,0,0,0,1,0,,0,0,0,0,0,118.0,117.0
43.651545,-79.38349,,Clear,Dark,Dry,Non-Fatal Injury,Pedestrian Collisions,Driver,50 to 54,None,Normal,1,0,0,0,0,1,0,,0,0,0,0,0,170.0,76.0
43.740245,-79.32799,,Clear,Daylight,Dry,Fatal,Rear End,Passenger,35 to 39,Minor,,0,0,1,0,1,1,0,Yes,1,1,0,0,0,43.0,43.0
43.763145,-79.20959,,Rain,Daylight,Wet,Non-Fatal Injury,Rear End,Passenger,0 to 4,Minimal,,0,0,1,0,0,0,0,Yes,0,0,0,0,1,141.0,137.0
43.726045,-79.48189,At Intersection,Clear,Daylight,Dry,Non-Fatal Injury,Pedestrian Collisions,Vehicle Owner,unknown,,,1,0,1,0,1,0,0,,0,0,0,0,0,155.0,26.0
43.683345,-79.32359,At Intersection,Rain,Dark,Wet,Non-Fatal Injury,Pedestrian Collisions,Pedestrian,55 to 59,Major,,1,0,1,0,0,0,0,,0,1,0,0,0,64.0,64.0
43.726045,-79.48189,At Intersection,Clear,Daylight,Dry,Non-Fatal Injury,Pedestrian Collisions,Truck Driver,40 to 44,None,Normal,1,0,1,0,1,0,0,,0,0,0,0,0,155.0,26.0
43.656445,-79.37709,At Intersection,Rain,Dusk,Wet,Non-Fatal Injury,Pedestrian Collisions,Driver,50 to 54,None,Normal,1,0,1,0,0,0,0,,0,0,0,0,0,168.0,75.0
43.676245,-79.49569,At Intersection,Clear,"Dark, artificial",Dry,Non-Fatal Injury,Pedestrian Collisions,Pedestrian,50 to 54,Major,,1,0,1,0,0,0,0,,0,0,0,0,0,111.0,111.0
43.763145,-79.20959,,Rain,Daylight,Wet,Non-Fatal Injury,Rear End,Passenger,0 to 4,Minimal,,0,0,1,0,0,0,0,Yes,0,0,0,0,1,141.0,137.0
43.693245,-79.35029,At Intersection,Clear,Daylight,Dry,Non-Fatal Injury,Pedestrian Collisions,Driver,25 to 29,None,Inattentive,1,0,1,0,0,0,0,,0,1,0,0,0,58.0,58.0
43.740245,-79.32799,,Clear,Daylight,Dry,Fatal,Rear End,Passenger,45 to 49,Minor,,0,0,1,0,1,1,0,Yes,1,1,0,0,0,43.0,43.0
43.693845,-79.33849,At Intersection,Clear,Daylight,Dry,Fatal,Cyclist Collisions,Vehicle Owner,unknown,,,0,1,1,0,0,0,0,,0,1,0,0,0,58.0,58.0
43.681645,-79.28079,,Clear,Daylight,Dry,Non-Fatal Injury,Pedestrian Collisions,Driver,50 to 54,None,Normal,1,0,1,0,0,0,0,,0,0,0,0,0,122.0,122.0
43.665745,-79.45119,At Intersection,Clear,Daylight,Dry,Non-Fatal Injury,Angle,Driver,45 to 49,None,Normal,0,0,1,0,0,0,0,,0,1,1,0,0,171.0,93.0
43.726045,-79.48189,At Intersection,Clear,Daylight,Dry,Non-Fatal Injury,Pedestrian Collisions,Driver,25 to 29,None,Normal,1,0,1,0,1,0,0,,0,0,0,0,0,155.0,26.0
43.676245,-79.49569,At Intersection,Clear,"Dark, artificial",Dry,Non-Fatal Injury,Pedestrian Collisions,Driver,30 to 34,None,Normal,1,0,1,0,0,0,0,,0,0,0,0,0,111.0,111.0
43.763145,-79.20959,,Rain,Daylight,Wet,Non-Fatal Injury,Rear End,Passenger,25 to 29,Minimal,,0,0,1,0,0,0,0,Yes,0,0,0,0,1,141.0,137.0
43.779445,-79.23299,At Intersection,Clear,Daylight,Dry,Non-Fatal Injury,Rear End,Vehicle Owner,unknown,,,0,0,1,0,1,0,0,,0,1,0,0,0,142.0,137.0
43.726045,-79.48189,At Intersection,Clear,Daylight,Dry,Non-Fatal Injury,Pedestrian Collisions,Other,unknown,None,,1,0,1,0,1,0,0,,0,0,0,0,0,155.0,26.0
43.693245,-79.35029,At Intersection,Clear,Daylight,Dry,Non-Fatal Injury,Pedestrian Collisions,Pedestrian,30 to 34,Minimal,,1,0,1,0,0,0,0,,0,1,0,0,0,58.0,58.0
43.740245,-79.32799,,Clear,Daylight,Dry,Fatal,Rear End,Passenger,35 to 39,Minor,,0,0,1,0,1,1,0,Yes,1,1,0,0,0,43.0,43.0
43.656445,-79.37709,At Intersection,Rain,Dusk,Wet,Non-Fatal Injury,Pedestrian Collisions,Pedestrian,40 to 44,Major,,1,0,1,0,0,0,0,,0,0,0,0,0,168.0,75.0
43.665745,-79.45119,At Intersection,Clear,Daylight,Dry,Non-Fatal Injury,Angle,Driver,45 to 49,Major,Normal,0,0,1,0,0,0,0,,0,1,1,0,0,171.0,93.0
43.681645,-79.28079,,Clear,Daylight,Dry,Non-Fatal Injury,Pedestrian Collisions,Pedestrian,15 to 19,Major,,1,0,1,0,0,0,0,,0,0,0,0,0,122.0,122.0
43.763145,-79.20959,,Rain,Daylight,Wet,Non-Fatal Injury,Rear End,Driver,35 to 39,Major,Normal,0,0,1,0,0,0,0,Yes,0,0,0,0,1,141.0,137.0
43.693845,-79.33849,At Intersection,Clear,Daylight,Dry,Fatal,Cyclist Collisions,Driver,80 to 84,None,Inattentive,0,1,1,0,0,0,0,,0,1,0,0,0,58.0,58.0
43.779445,-79.23299,At Intersection,Clear,Daylight,Dry,Non-Fatal Injury,Rear End,Truck Driver,45 to 49,None,Normal,0,0,1,0,1,0,0,,0,1,0,0,0,142.0,137.0
43.693845,-79.33849,At Intersection,Clear,Daylight,Dry,Fatal,Cyclist Collisions,Cyclist,80 to 84,Fatal,,0,1,1,0,0,0,0,,0,1,0,0,0,58.0,58.0
43.726045,-79.48189,At Intersection,Clear,Daylight,Dry,Non-Fatal Injury,Pedestrian Collisions,Pedestrian,65 to 69,Major,,1,0,1,0,1,0,0,,0,0,0,0,0,155.0,26.0
43.693245,-79.35029,At Intersection,Clear,Daylight,Dry,Non-Fatal Injury,Pedestrian Collisions,Pedestrian,25 to 29,Major,,1,0,1,0,0,0,0,,0,1,0,0,0,58.0,58.0
43.740245,-79.32799,,Clear,Daylight,Dry,Fatal,Rear End,Passenger,25 to 29,Minor,,0,0,1,0,1,1,0,Yes,1,1,0,0,0,43.0,43.0
43.657945,-79.38159,,Clear,Daylight,Dry,Non-Fatal Injury,Pedestrian Collisions,Vehicle Owner,unknown,,,1,0,1,0,0,0,0,,0,0,0,0,0,168.0,75.0
43.665745,-79.45119,At Intersection,Clear,Daylight,Dry,Non-Fatal Injury,Angle,Vehicle Owner,unknown,,,0,0,1,0,0,0,0,,0,1,1,0,0,171.0,93.0
43.655845,-79.39919,,Clear,Daylight,Dry,Non-Fatal Injury,Pedestrian Collisions,Vehicle Owner,unknown,,,1,0,1,0,0,0,0,,0,0,0,0,0,78.0,78.0
43.677545,-79.35869,At Intersection,Clear,Daylight,Dry,Non-Fatal Injury,Pedestrian Collisions,Driver,85 to 89,Minor,Inattentive,1,0,1,0,0,0,0,,0,1,0,0,0,67.0,67.0
43.665745,-79.45119,At Intersection,Clear,Daylight,Dry,Non-Fatal Injury,Angle,Driver,55 to 59,Minimal,Normal,0,0,1,0,0,0,0,,0,1,1,0,0,171.0,93.0
43.740245,-79.32799,,Clear,Daylight,Dry,Fatal,Rear End,Passenger,5 to 9,None,,0,0,1,0,1,1,0,Yes,1,1,0,0,0,43.0,43.0
43.655845,-79.39919,,Clear,Daylight,Dry,Non-Fatal Injury,Pedestrian Collisions,Driver,20 to 24,None,Normal,1,0,1,0,0,0,0,,0,0,0,0,0,78.0,78.0