LATITUDE,LONGITUDE,ACCLOC,VISIBILITY,LIGHT,RDSFCOND,ACCLASS,IMPACTYPE,INVTYPE,INVAGE,INJURY,DRIVCOND,PEDESTRIAN,CYCLIST,AUTOMOBILE,MOTORCYCLE,TRUCK,TRSN_CITY_VEH,EMERG_VEH,PASSENGER,SPEEDING,AG_DRIV,REDLIGHT,ALCOHOL,DISABILITY,HOOD_158,HOOD_140
43.664845,-79.57319,At Intersection,Clear,Dark,Dry,Non-Fatal Injury,Pedestrian Collisions,Pedestrian,15 to 19,Major,,1,0,1,0,0,0,0,,0,1,0,0,0,11.0,11.0
43.664845,-79.57319,At Intersection,Clear,Dark,Dry,Non-Fatal Injury,Pedestrian Collisions,Pedestrian,20 to 24,Minor,,1,0,1,0,0,0,0,,0,1,0,0,0,11.0,11.0
43.670445,-79.35389,,Clear,Daylight,Dry,Non-Fatal Injury,Pedestrian Collisions,Vehicle Owner,unknown,,,1,0,1,0,0,0,0,,1,1,0,0,0,68.0,68.0
43.653345,-79.37519,,Clear,Daylight,Dry,Non-Fatal Injury,Rear End,Vehicle Owner,unknown,,,0,0,1,0,0,1,0,,0,0,0,0,0,168.0,75.0
43.741645,-79.31239,,Rain,"Dark, artificial",Wet,Non-Fatal Injury,Pedestrian Collisions,Driver,50 to 54,None,Normal,1,0,1,0,0,0,0,,0,0,0,0,0,43.0,43.0
43.696145,-79.53269,At Intersection,Clear,Daylight,Dry,Fatal,SMV Other,Other Property Owner,unknown,,,0,0,1,0,0,0,0,Yes,0,0,0,0,0,8.0,8.0
43.720345,-79.42439,,Rain,Dark,Wet,Non-Fatal Injury,Pedestrian Collisions,Driver,70 to 74,None,Normal,1,0,1,0,0,0,0,,0,0,0,0,0,39.0,39.0
43.658445,-79.44219,,Clear,Dark,Dry,Non-Fatal Injury,Pedestrian Collisions,Vehicle Owner,unknown,,,1,0,1,0,0,0,0,,0,0,0,0,0,83.0,83.0
43.650745,-79.41389,At Intersection,Clear,Daylight,Dry,Non-Fatal Injury,Pedestrian Collisions,Pedestrian,85 to 89,Major,,1,0,1,0,0,0,0,,0,0,0,0,0,81.0,81.0
43.658445,-79.44219,,Clear,Dark,Dry,Non-Fatal Injury,Pedestrian Collisions,Driver,70 to 74,None,Normal,1,0,1,0,0,0,0,,0,0,0,0,0,83.0,83.0
43.666745,-79.39329,,Rain,Dark,Wet,Non-Fatal Injury,Pedestrian Collisions,Driver,20 to 24,None,Normal,1,0,1,0,0,0,0,Yes,0,0,0,0,0,169.0,76.0
43.670445,-79.35389,,Clear,Daylight,Dry,Non-Fatal Injury,Pedestrian Collisions,Driver,70 to 74,None,Normal,1,0,1,0,0,0,0,,1,1,0,0,0,68.0,68.0
43.741645,-79.31239,,Rain,"Dark, artificial",Wet,Non-Fatal Injury,Pedestrian Collisions,Pedestrian,45 to 49,Major,,1,0,1,0,0,0,0,,0,0,0,0,0,43.0,43.0
43.640345,-79.38899,At Intersection,Clear,Daylight,Dry,Non-Fatal Injury,Rear End,Motorcycle Driver,30 to 34,Major,Normal,0,0,1,1,0,0,0,,0,1,0,0,0,165.0,77.0
43.754045,-79.53279,At Intersection,Clear,Daylight,Dry,Non-Fatal Injury,Angle,Driver,55 to 59,None,Normal,0,0,1,0,0,0,0,Yes,0,1,1,0,0,21.0,21.0
43.658845,-79.34989,At Intersection,Rain,"Dusk, artificial",Wet,Non-Fatal Injury,Pedestrian Collisions,Driver,unknown,None,Unknown,1,0,1,0,0,0,0,,0,1,0,0,0,70.0,70.0
43.640345,-79.38899,At Intersection,Clear,Daylight,Dry,Non-Fatal Injury,Rear End,Vehicle Owner,unknown,,,0,0,1,1,0,0,0,,0,1,0,0,0,165.0,77.0
43.653345,-79.37519,,Clear,Daylight,Dry,Non-Fatal Injury,Rear End,Driver,50 to 54,None,Normal,0,0,1,0,0,1,0,,0,0,0,0,0,168.0,75.0
43.720345,-79.42439,,Rain,Dark,Wet,Non-Fatal Injury,Pedestrian Collisions,Pedestrian,60 to 64,Major,,1,0,1,0,0,0,0,,0,0,0,0,0,39.0,39.0
43.658445,-79.44219,,Clear,Dark,Dry,Non-Fatal Injury,Pedestrian Collisions,Pedestrian,50 to 54,Major,,1,0,1,0,0,0,0,,0,0,0,0,0,83.0,83.0
43.666745,-79.39329,,Rain,Dark,Wet,Non-Fatal Injury,Pedestrian Collisions,Pedestrian,70 to 74,Major,,1,0,1,0,0,0,0,Yes,0,0,0,0,0,169.0,76.0
43.670445,-79.35389,,Clear,Daylight,Dry,Non-Fatal Injury,Pedestrian Collisions,Driver,45 to 49,None,Inattentive,1,0,1,0,0,0,0,,1,1,0,0,0,68.0,68.0
43.653345,-79.37519,,Clear,Daylight,Dry,Non-Fatal Injury,Rear End,Driver,50 to 54,Major,Inattentive,0,0,1,0,0,1,0,,0,0,0,0,0,168.0,75.0
43.707845,-79.30189,,Clear,Dark,Dry,Non-Fatal Injury,Pedestrian Collisions,Vehicle Owner,unknown,,,1,0,1,0,0,0,0,,0,1,0,0,0,54.0,54.0
43.658845,-79.34989,At Intersection,Rain,"Dusk, artificial",Wet,Non-Fatal Injury,Pedestrian Collisions,Pedestrian,40 to 44,Major,,1,0,1,0,0,0,0,,0,1,0,0,0,70.0,70.0
43.751045,-79.56039,At Intersection,Clear,Dark,Dry,Non-Fatal Injury,Cyclist Collisions,Driver,65 to 69,None,Normal,0,1,1,0,0,0,0,,0,1,0,0,0,21.0,21.0
43.691045,-79.47099,,Clear,Dark,Dry,Non-Fatal Injury,Pedestrian Collisions,Vehicle Owner,unknown,,,1,0,1,0,0,0,0,,0,0,0,0,0,110.0,110.0
43.640345,-79.38899,At Intersection,Clear,Daylight,Dry,Non-Fatal Injury,Rear End,Driver,35 to 39,Minimal,Inattentive,0,0,1,1,0,0,0,,0,1,0,0,0,165.0,77.0
43.670445,-79.35389,,Clear,Daylight,Dry,Non-Fatal Injury,Pedestrian Collisions,Other Property Owner,unknown,,,1,0,1,0,0,0,0,,1,1,0,0,0,68.0,68.0
43.665445,-79.35259,At Intersection,Clear,"Dark, artificial",Dry,Non-Fatal Injury,Pedestrian Collisions,Driver,unknown,None,Unknown,1,0,1,0,0,0,0,,0,0,0,0,0,70.0,70.0
43.754045,-79.53279,At Intersection,Clear,Daylight,Dry,Non-Fatal Injury,Angle,Passenger,50 to 54,Minimal,,0,0,1,0,0,0,0,Yes,0,1,1,0,0,21.0,21.0
43.747045,-79.51509,At Intersection,Clear,Daylight,Dry,Non-Fatal Injury,Pedestrian Collisions,Vehicle Owner,unknown,,,1,0,1,0,0,0,0,,0,1,0,0,0,25.0,25.0
43.814545,-79.15699,,Clear,Daylight,Dry,Non-Fatal Injury,Approaching,Motorcycle Driver,30 to 34,Major,Unknown,0,0,1,1,0,0,0,,0,0,0,0,0,144.0,131.0
43.656945,-79.39079,,Clear,Dusk,Dry,Non-Fatal Injury,Pedestrian Collisions,Vehicle Owner,unknown,,,1,0,1,0,0,0,0,,0,0,0,0,0,78.0,78.0
43.751045,-79.56039,At Intersection,Clear,Dark,Dry,Non-Fatal Injury,Cyclist Collisions,Cyclist,10 to 14,Major,,0,1,1,0,0,0,0,,0,1,0,0,0,21.0,21.0
43.691045,-79.47099,,Clear,Dark,Dry,Non-Fatal Injury,Pedestrian Collisions,Driver,45 to 49,None,Normal,1,0,1,0,0,0,0,,0,0,0,0,0,110.0,110.0
43.665445,-79.35259,At Intersection,Clear,"Dark, artificial",Dry,Non-Fatal Injury,Pedestrian Collisions,Pedestrian,50 to 54,Major,,1,0,1,0,0,0,0,,0,0,0,0,0,70.0,70.0
43.707845,-79.30189,,Clear,Dark,Dry,Non-Fatal Injury,Pedestrian Collisions,Driver,30 to 34,None,Normal,1,0,1,0,0,0,0,,0,1,0,0,0,54.0,54.0
43.754045,-79.53279,At Intersection,Clear,Daylight,Dry,Non-Fatal Injury,Angle,Passenger,70 to 74,Major,,0,0,1,0,0,0,0,Yes,0,1,1,0,0,21.0,21.0
43.670445,-79.35389,,Clear,Daylight,Dry,Non-Fatal Injury,Pedestrian Collisions,Pedestrian,45 to 49,Major,,1,0,1,0,0,0,0,,1,1,0,0,0,68.0,68.0
43.747045,-79.51509,At Intersection,Clear,Daylight,Dry,Non-Fatal Injury,Pedestrian Collisions,Driver,25 to 29,None,Inattentive,1,0,1,0,0,0,0,,0,1,0,0,0,25.0,25.0
43.814545,-79.15699,,Clear,Daylight,Dry,Non-Fatal Injury,Approaching,Motorcycle Driver,25 to 29,Minor,Unknown,0,0,1,1,0,0,0,,0,0,0,0,0,144.0,131.0
43.656945,-79.39079,,Clear,Dusk,Dry,Non-Fatal Injury,Pedestrian Collisions,Driver,40 to 44,None,Normal,1,0,1,0,0,0,0,,0,0,0,0,0,78.0,78.0
43.755245,-79.24679,,Clear,Dark,Dry,Non-Fatal Injury,Pedestrian Collisions,Vehicle Owner,unknown,,,1,0,1,0,0,0,0,,0,0,0,0,0,157.0,127.0
43.707845,-79.30189,,Clear,Dark,Dry,Non-Fatal Injury,Pedestrian Collisions,Driver,unknown,None,Other,1,0,1,0,0,0,0,,0,1,0,0,0,54.0,54.0
43.788745,-79.136089,,Rain,Daylight,Wet,Non-Fatal Injury,SMV Other,Driver,80 to 84,Major,,0,0,1,0,0,0,0,,0,0,0,0,0,143.0,131.0
43.747045,-79.51509,At Intersection,Clear,Daylight,Dry,Non-Fatal Injury,Pedestrian Collisions,Pedestrian,80 to 84,Major,,1,0,1,0,0,0,0,,0,1,0,0,0,25.0,25.0
43.755245,-79.24679,,Clear,Dark,Dry,Non-Fatal Injury,Pedestrian Collisions,Driver,50 to 54,None,Normal,1,0,1,0,0,0,0,,0,0,0,0,0,157.0,127.0
43.754045,-79.53279,At Intersection,Clear,Daylight,Dry,Non-Fatal Injury,Angle,Passenger,50 to 54,Minimal,,0,0,1,0,0,0,0,Yes,0,1,1,0,0,21.0,21.0
43.691045,-79.47099,,Clear,Dark,Dry,Non-Fatal Injury,Pedestrian Collisions,Pedestrian,25 to 29,Major,,1,0,1,0,0,0,0,,0,0,0,0,0,110.0,110.0
43.814545,-79.15699,,Clear,Daylight,Dry,Non-Fatal Injury,Approaching,Driver,35 to 39,None,Normal,0,0,1,1,0,0,0,,0,0,0,0,0,144.0,131.0
43.656945,-79.39079,,Clear,Dusk,Dry,Non-Fatal Injury,Pedestrian Collisions,Pedestrian,55 to 59,Major,,1,0,1,0,0,0,0,,0,0,0,0,0,78.0,78.0
43.707845,-79.30189,,Clear,Dark,Dry,Non-Fatal Injury,Pedestrian Collisions,Pedestrian,55 to 59,Major,,1,0,1,0,0,0,0,,0,1,0,0,0,54.0,54.0
43.682944,-79.46269,,Clear,Daylight,Dry,Non-Fatal Injury,Rear End,Driver,30 to 34,Minimal,Normal,0,0,1,0,0,0,0,,0,0,0,0,0,110.0,110.0
43.755245,-79.24679,,Clear,Dark,Dry,Non-Fatal Injury,Pedestrian Collisions,Pedestrian,50 to 54,Major,,1,0,1,0,0,0,0,,0,0,0,0,0,157.0,127.0
43.754045,-79.53279,At Intersection,Clear,Daylight,Dry,Non-Fatal Injury,Angle,Driver,25 to 29,Minimal,Normal,0,0,1,0,0,0,0,Yes,0,1,1,0,0,21.0,21.0
43.713545,-79.36479,At Intersection,Clear,Daylight,Dry,Non-Fatal Injury,Pedestrian Collisions,Driver,70 to 74,None,Inattentive,1,0,1,0,0,0,0,,0,1,0,0,0,55.0,55.0
43.710445,-79.33459,,Clear,Dark,Dry,Non-Fatal Injury,Pedestrian Collisions,Vehicle Owner,unknown,,,1,0,1,0,0,0,0,,0,0,0,0,0,44.0,44.0
43.782345,-79.41309,At Intersection,Clear,Daylight,Dry,Non-Fatal Injury,Pedestrian Collisions,Driver,50 to 54,None,Inattentive,1,0,1,0,0,0,0,,0,1,0,0,0,50.0,50.0
43.672945,-79.44099,At Intersection,Clear,Dark,Dry,Non-Fatal Injury,Angle,Driver,50 to 54,Major,Normal,0,0,1,0,0,0,0,,0,1,1,0,0,171.0,93.0
43.682944,-79.46269,,Clear,Daylight,Dry,Non-Fatal Injury,Rear End,Driver,35 to 39,Major,Inattentive,0,0,1,0,0,0,0,,0,0,0,0,0,110.0,110.0
43.710445,-79.33459,,Clear,Dark,Dry,Non-Fatal Injury,Pedestrian Collisions,Driver,15 to 19,None,Normal,1,0,1,0,0,0,0,,0,0,0,0,0,44.0,44.0
43.778845,-79.39079,,Clear,"Dark, artificial",Dry,Non-Fatal Injury,Pedestrian Collisions,Pedestrian,55 to 59,Major,,1,0,1,0,0,0,0,Yes,1,1,0,0,0,52.0,52.0
43.713545,-79.36479,At Intersection,Clear,Daylight,Dry,Non-Fatal Injury,Pedestrian Collisions,Pedestrian,65 to 69,Major,,1,0,1,0,0,0,0,,0,1,0,0,0,55.0,55.0
43.719745,-79.42329,,Clear,Daylight,Dry,Non-Fatal Injury,Pedestrian Collisions,Driver,55 to 59,None,Normal,1,0,1,0,0,0,0,,0,0,0,0,0,39.0,39.0
43.782345,-79.41309,At Intersection,Clear,Daylight,Dry,Non-Fatal Injury,Pedestrian Collisions,Pedestrian,55 to 59,Major,,1,0,1,0,0,0,0,,0,1,0,0,0,50.0,50.0
43.734545,-79.25809,At Intersection,Clear,Dark,Dry,Non-Fatal Injury,Pedestrian Collisions,Driver,unknown,None,,1,0,1,0,0,0,0,,0,0,0,0,0,138.0,138.0
43.672945,-79.44099,At Intersection,Clear,Dark,Dry,Non-Fatal Injury,Angle,Vehicle Owner,unknown,,,0,0,1,0,0,0,0,,0,1,1,0,0,171.0,93.0
43.658245,-79.37789,At Intersection,Clear,Dark,Dry,Non-Fatal Injury,Cyclist Collisions,Other,unknown,None,,0,1,1,0,0,0,0,,0,0,0,0,0,168.0,75.0
43.710445,-79.33459,,Clear,Dark,Dry,Non-Fatal Injury,Pedestrian Collisions,Pedestrian,30 to 34,Major,,1,0,1,0,0,0,0,,0,0,0,0,0,44.0,44.0
43.778845,-79.39079,,Clear,"Dark, artificial",Dry,Non-Fatal Injury,Pedestrian Collisions,Passenger,20 to 24,Major,,1,0,1,0,0,0,0,Yes,1,1,0,0,0,52.0,52.0
43.751245,-79.51619,,Clear,Daylight,Dry,Non-Fatal Injury,Pedestrian Collisions,Vehicle Owner,unknown,,,1,0,0,0,0,1,0,,0,0,0,0,0,25.0,25.0
43.719745,-79.42329,,Clear,Daylight,Dry,Non-Fatal Injury,Pedestrian Collisions,Pedestrian,5 to 9,Major,,1,0,1,0,0,0,0,,0,0,0,0,0,39.0,39.0
43.672945,-79.44099,At Intersection,Clear,Dark,Dry,Non-Fatal Injury,Angle,Driver,55 to 59,None,Normal,0,0,1,0,0,0,0,,0,1,1,0,0,171.0,93.0
43.658245,-79.37789,At Intersection,Clear,Dark,Dry,Non-Fatal Injury,Cyclist Collisions,Vehicle Owner,unknown,,,0,1,1,0,0,0,0,,0,0,0,0,0,168.0,75.0
43.751245,-79.51619,,Clear,Daylight,Dry,Non-Fatal Injury,Pedestrian Collisions,Driver,40 to 44,None,Normal,1,0,0,0,0,1,0,,0,0,0,0,0,25.0,25.0
43.760045,-79.58609,,Clear,Daylight,Dry,Non-Fatal Injury,Rear End,Motorcycle Driver,25 to 29,Major,Inattentive,0,0,0,1,0,1,0,,1,1,0,0,0,2.0,2.0
43.752345,-79.43769,At Intersection,Clear,Daylight,Dry,Non-Fatal Injury,Pedestrian Collisions,Driver,unknown,None,Inattentive,1,0,1,0,0,0,0,,0,1,0,0,0,38.0,38.0
43.710445,-79.33459,,Clear,Dark,Dry,Non-Fatal Injury,Pedestrian Collisions,Pedestrian,10 to 14,Major,,1,0,1,0,0,0,0,,0,0,0,0,0,44.0,44.0
43.778845,-79.39079,,Clear,"Dark, artificial",Dry,Non-Fatal Injury,Pedestrian Collisions,Vehicle Owner,unknown,,,1,0,1,0,0,0,0,Yes,1,1,0,0,0,52.0,52.0
43.672945,-79.44099,At Intersection,Clear,Dark,Dry,Non-Fatal Injury,Angle,Driver,55 to 59,None,Normal,0,0,1,0,0,0,0,,0,1,1,0,0,171.0,93.0
43.734545,-79.25809,At Intersection,Clear,Dark,Dry,Non-Fatal Injury,Pedestrian Collisions,Pedestrian,unknown,Minor,,1,0,1,0,0,0,0,,0,0,0,0,0,138.0,138.0
43.658245,-79.37789,At Intersection,Clear,Dark,Dry,Non-Fatal Injury,Cyclist Collisions,Driver,50 to 54,None,Other,0,1,1,0,0,0,0,,0,0,0,0,0,168.0,75.0
43.751245,-79.51619,,Clear,Daylight,Dry,Non-Fatal Injury,Pedestrian Collisions,Pedestrian,30 to 34,Major,,1,0,0,0,0,1,0,,0,0,0,0,0,25.0,25.0
43.760045,-79.58609,,Clear,Daylight,Dry,Non-Fatal Injury,Rear End,Vehicle Owner,unknown,,,0,0,0,1,0,1,0,,1,1,0,0,0,2.0,2.0
43.752345,-79.43769,At Intersection,Clear,Daylight,Dry,Non-Fatal Injury,Pedestrian Collisions,Pedestrian,80 to 84,Major,,1,0,1,0,0,0,0,,0,1,0,0,0,38.0,38.0
43.690745,-79.42129,,Clear,Daylight,Dry,Non-Fatal Injury,Rear End,Driver,50 to 54,None,Normal,0,0,1,0,0,0,0,,0,0,0,0,1,101.0,101.0
43.778845,-79.39079,,Clear,"Dark, artificial",Dry,Non-Fatal Injury,Pedestrian Collisions,Passenger,25 to 29,Major,,1,0,1,0,0,0,0,Yes,1,1,0,0,0,52.0,52.0
43.654945,-79.33739,At Intersection,Clear,Dark,Wet,Non-Fatal Injury,Turning Movement,Driver,25 to 29,Major,Normal,0,0,1,0,0,0,0,,0,0,0,0,0,70.0,70.0
43.734545,-79.25809,At Intersection,Clear,Dark,Dry,Non-Fatal Injury,Pedestrian Collisions,Pedestrian,unknown,Major,,1,0,1,0,0,0,0,,0,0,0,0,0,138.0,138.0
43.658245,-79.37789,At Intersection,Clear,Dark,Dry,Non-Fatal Injury,Cyclist Collisions,Cyclist,20 to 24,None,,0,1,1,0,0,0,0,,0,0,0,0,0,168.0,75.0
43.685145,-79.31259,,Clear,Dark,Dry,Non-Fatal Injury,SMV Unattended Vehicle,Vehicle Owner,unknown,,,0,0,1,0,0,0,0,,0,0,0,0,0,64.0,64.0
43.760045,-79.58609,,Clear,Daylight,Dry,Non-Fatal Injury,Rear End,Driver,40 to 44,None,Normal,0,0,0,1,0,1,0,,1,1,0,0,0,2.0,2.0
43.690745,-79.42129,,Clear,Daylight,Dry,Non-Fatal Injury,Rear End,Driver,50 to 54,Major,Medical or Physical Disability,0,0,1,0,0,0,0,,0,0,0,0,1,101.0,101.0
43.778845,-79.39079,,Clear,"Dark, artificial",Dry,Non-Fatal Injury,Pedestrian Collisions,Passenger,20 to 24,Major,,1,0,1,0,0,0,0,Yes,1,1,0,0,0,52.0,52.0
43.654945,-79.33739,At Intersection,Clear,Dark,Wet,Non-Fatal Injury,Turning Movement,Driver,30 to 34,None,Normal,0,0,1,0,0,0,0,,0,0,0,0,0,70.0,70.0
43.741145,-79.31929,At Intersection,Clear,"Dark, artificial",Wet,Fatal,Turning Movement,Driver,25 to 29,Minimal,Normal,0,0,1,0,0,0,0,,0,1,0,0,0,43.0,43.0
43.644745,-79.39179,,Clear,Daylight,Dry,Non-Fatal Injury,Pedestrian Collisions,Driver,50 to 54,None,Inattentive,1,0,1,0,0,0,0,,0,1,0,0,0,164.0,77.0
43.658245,-79.37789,At Intersection,Clear,Dark,Dry,Non-Fatal Injury,Cyclist Collisions,Cyclist,25 to 29,Major,,0,1,1,0,0,0,0,,0,0,0,0,0,168.0,75.0
43.685145,-79.31259,,Clear,Dark,Dry,Non-Fatal Injury,SMV Unattended Vehicle,Driver,30 to 34,Major,Unknown,0,0,1,0,0,0,0,,0,0,0,0,0,64.0,64.0
43.761045,-79.46519,At Intersection,Clear,Daylight,Dry,Non-Fatal Injury,Turning Movement,Vehicle Owner,unknown,,,0,0,1,1,0,0,0,,1,1,0,0,0,34.0,34.0
43.652345,-79.40599,,Rain,Dark,Wet,Non-Fatal Injury,Pedestrian Collisions,Driver,50 to 54,None,,1,0,1,0,0,0,0,,0,0,0,0,0,78.0,78.0
43.761045,-79.46519,At Intersection,Clear,Daylight,Dry,Non-Fatal Injury,Turning Movement,Motorcycle Driver,25 to 29,Major,Inattentive,0,0,1,1,0,0,0,,1,1,0,0,0,34.0,34.0
43.644745,-79.39179,,Clear,Daylight,Dry,Non-Fatal Injury,Pedestrian Collisions,Pedestrian,50 to 54,Major,,1,0,1,0,0,0,0,,0,1,0,0,0,164.0,77.0
43.778845,-79.39079,,Clear,"Dark, artificial",Dry,Non-Fatal Injury,Pedestrian Collisions,Driver,25 to 29,Major,Had Been Drinking,1,0,1,0,0,0,0,Yes,1,1,0,0,0,52.0,52.0
43.685145,-79.31259,,Clear,Dark,Dry,Non-Fatal Injury,SMV Unattended Vehicle,Other,unknown,None,,0,0,1,0,0,0,0,,0,0,0,0,0,64.0,64.0
43.743245,-79.58199,,Clear,Dark,Dry,Non-Fatal Injury,Pedestrian Collisions,Driver,25 to 29,None,Normal,1,0,1,0,0,0,0,,0,0,0,0,0,3.0,3.0
43.654945,-79.33739,At Intersection,Clear,Dark,Wet,Non-Fatal Injury,Turning Movement,Vehicle Owner,unknown,,,0,0,1,0,0,0,0,,0,0,0,0,0,70.0,70.0
43.743245,-79.58199,,Clear,Dark,Dry,Non-Fatal Injury,Pedestrian Collisions,Pedestrian,50 to 54,Major,,1,0,1,0,0,0,0,,0,0,0,0,0,3.0,3.0
43.652345,-79.40599,,Rain,Dark,Wet,Non-Fatal Injury,Pedestrian Collisions,Pedestrian,unknown,Major,,1,0,1,0,0,0,0,,0,0,0,0,0,78.0,78.0
43.741145,-79.31929,At Intersection,Clear,"Dark, artificial",Wet,Fatal,Turning Movement,Driver,35 to 39,Fatal,Inattentive,0,0,1,0,0,0,0,,0,1,0,0,0,43.0,43.0
43.761045,-79.46519,At Intersection,Clear,Daylight,Dry,Non-Fatal Injury,Turning Movement,Driver,50 to 54,Minimal,Normal,0,0,1,1,0,0,0,,1,1,0,0,0,34.0,34.0
43.598145,-79.51689,At Intersection,Rain,Dark,Wet,Non-Fatal Injury,Pedestrian Collisions,Driver,40 to 44,None,Normal,1,0,1,0,0,0,0,,0,0,0,0,0,18.0,18.0
43.643145,-79.45549,At Intersection,Clear,Daylight,Dry,Non-Fatal Injury,Rear End,Passenger,70 to 74,Major,,0,0,1,0,0,0,0,Yes,0,0,0,0,0,87.0,87.0
43.650045,-79.43829,At Intersection,Clear,Dark,Dry,Non-Fatal Injury,Cyclist Collisions,Driver,unknown,None,Unknown,0,1,1,0,0,0,0,,0,1,0,0,0,84.0,84.0
43.741145,-79.31929,At Intersection,Clear,"Dark, artificial",Wet,Fatal,Turning Movement,Other Property Owner,unknown,,,0,0,1,0,0,0,0,,0,1,0,0,0,43.0,43.0
43.643145,-79.45549,At Intersection,Clear,Daylight,Dry,Non-Fatal Injury,Rear End,Passenger,40 to 44,Minor,,0,0,1,0,0,0,0,Yes,0,0,0,0,0,87.0,87.0
43.692845,-79.28109,At Intersection,Clear,Dark,Dry,Non-Fatal Injury,Pedestrian Collisions,Driver,unknown,None,Normal,1,0,1,0,0,0,0,,0,0,0,0,0,121.0,121.0
43.650045,-79.43829,At Intersection,Clear,Dark,Dry,Non-Fatal Injury,Cyclist Collisions,Cyclist,50 to 54,Major,,0,1,1,0,0,0,0,,0,1,0,0,0,84.0,84.0
43.689745,-79.47489,,Clear,Daylight,Dry,Non-Fatal Injury,Pedestrian Collisions,Driver,25 to 29,None,Had Been Drinking,1,0,1,0,0,0,0,,0,1,0,0,0,110.0,110.0
43.762045,-79.51809,,Rain,"Dark, artificial",Wet,Non-Fatal Injury,SMV Other,Driver,70 to 74,Major,Medical or Physical Disability,0,0,1,0,0,0,0,,0,0,0,0,1,24.0,24.0
43.654945,-79.33739,At Intersection,Clear,Dark,Wet,Non-Fatal Injury,Turning Movement,Driver,65 to 69,None,Normal,0,0,1,0,0,0,0,,0,0,0,0,0,70.0,70.0
43.643145,-79.45549,At Intersection,Clear,Daylight,Dry,Non-Fatal Injury,Rear End,Driver,40 to 44,Minor,Normal,0,0,1,0,0,0,0,Yes,0,0,0,0,0,87.0,87.0
43.598145,-79.51689,At Intersection,Rain,Dark,Wet,Non-Fatal Injury,Pedestrian Collisions,Pedestrian,30 to 34,Minor,,1,0,1,0,0,0,0,,0,0,0,0,0,18.0,18.0
43.789345,-79.44389,,Clear,Daylight,Dry,Fatal,Pedestrian Collisions,Driver,45 to 49,None,Unknown,1,0,1,0,0,0,0,,0,0,0,0,0,36.0,36.0
43.692845,-79.28109,At Intersection,Clear,Dark,Dry,Non-Fatal Injury,Pedestrian Collisions,Pedestrian,45 to 49,Major,,1,0,1,0,0,0,0,,0,0,0,0,0,121.0,121.0
43.753445,-79.43799,,Clear,"Dark, artificial",Dry,Non-Fatal Injury,Pedestrian Collisions,Passenger,25 to 29,None,,1,0,1,0,0,0,0,Yes,0,0,0,0,0,33.0,33.0
43.689745,-79.47489,,Clear,Daylight,Dry,Non-Fatal Injury,Pedestrian Collisions,Pedestrian,30 to 34,Major,,1,0,1,0,0,0,0,,0,1,0,0,0,110.0,110.0
43.668145,-79.41239,,Rain,"Dark, artificial",Wet,Non-Fatal Injury,Pedestrian Collisions,Passenger,30 to 34,None,,1,0,1,0,0,0,0,Yes,0,0,0,0,0,95.0,95.0
43.643145,-79.45549,At Intersection,Clear,Daylight,Dry,Non-Fatal Injury,Rear End,Vehicle Owner,unknown,,,0,0,1,0,0,0,0,Yes,0,0,0,0,0,87.0,87.0
43.598145,-79.51689,At Intersection,Rain,Dark,Wet,Non-Fatal Injury,Pedestrian Collisions,Pedestrian,30 to 34,Major,,1,0,1,0,0,0,0,,0,0,0,0,0,18.0,18.0
43.789345,-79.44389,,Clear,Daylight,Dry,Fatal,Pedestrian Collisions,Pedestrian,75 to 79,Fatal,,1,0,1,0,0,0,0,,0,0,0,0,0,36.0,36.0
43.814246,-79.281192,,Clear,Daylight,Dry,Non-Fatal Injury,Pedestrian Collisions,Vehicle Owner,unknown,,,1,0,0,0,0,1,0,,0,0,0,0,0,129.0,129.0
43.668145,-79.41239,,Rain,"Dark, artificial",Wet,Non-Fatal Injury,Pedestrian Collisions,Passenger,25 to 29,None,,1,0,1,0,0,0,0,Yes,0,0,0,0,0,95.0,95.0
43.703145,-79.36059,At Intersection,Clear,Daylight,Dry,Non-Fatal Injury,Rear End,Driver,25 to 29,Major,Normal,0,0,1,0,0,0,0,,0,1,0,0,0,56.0,56.0
43.682945,-79.44509,,Clear,"Dark, artificial",Dry,Non-Fatal Injury,SMV Unattended Vehicle,Other,unknown,None,,0,0,1,0,0,0,0,Yes,0,1,0,0,0,92.0,92.0
43.753445,-79.43799,,Clear,"Dark, artificial",Dry,Non-Fatal Injury,Pedestrian Collisions,Vehicle Owner,unknown,,,1,0,1,0,0,0,0,Yes,0,0,0,0,0,33.0,33.0
43.747945,-79.46239,,Clear,Daylight,Dry,Non-Fatal Injury,Sideswipe,Vehicle Owner,unknown,,,0,0,1,0,0,0,0,,0,0,0,0,0,155.0,26.0
43.643145,-79.45549,At Intersection,Clear,Daylight,Dry,Non-Fatal Injury,Rear End,Driver,30 to 34,None,Normal,0,0,1,0,0,0,0,Yes,0,0,0,0,0,87.0,87.0
43.627845,-79.49589,,Clear,Daylight,Dry,Non-Fatal Injury,Rear End,Vehicle Owner,unknown,,,0,0,1,0,0,0,0,Yes,0,0,0,0,1,16.0,16.0
43.814246,-79.281192,,Clear,Daylight,Dry,Non-Fatal Injury,Pedestrian Collisions,Driver,50 to 54,None,Unknown,1,0,0,0,0,1,0,,0,0,0,0,0,129.0,129.0
43.668145,-79.41239,,Rain,"Dark, artificial",Wet,Non-Fatal Injury,Pedestrian Collisions,Passenger,30 to 34,None,,1,0,1,0,0,0,0,Yes,0,0,0,0,0,95.0,95.0
43.650045,-79.38629,At Intersection,Clear,Daylight,Dry,Non-Fatal Injury,Angle,Driver,55 to 59,Minimal,Normal,0,0,1,0,0,0,0,,0,1,1,0,0,170.0,76.0
43.703145,-79.36059,At Intersection,Clear,Daylight,Dry,Non-Fatal Injury,Rear End,Driver,unknown,None,Unknown,0,0,1,0,0,0,0,,0,1,0,0,0,56.0,56.0