LATITUDE,LONGITUDE,ACCLOC,VISIBILITY,LIGHT,RDSFCOND,ACCLASS,IMPACTYPE,INVTYPE,INVAGE,INJURY,DRIVCOND,PEDESTRIAN,CYCLIST,AUTOMOBILE,MOTORCYCLE,TRUCK,TRSN_CITY_VEH,EMERG_VEH,PASSENGER,SPEEDING,AG_DRIV,REDLIGHT,ALCOHOL,DISABILITY,HOOD_158,HOOD_140
43.665245,-79.37789,At Intersection,Clear,Daylight,Dry,Non-Fatal Injury,Pedestrian Collisions,Vehicle Owner,unknown,,,1,0,1,0,0,0,0,,0,0,0,0,0,71.0,71.0
43.698245,-79.43839,,Clear,Daylight,Dry,Non-Fatal Injury,Rear End,Driver,30 to 34,None,Normal,0,0,1,0,0,0,0,Yes,0,1,0,0,0,107.0,107.0
43.823645,-79.30709,At Intersection,Rain,"Dark, artificial",Wet,Non-Fatal Injury,Pedestrian Collisions,Pedestrian,40 to 44,Minor,,1,0,1,0,0,0,0,,0,1,0,0,0,116.0,116.0
43.654544,-79.42189,,Clear,Daylight,Dry,Non-Fatal Injury,Cyclist Collisions,Cyclist,20 to 24,Major,,0,1,1,0,0,0,0,,0,0,0,0,0,81.0,81.0
43.660745,-79.38289,,Clear,"Dark, artificial",Dry,Non-Fatal Injury,Pedestrian Collisions,Pedestrian,15 to 19,Major,,1,0,1,0,0,0,0,,0,0,0,0,0,170.0,76.0
43.665245,-79.37789,At Intersection,Clear,Daylight,Dry,Non-Fatal Injury,Pedestrian Collisions,Driver,25 to 29,None,Normal,1,0,1,0,0,0,0,,0,0,0,0,0,71.0,71.0
43.737345,-79.52609,At Intersection,Rain,Daylight,Wet,Non-Fatal Injury,Approaching,Driver,30 to 34,Major,Inattentive,0,0,1,0,1,0,0,,1,1,0,0,0,25.0,25.0
43.628945,-79.55489,At Intersection,Clear,Daylight,Dry,Non-Fatal Injury,Angle,Driver,50 to 54,None,Normal,0,0,1,0,0,0,0,Yes,0,1,0,0,0,159.0,14.0
43.693545,-79.32779,,Clear,Daylight,Dry,Non-Fatal Injury,Pedestrian Collisions,Vehicle Owner,unknown,,,1,0,1,0,0,0,0,,0,0,0,0,0,59.0,59.0
43.681845,-79.46769,At Intersection,Rain,"Dark, artificial",Wet,Fatal,SMV Other,Driver,30 to 34,Fatal,Unknown,0,0,1,0,0,0,0,,1,1,0,0,0,110.0,110.0
43.698245,-79.43839,,Clear,Daylight,Dry,Non-Fatal Injury,Rear End,Passenger,75 to 79,Major,,0,0,1,0,0,0,0,Yes,0,1,0,0,0,107.0,107.0
43.698245,-79.43839,,Clear,Daylight,Dry,Non-Fatal Injury,Rear End,Passenger,20 to 24,Minimal,,0,0,1,0,0,0,0,Yes,0,1,0,0,0,107.0,107.0
43.666245,-79.37829,At Intersection,Clear,Dusk,Dry,Non-Fatal Injury,Pedestrian Collisions,Driver,65 to 69,None,Inattentive,1,0,1,0,0,0,0,,0,1,1,0,0,71.0,71.0
43.656445,-79.36479,,Clear,Daylight,Dry,Non-Fatal Injury,Other,Passenger,45 to 49,Major,,0,0,0,0,0,1,0,Yes,0,0,0,0,0,72.0,72.0
43.665245,-79.37789,At Intersection,Clear,Daylight,Dry,Non-Fatal Injury,Pedestrian Collisions,Pedestrian,50 to 54,Major,,1,0,1,0,0,0,0,,0,0,0,0,0,71.0,71.0
43.737345,-79.52609,At Intersection,Rain,Daylight,Wet,Non-Fatal Injury,Approaching,Vehicle Owner,unknown,,,0,0,1,0,1,0,0,,1,1,0,0,0,25.0,25.0
43.628945,-79.55489,At Intersection,Clear,Daylight,Dry,Non-Fatal Injury,Angle,Passenger,0 to 4,Major,,0,0,1,0,0,0,0,Yes,0,1,0,0,0,159.0,14.0
43.693545,-79.32779,,Clear,Daylight,Dry,Non-Fatal Injury,Pedestrian Collisions,Driver,50 to 54,None,Inattentive,1,0,1,0,0,0,0,,0,0,0,0,0,59.0,59.0
43.681845,-79.46769,At Intersection,Rain,"Dark, artificial",Wet,Fatal,SMV Other,Other,unknown,None,,0,0,1,0,0,0,0,,1,1,0,0,0,110.0,110.0
43.656445,-79.36479,,Clear,Daylight,Dry,Non-Fatal Injury,Other,Vehicle Owner,unknown,,,0,0,0,0,0,1,0,Yes,0,0,0,0,0,72.0,72.0
43.693545,-79.32779,,Clear,Daylight,Dry,Non-Fatal Injury,Pedestrian Collisions,Pedestrian,50 to 54,Major,,1,0,1,0,0,0,0,,0,0,0,0,0,59.0,59.0
43.666245,-79.37829,At Intersection,Clear,Dusk,Dry,Non-Fatal Injury,Pedestrian Collisions,Pedestrian,80 to 84,Major,,1,0,1,0,0,0,0,,0,1,1,0,0,71.0,71.0
43.656445,-79.36479,,Clear,Daylight,Dry,Non-Fatal Injury,Other,Driver,50 to 54,None,Normal,0,0,0,0,0,1,0,Yes,0,0,0,0,0,72.0,72.0
43.723145,-79.55889,At Intersection,Clear,Daylight,Dry,Non-Fatal Injury,Pedestrian Collisions,Driver,50 to 54,None,Normal,1,0,1,0,0,0,0,,0,1,0,0,0,5.0,5.0
43.628945,-79.55489,At Intersection,Clear,Daylight,Dry,Non-Fatal Injury,Angle,Passenger,unknown,Minimal,,0,0,1,0,0,0,0,Yes,0,1,0,0,0,159.0,14.0
43.614045,-79.52359,,Clear,Daylight,Dry,Non-Fatal Injury,Pedestrian Collisions,Motorcycle Driver,25 to 29,None,Normal,1,0,0,1,0,0,0,,0,0,0,0,0,160.0,17.0
43.682645,-79.43689,,Clear,Daylight,Dry,Non-Fatal Injury,Pedestrian Collisions,Vehicle Owner,unknown,,,1,0,1,0,0,0,0,,0,1,0,0,0,107.0,107.0
43.681845,-79.46769,At Intersection,Rain,"Dark, artificial",Wet,Fatal,SMV Other,Other Property Owner,unknown,,,0,0,1,0,0,0,0,,1,1,0,0,0,110.0,110.0
43.698245,-79.43839,,Clear,Daylight,Dry,Non-Fatal Injury,Rear End,Driver,45 to 49,Minimal,Normal,0,0,1,0,0,0,0,Yes,0,1,0,0,0,107.0,107.0
43.650045,-79.38629,At Intersection,Clear,Daylight,Dry,Fatal,Cyclist Collisions,Vehicle Owner,unknown,,,0,1,1,0,0,0,0,Yes,0,0,0,0,0,170.0,76.0
43.661045,-79.45059,At Intersection,Clear,"Dark, artificial",Dry,Non-Fatal Injury,Cyclist Collisions,Driver,unknown,None,Unknown,0,1,1,0,0,0,0,,0,1,0,0,0,171.0,93.0
43.614045,-79.52359,,Clear,Daylight,Dry,Non-Fatal Injury,Pedestrian Collisions,Pedestrian,55 to 59,Major,,1,0,0,1,0,0,0,,0,0,0,0,0,160.0,17.0
43.682645,-79.43689,,Clear,Daylight,Dry,Non-Fatal Injury,Pedestrian Collisions,Driver,40 to 44,None,Normal,1,0,1,0,0,0,0,,0,1,0,0,0,107.0,107.0
43.723145,-79.55889,At Intersection,Clear,Daylight,Dry,Non-Fatal Injury,Pedestrian Collisions,Pedestrian,40 to 44,Major,,1,0,1,0,0,0,0,,0,1,0,0,0,5.0,5.0
43.628945,-79.55489,At Intersection,Clear,Daylight,Dry,Non-Fatal Injury,Angle,Passenger,30 to 34,Minor,,0,0,1,0,0,0,0,Yes,0,1,0,0,0,159.0,14.0
43.769345,-79.17579,,Clear,"Dusk, artificial",Dry,Non-Fatal Injury,Sideswipe,Passenger,65 to 69,Minimal,,0,0,1,0,0,0,0,Yes,0,0,0,0,0,136.0,136.0
43.660145,-79.33969,,Clear,Daylight,Dry,Non-Fatal Injury,Turning Movement,Driver,30 to 34,Major,Normal,0,0,1,0,0,0,0,,0,0,0,0,0,70.0,70.0
43.650045,-79.38629,At Intersection,Clear,Daylight,Dry,Fatal,Cyclist Collisions,Driver,30 to 34,None,Normal,0,1,1,0,0,0,0,Yes,0,0,0,0,0,170.0,76.0
43.661045,-79.45059,At Intersection,Clear,"Dark, artificial",Dry,Non-Fatal Injury,Cyclist Collisions,Cyclist,45 to 49,Major,,0,1,1,0,0,0,0,,0,1,0,0,0,171.0,93.0
43.682645,-79.43689,,Clear,Daylight,Dry,Non-Fatal Injury,Pedestrian Collisions,Pedestrian,50 to 54,Major,,1,0,1,0,0,0,0,,0,1,0,0,0,107.0,107.0
43.775845,-79.34369,At Intersection,Clear,Daylight,Dry,Non-Fatal Injury,Rear End,Passenger,0 to 4,Major,,0,0,1,0,0,0,0,Yes,0,1,0,0,0,47.0,47.0
43.628945,-79.55489,At Intersection,Clear,Daylight,Dry,Non-Fatal Injury,Angle,Vehicle Owner,unknown,,,0,0,1,0,0,0,0,Yes,0,1,0,0,0,159.0,14.0
43.775845,-79.34369,At Intersection,Clear,Daylight,Dry,Non-Fatal Injury,Rear End,Passenger,0 to 4,Major,,0,0,1,0,0,0,0,Yes,0,1,0,0,0,47.0,47.0
43.660145,-79.33969,,Clear,Daylight,Dry,Non-Fatal Injury,Turning Movement,Driver,40 to 44,None,Normal,0,0,1,0,0,0,0,,0,0,0,0,0,70.0,70.0
43.748945,-79.27479,,Clear,Daylight,Dry,Non-Fatal Injury,Approaching,Truck Driver,75 to 79,Minimal,Inattentive,0,0,1,0,1,0,0,Yes,0,0,0,0,0,126.0,126.0
43.769345,-79.17579,,Clear,"Dusk, artificial",Dry,Non-Fatal Injury,Sideswipe,Driver,65 to 69,Minor,Normal,0,0,1,0,0,0,0,Yes,0,0,0,0,0,136.0,136.0
43.650045,-79.38629,At Intersection,Clear,Daylight,Dry,Fatal,Cyclist Collisions,Passenger,35 to 39,None,,0,1,1,0,0,0,0,Yes,0,0,0,0,0,170.0,76.0
43.736845,-79.34499,,Clear,Daylight,Dry,Fatal,Turning Movement,Driver,35 to 39,None,Normal,0,0,1,1,0,0,0,,0,1,0,0,0,42.0,42.0
43.628945,-79.55489,At Intersection,Clear,Daylight,Dry,Non-Fatal Injury,Angle,Driver,25 to 29,Minor,Normal,0,0,1,0,0,0,0,Yes,0,1,0,0,0,159.0,14.0
43.722845,-79.30189,,Clear,Daylight,Dry,Non-Fatal Injury,Other,Passenger,85 to 89,Major,,0,0,0,0,0,1,0,Yes,0,0,0,0,0,43.0,43.0
43.775845,-79.34369,At Intersection,Clear,Daylight,Dry,Non-Fatal Injury,Rear End,Passenger,35 to 39,Major,,0,0,1,0,0,0,0,Yes,0,1,0,0,0,47.0,47.0
43.672145,-79.40599,At Intersection,Clear,Daylight,Dry,Non-Fatal Injury,Pedestrian Collisions,Driver,70 to 74,Major,Normal,1,0,1,0,0,0,0,,0,1,0,0,0,95.0,95.0
43.748945,-79.27479,,Clear,Daylight,Dry,Non-Fatal Injury,Approaching,Driver,20 to 24,Major,Normal,0,0,1,0,1,0,0,Yes,0,0,0,0,0,126.0,126.0
43.769345,-79.17579,,Clear,"Dusk, artificial",Dry,Non-Fatal Injury,Sideswipe,Passenger,70 to 74,Major,,0,0,1,0,0,0,0,Yes,0,0,0,0,0,136.0,136.0
43.650045,-79.38629,At Intersection,Clear,Daylight,Dry,Fatal,Cyclist Collisions,Cyclist,55 to 59,Fatal,,0,1,1,0,0,0,0,Yes,0,0,0,0,0,170.0,76.0
43.628945,-79.55489,At Intersection,Clear,Daylight,Dry,Non-Fatal Injury,Angle,Driver,55 to 59,Minimal,Normal,0,0,1,0,0,0,0,Yes,0,1,0,0,0,159.0,14.0
43.748945,-79.27479,,Clear,Daylight,Dry,Non-Fatal Injury,Approaching,Passenger,10 to 14,Minor,,0,0,1,0,1,0,0,Yes,0,0,0,0,0,126.0,126.0
43.769345,-79.17579,,Clear,"Dusk, artificial",Dry,Non-Fatal Injury,Sideswipe,Driver,75 to 79,Major,Unknown,0,0,1,0,0,0,0,Yes,0,0,0,0,0,136.0,136.0
43.775845,-79.34369,At Intersection,Clear,Daylight,Dry,Non-Fatal Injury,Rear End,Driver,40 to 44,Major,Normal,0,0,1,0,0,0,0,Yes,0,1,0,0,0,47.0,47.0
43.659243,-79.328388,At Intersection,Clear,Dark,Dry,Non-Fatal Injury,Cyclist Collisions,Driver,unknown,None,Unknown,0,1,1,0,0,0,0,,0,0,0,0,0,70.0,63.0
43.672145,-79.40599,At Intersection,Clear,Daylight,Dry,Non-Fatal Injury,Pedestrian Collisions,Pedestrian,70 to 74,Major,,1,0,1,0,0,0,0,,0,1,0,0,0,95.0,95.0
43.736845,-79.34499,,Clear,Daylight,Dry,Fatal,Turning Movement,Motorcycle Driver,40 to 44,Fatal,Normal,0,0,1,1,0,0,0,,0,1,0,0,0,42.0,42.0
43.633545,-79.57079,At Intersection,Clear,Daylight,Dry,Non-Fatal Injury,Turning Movement,Passenger,20 to 24,Major,,0,0,1,0,0,0,0,Yes,0,1,0,0,0,12.0,12.0
43.722845,-79.30189,,Clear,Daylight,Dry,Non-Fatal Injury,Other,Vehicle Owner,unknown,,,0,0,0,0,0,1,0,Yes,0,0,0,0,0,43.0,43.0
43.748945,-79.27479,,Clear,Daylight,Dry,Non-Fatal Injury,Approaching,Vehicle Owner,unknown,,,0,0,1,0,1,0,0,Yes,0,0,0,0,0,126.0,126.0
43.821345,-79.31689,At Intersection,Clear,Daylight,Dry,Fatal,Pedestrian Collisions,Driver,50 to 54,None,Inattentive,1,0,1,0,0,0,0,Yes,0,0,0,0,0,116.0,116.0
43.659243,-79.328388,At Intersection,Clear,Dark,Dry,Non-Fatal Injury,Cyclist Collisions,Cyclist,45 to 49,Major,,0,1,1,0,0,0,0,,0,0,0,0,0,70.0,63.0
43.749645,-79.26449,At Intersection,Clear,"Dark, artificial",Dry,Non-Fatal Injury,Pedestrian Collisions,Vehicle Owner,unknown,,,1,0,1,0,0,0,0,,0,1,0,0,0,126.0,126.0
43.677145,-79.44679,At Intersection,Clear,Dark,Dry,Non-Fatal Injury,SMV Unattended Vehicle,Driver,45 to 49,None,Normal,0,0,1,1,0,0,0,,1,1,0,0,0,92.0,92.0
43.633545,-79.57079,At Intersection,Clear,Daylight,Dry,Non-Fatal Injury,Turning Movement,Driver,30 to 34,Major,Normal,0,0,1,0,0,0,0,Yes,0,1,0,0,0,12.0,12.0
43.722845,-79.30189,,Clear,Daylight,Dry,Non-Fatal Injury,Other,Driver,35 to 39,None,Unknown,0,0,0,0,0,1,0,Yes,0,0,0,0,0,43.0,43.0
43.748945,-79.27479,,Clear,Daylight,Dry,Non-Fatal Injury,Approaching,Driver,50 to 54,Minor,Normal,0,0,1,0,1,0,0,Yes,0,0,0,0,0,126.0,126.0
43.821345,-79.31689,At Intersection,Clear,Daylight,Dry,Fatal,Pedestrian Collisions,Passenger,15 to 19,None,,1,0,1,0,0,0,0,Yes,0,0,0,0,0,116.0,116.0
43.744139,-79.406711,At Intersection,Clear,Daylight,Dry,Non-Fatal Injury,Turning Movement,Driver,85 to 89,Major,Normal,0,0,1,0,0,0,0,,0,1,0,0,0,40.0,40.0
43.748945,-79.27479,,Clear,Daylight,Dry,Non-Fatal Injury,Approaching,Driver,30 to 34,None,Normal,0,0,1,0,1,0,0,Yes,0,0,0,0,0,126.0,126.0
43.677145,-79.44679,At Intersection,Clear,Dark,Dry,Non-Fatal Injury,SMV Unattended Vehicle,Other,unknown,None,,0,0,1,1,0,0,0,,1,1,0,0,0,92.0,92.0
43.775845,-79.34369,At Intersection,Clear,Daylight,Dry,Non-Fatal Injury,Rear End,Driver,40 to 44,Major,Inattentive,0,0,1,0,0,0,0,Yes,0,1,0,0,0,47.0,47.0
43.740045,-79.27479,At Intersection,Clear,"Dark, artificial",Dry,Non-Fatal Injury,SMV Other,Passenger,25 to 29,Major,,0,0,1,0,0,0,0,Yes,0,0,0,0,0,125.0,125.0
43.633545,-79.57079,At Intersection,Clear,Daylight,Dry,Non-Fatal Injury,Turning Movement,Driver,50 to 54,Major,Normal,0,0,1,0,0,0,0,Yes,0,1,0,0,0,12.0,12.0
43.821345,-79.31689,At Intersection,Clear,Daylight,Dry,Fatal,Pedestrian Collisions,Driver,80 to 84,None,Normal,1,0,1,0,0,0,0,Yes,0,0,0,0,0,116.0,116.0
43.749645,-79.26449,At Intersection,Clear,"Dark, artificial",Dry,Non-Fatal Injury,Pedestrian Collisions,Driver,50 to 54,None,Normal,1,0,1,0,0,0,0,,0,1,0,0,0,126.0,126.0
43.744139,-79.406711,At Intersection,Clear,Daylight,Dry,Non-Fatal Injury,Turning Movement,Driver,50 to 54,None,Normal,0,0,1,0,0,0,0,,0,1,0,0,0,40.0,40.0
43.748945,-79.27479,,Clear,Daylight,Dry,Non-Fatal Injury,Approaching,Passenger,40 to 44,Minimal,,0,0,1,0,1,0,0,Yes,0,0,0,0,0,126.0,126.0
43.811175,-79.360767,At Intersection,Rain,Daylight,Wet,Non-Fatal Injury,Pedestrian Collisions,Vehicle Owner,unknown,,,1,0,0,0,0,1,0,,0,1,1,0,0,48.0,48.0
43.771545,-79.25129,,Clear,"Dark, artificial",Dry,Non-Fatal Injury,Cyclist Collisions,Driver,25 to 29,None,Normal,0,1,1,0,0,0,0,,0,1,0,0,0,142.0,137.0
43.749645,-79.26449,At Intersection,Clear,"Dark, artificial",Dry,Non-Fatal Injury,Pedestrian Collisions,Pedestrian,30 to 34,Major,,1,0,1,0,0,0,0,,0,1,0,0,0,126.0,126.0
43.740045,-79.27479,At Intersection,Clear,"Dark, artificial",Dry,Non-Fatal Injury,SMV Other,Vehicle Owner,unknown,,,0,0,1,0,0,0,0,Yes,0,0,0,0,0,125.0,125.0
43.821345,-79.31689,At Intersection,Clear,Daylight,Dry,Fatal,Pedestrian Collisions,Pedestrian,30 to 34,Fatal,,1,0,1,0,0,0,0,Yes,0,0,0,0,0,116.0,116.0
43.677145,-79.44679,At Intersection,Clear,Dark,Dry,Non-Fatal Injury,SMV Unattended Vehicle,Vehicle Owner,unknown,,,0,0,1,1,0,0,0,,1,1,0,0,0,92.0,92.0
43.811175,-79.360767,At Intersection,Rain,Daylight,Wet,Non-Fatal Injury,Pedestrian Collisions,Driver,55 to 59,None,Inattentive,1,0,0,0,0,1,0,,0,1,1,0,0,48.0,48.0
43.748945,-79.27479,,Clear,Daylight,Dry,Non-Fatal Injury,Approaching,Passenger,20 to 24,Minor,,0,0,1,0,1,0,0,Yes,0,0,0,0,0,126.0,126.0
43.771545,-79.25129,,Clear,"Dark, artificial",Dry,Non-Fatal Injury,Cyclist Collisions,Cyclist,50 to 54,Major,,0,1,1,0,0,0,0,,0,1,0,0,0,142.0,137.0
43.773345,-79.24629,At Intersection,Clear,Daylight,Dry,Non-Fatal Injury,Pedestrian Collisions,Driver,35 to 39,None,Normal,1,0,1,0,0,0,0,,0,0,0,0,0,142.0,137.0
43.740045,-79.27479,At Intersection,Clear,"Dark, artificial",Dry,Non-Fatal Injury,SMV Other,Driver,25 to 29,Minimal,Unknown,0,0,1,0,0,0,0,Yes,0,0,0,0,0,125.0,125.0
43.677145,-79.44679,At Intersection,Clear,Dark,Dry,Non-Fatal Injury,SMV Unattended Vehicle,Motorcycle Driver,35 to 39,Major,Inattentive,0,0,1,1,0,0,0,,1,1,0,0,0,92.0,92.0
43.811175,-79.360767,At Intersection,Rain,Daylight,Wet,Non-Fatal Injury,Pedestrian Collisions,Pedestrian,15 to 19,Major,,1,0,0,0,0,1,0,,0,1,1,0,0,48.0,48.0
43.748945,-79.27479,,Clear,Daylight,Dry,Non-Fatal Injury,Approaching,Driver,45 to 49,Minor,Normal,0,0,1,0,1,0,0,Yes,0,0,0,0,0,126.0,126.0
43.740245,-79.23209,At Intersection,Clear,Daylight,Dry,Non-Fatal Injury,Pedestrian Collisions,Vehicle Owner,unknown,,,1,0,1,0,0,0,0,,0,1,0,0,0,138.0,138.0
43.773345,-79.24629,At Intersection,Clear,Daylight,Dry,Non-Fatal Injury,Pedestrian Collisions,Pedestrian,35 to 39,Major,,1,0,1,0,0,0,0,,0,0,0,0,0,142.0,137.0
43.740045,-79.27479,At Intersection,Clear,"Dark, artificial",Dry,Non-Fatal Injury,SMV Other,Other Property Owner,unknown,,,0,0,1,0,0,0,0,Yes,0,0,0,0,0,125.0,125.0
43.643515,-79.404651,,Rain,"Dark, artificial",Wet,Non-Fatal Injury,Approaching,Passenger,30 to 34,Minor,,0,0,1,1,0,0,0,Yes,0,0,0,0,0,162.0,82.0
43.702745,-79.31559,At Intersection,Clear,Daylight,Dry,Non-Fatal Injury,SMV Other,Vehicle Owner,unknown,,,0,0,1,0,0,0,0,,1,1,0,0,1,54.0,54.0
43.779245,-79.50419,At Intersection,Rain,Daylight,Wet,Non-Fatal Injury,Pedestrian Collisions,Driver,60 to 64,None,Normal,1,0,1,0,0,0,0,,0,0,0,0,0,27.0,27.0
43.649845,-79.38709,At Intersection,Clear,Daylight,Dry,Non-Fatal Injury,Turning Movement,Driver,20 to 24,None,Unknown,0,0,1,0,0,0,0,,0,1,0,0,0,170.0,76.0
43.822445,-79.31229,At Intersection,Clear,Daylight,Dry,Non-Fatal Injury,Pedestrian Collisions,Driver,45 to 49,None,Inattentive,1,0,1,0,0,0,0,,0,1,0,0,0,116.0,116.0
43.740245,-79.23209,At Intersection,Clear,Daylight,Dry,Non-Fatal Injury,Pedestrian Collisions,Driver,65 to 69,None,Normal,1,0,1,0,0,0,0,,0,1,0,0,0,138.0,138.0
43.776645,-79.31719,,Clear,Daylight,Dry,Non-Fatal Injury,Rear End,Vehicle Owner,unknown,,,0,0,1,1,0,0,0,,0,1,0,0,0,118.0,118.0
43.740245,-79.23209,At Intersection,Clear,Daylight,Dry,Non-Fatal Injury,Pedestrian Collisions,Pedestrian,65 to 69,Major,,1,0,1,0,0,0,0,,0,1,0,0,0,138.0,138.0
43.822445,-79.31229,At Intersection,Clear,Daylight,Dry,Non-Fatal Injury,Pedestrian Collisions,Pedestrian,55 to 59,Major,,1,0,1,0,0,0,0,,0,1,0,0,0,116.0,116.0
43.643515,-79.404651,,Rain,"Dark, artificial",Wet,Non-Fatal Injury,Approaching,Motorcycle Driver,30 to 34,Major,Normal,0,0,1,1,0,0,0,Yes,0,0,0,0,0,162.0,82.0
43.702745,-79.31559,At Intersection,Clear,Daylight,Dry,Non-Fatal Injury,SMV Other,Driver,20 to 24,Major,Medical or Physical Disability,0,0,1,0,0,0,0,,1,1,0,0,1,54.0,54.0
43.682745,-79.46329,At Intersection,Rain,Dark,Wet,Non-Fatal Injury,Pedestrian Collisions,Driver,unknown,None,Unknown,1,0,1,0,0,0,0,,0,1,0,0,0,110.0,110.0
43.779245,-79.50419,At Intersection,Rain,Daylight,Wet,Non-Fatal Injury,Pedestrian Collisions,Pedestrian,20 to 24,Major,,1,0,1,0,0,0,0,,0,0,0,0,0,27.0,27.0
43.649845,-79.38709,At Intersection,Clear,Daylight,Dry,Non-Fatal Injury,Turning Movement,Driver,45 to 49,Major,Normal,0,0,1,0,0,0,0,,0,1,0,0,0,170.0,76.0
43.645145,-79.40319,At Intersection,Clear,Daylight,Dry,Non-Fatal Injury,Pedestrian Collisions,Vehicle Owner,unknown,,,1,0,0,0,1,0,0,,0,0,0,0,0,164.0,77.0
43.643515,-79.404651,,Rain,"Dark, artificial",Wet,Non-Fatal Injury,Approaching,Driver,50 to 54,None,Normal,0,0,1,1,0,0,0,Yes,0,0,0,0,0,162.0,82.0
43.817145,-79.26089,,Clear,Daylight,Dry,Non-Fatal Injury,Pedestrian Collisions,Driver,45 to 49,None,Normal,1,0,1,0,0,0,0,,0,0,0,0,0,129.0,129.0
43.664545,-79.41379,,Clear,Daylight,Dry,Non-Fatal Injury,Cyclist Collisions,Driver,50 to 54,None,Normal,0,1,1,0,0,0,0,,0,0,0,0,0,80.0,80.0
43.682745,-79.46329,At Intersection,Rain,Dark,Wet,Non-Fatal Injury,Pedestrian Collisions,Pedestrian,50 to 54,Major,,1,0,1,0,0,0,0,,0,1,0,0,0,110.0,110.0
43.781045,-79.29809,At Intersection,Rain,"Dark, artificial",Wet,Non-Fatal Injury,Turning Movement,Passenger,75 to 79,Major,,0,0,1,0,0,0,0,Yes,0,1,0,1,0,118.0,118.0
43.702745,-79.31559,At Intersection,Clear,Daylight,Dry,Non-Fatal Injury,SMV Other,Other Property Owner,unknown,,,0,0,1,0,0,0,0,,1,1,0,0,1,54.0,54.0
43.649845,-79.38709,At Intersection,Clear,Daylight,Dry,Non-Fatal Injury,Turning Movement,Other Property Owner,unknown,,,0,0,1,0,0,0,0,,0,1,0,0,0,170.0,76.0
43.776645,-79.31719,,Clear,Daylight,Dry,Non-Fatal Injury,Rear End,Motorcycle Driver,15 to 19,Major,Inattentive,0,0,1,1,0,0,0,,0,1,0,0,0,118.0,118.0
43.645145,-79.40319,At Intersection,Clear,Daylight,Dry,Non-Fatal Injury,Pedestrian Collisions,Truck Driver,45 to 49,None,Normal,1,0,0,0,1,0,0,,0,0,0,0,0,164.0,77.0
43.776645,-79.31719,,Clear,Daylight,Dry,Non-Fatal Injury,Rear End,Driver,35 to 39,None,Normal,0,0,1,1,0,0,0,,0,1,0,0,0,118.0,118.0
43.664545,-79.41379,,Clear,Daylight,Dry,Non-Fatal Injury,Cyclist Collisions,Cyclist,45 to 49,Major,,0,1,1,0,0,0,0,,0,0,0,0,0,80.0,80.0
43.821345,-79.31689,At Intersection,Clear,Daylight,Dry,Non-Fatal Injury,Cyclist Collisions,Vehicle Owner,unknown,,,0,1,1,0,0,0,0,,0,1,0,0,0,116.0,116.0
43.645045,-79.39689,,Clear,"Dark, artificial",Dry,Non-Fatal Injury,Sideswipe,Motorcycle Driver,25 to 29,Major,Normal,0,0,1,1,0,0,0,,0,0,0,0,0,164.0,77.0
43.821345,-79.31689,At Intersection,Clear,Daylight,Dry,Non-Fatal Injury,Cyclist Collisions,Driver,55 to 59,None,Normal,0,1,1,0,0,0,0,,0,1,0,0,0,116.0,116.0
43.781045,-79.29809,At Intersection,Rain,"Dark, artificial",Wet,Non-Fatal Injury,Turning Movement,Driver,85 to 89,None,Normal,0,0,1,0,0,0,0,Yes,0,1,0,1,0,118.0,118.0
43.636473,-79.399638,At Intersection,Rain,"Dark, artificial",Wet,Non-Fatal Injury,Angle,Driver,20 to 24,None,Inattentive,0,0,1,0,0,0,0,Yes,0,1,1,0,0,165.0,77.0
43.645145,-79.40319,At Intersection,Clear,Daylight,Dry,Non-Fatal Injury,Pedestrian Collisions,Pedestrian,50 to 54,Major,,1,0,0,0,1,0,0,,0,0,0,0,0,164.0,77.0
43.817145,-79.26089,,Clear,Daylight,Dry,Non-Fatal Injury,Pedestrian Collisions,Pedestrian,25 to 29,Major,,1,0,1,0,0,0,0,,0,0,0,0,0,129.0,129.0
43.692045,-79.50279,At Intersection,Clear,Daylight,Dry,Non-Fatal Injury,Turning Movement,Driver,70 to 74,None,Normal,0,0,1,0,0,0,0,Yes,0,1,0,0,0,115.0,115.0
43.674745,-79.43099,At Intersection,Clear,"Dark, artificial",Dry,Non-Fatal Injury,Pedestrian Collisions,Vehicle Owner,unknown,,,1,0,0,0,0,1,0,,0,1,0,0,0,94.0,94.0
43.636473,-79.399638,At Intersection,Rain,"Dark, artificial",Wet,Non-Fatal Injury,Angle,Vehicle Owner,unknown,,,0,0,1,0,0,0,0,Yes,0,1,1,0,0,165.0,77.0
43.674745,-79.43099,At Intersection,Clear,"Dark, artificial",Dry,Non-Fatal Injury,Pedestrian Collisions,Driver,20 to 24,None,Inattentive,1,0,0,0,0,1,0,,0,1,0,0,0,94.0,94.0
43.636473,-79.399638,At Intersection,Rain,"Dark, artificial",Wet,Non-Fatal Injury,Angle,Passenger,75 to 79,Major,,0,0,1,0,0,0,0,Yes,0,1,1,0,0,165.0,77.0
43.781045,-79.29809,At Intersection,Rain,"Dark, artificial",Wet,Non-Fatal Injury,Turning Movement,Driver,45 to 49,None,"Ability Impaired, Alcohol Over .08",0,0,1,0,0,0,0,Yes,0,1,0,1,0,118.0,118.0
43.674745,-79.43099,At Intersection,Clear,"Dark, artificial",Dry,Non-Fatal Injury,Pedestrian Collisions,Pedestrian,80 to 84,Major,,1,0,0,0,0,1,0,,0,1,0,0,0,94.0,94.0