LATITUDE,LONGITUDE,ACCLOC,VISIBILITY,LIGHT,RDSFCOND,ACCLASS,IMPACTYPE,INVTYPE,INVAGE,INJURY,DRIVCOND,PEDESTRIAN,CYCLIST,AUTOMOBILE,MOTORCYCLE,TRUCK,TRSN_CITY_VEH,EMERG_VEH,PASSENGER,SPEEDING,AG_DRIV,REDLIGHT,ALCOHOL,DISABILITY,HOOD_158,HOOD_140
43.782145,-79.20699,At Intersection,Clear,Daylight,Dry,Non-Fatal Injury,Approaching,Driver,40 to 44,Major,Fatigue,0,0,1,0,0,0,0,,0,0,0,0,0,135.0,135.0
43.718745,-79.53769,,"Fog, Mist, Smoke, Dust",Dark,Wet,Non-Fatal Injury,SMV Other,Other Property Owner,unknown,,,0,0,1,0,0,0,0,,1,1,0,0,0,23.0,23.0
43.651843,-79.397586,,Rain,"Dark, artificial",Wet,Fatal,Pedestrian Collisions,Driver,30 to 34,None,Normal,1,0,1,0,0,0,0,,0,0,0,0,0,78.0,78.0
43.774325,-79.241756,At Intersection,Rain,"Dark, artificial",Wet,Non-Fatal Injury,Angle,Driver,15 to 19,None,Normal,0,0,1,0,0,0,0,Yes,0,1,1,0,0,142.0,137.0
43.633645,-79.43659,,Clear,Daylight,Dry,Non-Fatal Injury,Rear End,Passenger,25 to 29,Minimal,,0,0,1,0,0,0,0,Yes,0,1,0,0,0,85.0,85.0
43.754345,-79.29839,At Intersection,Clear,Dark,Dry,Non-Fatal Injury,Rear End,Vehicle Owner,unknown,,,0,0,1,0,0,0,0,,1,1,0,0,0,119.0,119.0
43.832644,-79.267993,At Intersection,Clear,Daylight,Dry,Fatal,Pedestrian Collisions,Passenger,30 to 34,Minor,,1,0,0,0,1,1,0,Yes,1,1,0,0,0,130.0,130.0
43.633645,-79.43659,,Clear,Daylight,Dry,Non-Fatal Injury,Rear End,Driver,25 to 29,None,Normal,0,0,1,0,0,0,0,Yes,0,1,0,0,0,85.0,85.0
43.782445,-79.40319,,Clear,Dawn,Dry,Non-Fatal Injury,Sideswipe,Driver,45 to 49,Minimal,Normal,0,0,1,0,0,0,0,Yes,1,1,0,0,0,152.0,51.0
43.651843,-79.397586,,Rain,"Dark, artificial",Wet,Fatal,Pedestrian Collisions,Pedestrian,75 to 79,Fatal,,1,0,1,0,0,0,0,,0,0,0,0,0,78.0,78.0
43.718745,-79.53769,,"Fog, Mist, Smoke, Dust",Dark,Wet,Non-Fatal Injury,SMV Other,Other Property Owner,unknown,,,0,0,1,0,0,0,0,,1,1,0,0,0,23.0,23.0
43.754345,-79.29839,At Intersection,Clear,Dark,Dry,Non-Fatal Injury,Rear End,Driver,20 to 24,Minor,Normal,0,0,1,0,0,0,0,,1,1,0,0,0,119.0,119.0
43.640745,-79.40139,At Intersection,Clear,"Dark, artificial",Wet,Non-Fatal Injury,Pedestrian Collisions,Pedestrian,40 to 44,Major,,1,0,1,0,0,0,0,Yes,0,0,0,0,0,165.0,77.0
43.841334,-79.230891,,Clear,Daylight,Dry,Non-Fatal Injury,Rear End,Driver,45 to 49,Major,Inattentive,0,0,1,0,0,0,0,Yes,0,0,0,0,0,144.0,131.0
43.782445,-79.40319,,Clear,Dawn,Dry,Non-Fatal Injury,Sideswipe,Passenger,45 to 49,Minimal,,0,0,1,0,0,0,0,Yes,1,1,0,0,0,152.0,51.0
43.754345,-79.29839,At Intersection,Clear,Dark,Dry,Non-Fatal Injury,Rear End,Vehicle Owner,unknown,,,0,0,1,0,0,0,0,,1,1,0,0,0,119.0,119.0
43.645445,-79.37889,,Clear,Dusk,Dry,Non-Fatal Injury,Rear End,Driver,65 to 69,None,Normal,0,0,1,0,0,0,0,Yes,0,0,0,0,1,166.0,77.0
43.832644,-79.267993,At Intersection,Clear,Daylight,Dry,Fatal,Pedestrian Collisions,Passenger,55 to 59,Minor,,1,0,0,0,1,1,0,Yes,1,1,0,0,0,130.0,130.0
43.718745,-79.53769,,"Fog, Mist, Smoke, Dust",Dark,Wet,Non-Fatal Injury,SMV Other,Other Property Owner,unknown,,,0,0,1,0,0,0,0,,1,1,0,0,0,23.0,23.0
43.691493,-79.287105,,Clear,Daylight,Dry,Non-Fatal Injury,Cyclist Collisions,Driver,60 to 64,None,Normal,0,1,1,0,0,0,0,,0,1,0,0,0,121.0,121.0
43.801045,-79.40619,At Intersection,Clear,Dark,Dry,Non-Fatal Injury,Pedestrian Collisions,Driver,55 to 59,None,Inattentive,1,0,1,0,0,0,0,,0,0,0,0,0,50.0,50.0
43.703345,-79.42589,,Clear,Daylight,Dry,Non-Fatal Injury,Pedestrian Collisions,Vehicle Owner,unknown,,,1,0,1,0,0,0,0,,0,1,0,0,0,102.0,102.0
43.754345,-79.29839,At Intersection,Clear,Dark,Dry,Non-Fatal Injury,Rear End,Driver,30 to 34,Major,Fatigue,0,0,1,0,0,0,0,,1,1,0,0,0,119.0,119.0
43.691493,-79.287105,,Clear,Daylight,Dry,Non-Fatal Injury,Cyclist Collisions,Cyclist,25 to 29,Major,,0,1,1,0,0,0,0,,0,1,0,0,0,121.0,121.0
43.645445,-79.37889,,Clear,Dusk,Dry,Non-Fatal Injury,Rear End,Vehicle Owner,unknown,,,0,0,1,0,0,0,0,Yes,0,0,0,0,1,166.0,77.0
43.841334,-79.230891,,Clear,Daylight,Dry,Non-Fatal Injury,Rear End,Passenger,10 to 14,Minimal,,0,0,1,0,0,0,0,Yes,0,0,0,0,0,144.0,131.0
43.832644,-79.267993,At Intersection,Clear,Daylight,Dry,Fatal,Pedestrian Collisions,Passenger,15 to 19,Minor,,1,0,0,0,1,1,0,Yes,1,1,0,0,0,130.0,130.0
43.801045,-79.40619,At Intersection,Clear,Dark,Dry,Non-Fatal Injury,Pedestrian Collisions,Pedestrian,25 to 29,Major,,1,0,1,0,0,0,0,,0,0,0,0,0,50.0,50.0
43.782445,-79.40319,,Clear,Dawn,Dry,Non-Fatal Injury,Sideswipe,Vehicle Owner,unknown,,,0,0,1,0,0,0,0,Yes,1,1,0,0,0,152.0,51.0
43.703345,-79.42589,,Clear,Daylight,Dry,Non-Fatal Injury,Pedestrian Collisions,Driver,35 to 39,None,Normal,1,0,1,0,0,0,0,,0,1,0,0,0,102.0,102.0
43.667243,-79.312587,At Intersection,Rain,"Dark, artificial",Wet,Fatal,Pedestrian Collisions,Vehicle Owner,unknown,,,1,0,0,0,0,1,0,,0,0,0,0,0,63.0,63.0
43.612246,-79.496692,At Intersection,Clear,"Dark, artificial",Dry,Non-Fatal Injury,Pedestrian Collisions,Driver,20 to 24,None,Normal,1,0,1,0,0,0,0,,0,0,0,0,0,160.0,17.0
43.773045,-79.42179,,Clear,Daylight,Dry,Non-Fatal Injury,Pedestrian Collisions,Driver,25 to 29,None,Inattentive,1,0,1,0,0,0,0,,0,0,0,0,0,37.0,37.0
43.645445,-79.37889,,Clear,Dusk,Dry,Non-Fatal Injury,Rear End,Driver,55 to 59,Major,Medical or Physical Disability,0,0,1,0,0,0,0,Yes,0,0,0,0,1,166.0,77.0
43.832644,-79.267993,At Intersection,Clear,Daylight,Dry,Fatal,Pedestrian Collisions,Passenger,20 to 24,Minor,,1,0,0,0,1,1,0,Yes,1,1,0,0,0,130.0,130.0
43.773045,-79.42179,,Clear,Daylight,Dry,Non-Fatal Injury,Pedestrian Collisions,Pedestrian,75 to 79,Major,,1,0,1,0,0,0,0,,0,0,0,0,0,37.0,37.0
43.782445,-79.40319,,Clear,Dawn,Dry,Non-Fatal Injury,Sideswipe,Driver,20 to 24,Major,Unknown,0,0,1,0,0,0,0,Yes,1,1,0,0,0,152.0,51.0
43.655841,-79.399219,,Clear,Daylight,Dry,Non-Fatal Injury,Pedestrian Collisions,Driver,35 to 39,None,Normal,1,0,0,0,0,1,0,,0,0,0,0,0,78.0,78.0
43.841334,-79.230891,,Clear,Daylight,Dry,Non-Fatal Injury,Rear End,Passenger,10 to 14,Minimal,,0,0,1,0,0,0,0,Yes,0,0,0,0,0,144.0,131.0
43.667243,-79.312587,At Intersection,Rain,"Dark, artificial",Wet,Fatal,Pedestrian Collisions,Pedestrian,60 to 64,Fatal,,1,0,0,0,0,1,0,,0,0,0,0,0,63.0,63.0
43.664445,-79.36809,At Intersection,Clear,Dark,Dry,Non-Fatal Injury,Pedestrian Collisions,Vehicle Owner,unknown,,,1,0,0,0,1,0,0,,0,0,0,0,0,71.0,71.0
43.612246,-79.496692,At Intersection,Clear,"Dark, artificial",Dry,Non-Fatal Injury,Pedestrian Collisions,Pedestrian,10 to 14,Major,,1,0,1,0,0,0,0,,0,0,0,0,0,160.0,17.0
43.703345,-79.42589,,Clear,Daylight,Dry,Non-Fatal Injury,Pedestrian Collisions,Pedestrian,65 to 69,Major,,1,0,1,0,0,0,0,,0,1,0,0,0,102.0,102.0
43.645445,-79.37889,,Clear,Dusk,Dry,Non-Fatal Injury,Rear End,Passenger,55 to 59,Minor,,0,0,1,0,0,0,0,Yes,0,0,0,0,1,166.0,77.0
43.832644,-79.267993,At Intersection,Clear,Daylight,Dry,Fatal,Pedestrian Collisions,Passenger,30 to 34,Minor,,1,0,0,0,1,1,0,Yes,1,1,0,0,0,130.0,130.0
43.841334,-79.230891,,Clear,Daylight,Dry,Non-Fatal Injury,Rear End,Driver,40 to 44,Minimal,Normal,0,0,1,0,0,0,0,Yes,0,0,0,0,0,144.0,131.0
43.829145,-79.27609,At Intersection,Clear,Daylight,Dry,Non-Fatal Injury,Cyclist Collisions,Vehicle Owner,unknown,,,0,1,1,0,0,0,0,,0,0,0,0,0,130.0,130.0
43.655841,-79.399219,,Clear,Daylight,Dry,Non-Fatal Injury,Pedestrian Collisions,Pedestrian,65 to 69,Major,,1,0,0,0,0,1,0,,0,0,0,0,0,78.0,78.0
43.664445,-79.36809,At Intersection,Clear,Dark,Dry,Non-Fatal Injury,Pedestrian Collisions,Truck Driver,35 to 39,None,Unknown,1,0,0,0,1,0,0,,0,0,0,0,0,71.0,71.0
43.719545,-79.28419,,Clear,Daylight,Dry,Non-Fatal Injury,Approaching,Passenger,50 to 54,Major,,0,0,1,0,0,0,0,Yes,0,1,0,0,0,120.0,120.0
43.665545,-79.48209,At Intersection,Clear,Daylight,Dry,Non-Fatal Injury,Rear End,Driver,70 to 74,Major,Medical or Physical Disability,0,0,1,0,0,0,0,,0,0,0,0,1,90.0,90.0
43.648554,-79.397273,,Clear,"Dark, artificial",Dry,Non-Fatal Injury,Pedestrian Collisions,Vehicle Owner,unknown,,,1,0,1,0,0,0,0,,0,0,0,0,0,164.0,77.0
43.667243,-79.312587,At Intersection,Rain,"Dark, artificial",Wet,Fatal,Pedestrian Collisions,Driver,25 to 29,None,Normal,1,0,0,0,0,1,0,,0,0,0,0,0,63.0,63.0
43.832644,-79.267993,At Intersection,Clear,Daylight,Dry,Fatal,Pedestrian Collisions,Pedestrian,40 to 44,Major,,1,0,0,0,1,1,0,Yes,1,1,0,0,0,130.0,130.0
43.841334,-79.230891,,Clear,Daylight,Dry,Non-Fatal Injury,Rear End,Other,unknown,None,,0,0,1,0,0,0,0,Yes,0,0,0,0,0,144.0,131.0
43.697165,-79.274829,At Intersection,Rain,Daylight,Wet,Non-Fatal Injury,Approaching,Driver,50 to 54,Minor,Unknown,0,0,1,0,0,0,0,Yes,0,0,0,0,0,121.0,121.0
43.697165,-79.274829,At Intersection,Rain,Daylight,Wet,Non-Fatal Injury,Approaching,Passenger,50 to 54,Minor,,0,0,1,0,0,0,0,Yes,0,0,0,0,0,121.0,121.0
43.697165,-79.274829,At Intersection,Rain,Daylight,Wet,Non-Fatal Injury,Approaching,Passenger,5 to 9,Minimal,,0,0,1,0,0,0,0,Yes,0,0,0,0,0,121.0,121.0
43.697165,-79.274829,At Intersection,Rain,Daylight,Wet,Non-Fatal Injury,Approaching,Passenger,5 to 9,Minor,,0,0,1,0,0,0,0,Yes,0,0,0,0,0,121.0,121.0
43.697165,-79.274829,At Intersection,Rain,Daylight,Wet,Non-Fatal Injury,Approaching,Passenger,5 to 9,Minor,,0,0,1,0,0,0,0,Yes,0,0,0,0,0,121.0,121.0
43.697165,-79.274829,At Intersection,Rain,Daylight,Wet,Non-Fatal Injury,Approaching,Passenger,45 to 49,Major,,0,0,1,0,0,0,0,Yes,0,0,0,0,0,121.0,121.0
43.697165,-79.274829,At Intersection,Rain,Daylight,Wet,Non-Fatal Injury,Approaching,Passenger,10 to 14,Minor,,0,0,1,0,0,0,0,Yes,0,0,0,0,0,121.0,121.0
43.697165,-79.274829,At Intersection,Rain,Daylight,Wet,Non-Fatal Injury,Approaching,Driver,50 to 54,Minimal,Normal,0,0,1,0,0,0,0,Yes,0,0,0,0,0,121.0,121.0
43.762645,-79.36189,,Clear,Daylight,Dry,Non-Fatal Injury,SMV Other,Driver,65 to 69,Major,Medical or Physical Disability,0,0,1,0,0,0,0,,0,0,0,0,1,40.0,40.0
43.762645,-79.36189,,Clear,Daylight,Dry,Non-Fatal Injury,SMV Other,Driver,25 to 29,None,Normal,0,0,1,0,0,0,0,,0,0,0,0,1,40.0,40.0
43.762645,-79.36189,,Clear,Daylight,Dry,Non-Fatal Injury,SMV Other,Other Property Owner,unknown,,,0,0,1,0,0,0,0,,0,0,0,0,1,40.0,40.0
43.665645,-79.40869,,Clear,Daylight,Dry,Non-Fatal Injury,SMV Other,Driver - Not Hit,unknown,,,0,1,1,0,0,0,0,,0,1,0,0,0,79.0,79.0
43.664445,-79.36809,At Intersection,Clear,Dark,Dry,Non-Fatal Injury,Pedestrian Collisions,Pedestrian,55 to 59,Minor,,1,0,0,0,1,0,0,,0,0,0,0,0,71.0,71.0
43.719545,-79.28419,,Clear,Daylight,Dry,Non-Fatal Injury,Approaching,Passenger,50 to 54,Minor,,0,0,1,0,0,0,0,Yes,0,1,0,0,0,120.0,120.0
43.829145,-79.27609,At Intersection,Clear,Daylight,Dry,Non-Fatal Injury,Cyclist Collisions,Driver,55 to 59,None,Inattentive,0,1,1,0,0,0,0,,0,0,0,0,0,130.0,130.0
43.665545,-79.48209,At Intersection,Clear,Daylight,Dry,Non-Fatal Injury,Rear End,Vehicle Owner,unknown,,,0,0,1,0,0,0,0,,0,0,0,0,1,90.0,90.0
43.648554,-79.397273,,Clear,"Dark, artificial",Dry,Non-Fatal Injury,Pedestrian Collisions,Pedestrian,15 to 19,None,,1,0,1,0,0,0,0,,0,0,0,0,0,164.0,77.0
43.647345,-79.51139,,Clear,Daylight,Dry,Non-Fatal Injury,Pedestrian Collisions,Driver,20 to 24,None,Normal,1,0,1,0,0,0,0,,0,0,0,0,0,16.0,16.0
43.665645,-79.40869,,Clear,Daylight,Dry,Non-Fatal Injury,SMV Other,Moped Driver,40 to 44,Major,Normal,0,1,1,0,0,0,0,,0,1,0,0,0,79.0,79.0
43.645945,-79.40629,At Intersection,Clear,Daylight,Dry,Non-Fatal Injury,SMV Unattended Vehicle,Driver,40 to 44,Major,Medical or Physical Disability,0,0,1,0,0,0,0,,0,0,0,0,1,162.0,82.0
43.645945,-79.40629,At Intersection,Clear,Daylight,Dry,Non-Fatal Injury,SMV Unattended Vehicle,Other,unknown,None,,0,0,1,0,0,0,0,,0,0,0,0,1,162.0,82.0
43.645945,-79.40629,At Intersection,Clear,Daylight,Dry,Non-Fatal Injury,SMV Unattended Vehicle,Vehicle Owner,unknown,,,0,0,1,0,0,0,0,,0,0,0,0,1,162.0,82.0
43.719538,-79.401126,At Intersection,Clear,"Dark, artificial",Dry,Non-Fatal Injury,Pedestrian Collisions,Vehicle Owner,unknown,,,1,0,1,0,0,1,0,,0,0,0,0,0,103.0,103.0
43.719538,-79.401126,At Intersection,Clear,"Dark, artificial",Dry,Non-Fatal Injury,Pedestrian Collisions,Driver - Not Hit,unknown,None,,1,0,1,0,0,1,0,,0,0,0,0,0,103.0,103.0
43.719538,-79.401126,At Intersection,Clear,"Dark, artificial",Dry,Non-Fatal Injury,Pedestrian Collisions,Vehicle Owner,unknown,,,1,0,1,0,0,1,0,,0,0,0,0,0,103.0,103.0
43.719538,-79.401126,At Intersection,Clear,"Dark, artificial",Dry,Non-Fatal Injury,Pedestrian Collisions,Driver,45 to 49,None,Normal,1,0,1,0,0,1,0,,0,0,0,0,0,103.0,103.0
43.719538,-79.401126,At Intersection,Clear,"Dark, artificial",Dry,Non-Fatal Injury,Pedestrian Collisions,Pedestrian,25 to 29,Major,,1,0,1,0,0,1,0,,0,0,0,0,0,103.0,103.0
43.767646,-79.189586,At Intersection,Rain,Daylight,Wet,Non-Fatal Injury,Pedestrian Collisions,Driver,50 to 54,None,Normal,1,0,1,0,0,0,0,,0,0,0,0,0,136.0,136.0
43.767646,-79.189586,At Intersection,Rain,Daylight,Wet,Non-Fatal Injury,Pedestrian Collisions,Pedestrian,75 to 79,Major,,1,0,1,0,0,0,0,,0,0,0,0,0,136.0,136.0
43.740344,-79.405887,At Intersection,Clear,Daylight,Dry,Fatal,Pedestrian Collisions,Vehicle Owner,unknown,,,1,0,1,0,0,0,0,,0,1,1,0,0,41.0,41.0
43.740344,-79.405887,At Intersection,Clear,Daylight,Dry,Fatal,Pedestrian Collisions,Driver,25 to 29,None,Normal,1,0,1,0,0,0,0,,0,1,1,0,0,41.0,41.0
43.740344,-79.405887,At Intersection,Clear,Daylight,Dry,Fatal,Pedestrian Collisions,Pedestrian,90 to 94,Fatal,,1,0,1,0,0,0,0,,0,1,1,0,0,41.0,41.0
43.656409,-79.40768,At Intersection,Clear,Daylight,Dry,Non-Fatal Injury,Pedestrian Collisions,Driver,50 to 54,None,Normal,1,0,1,0,0,0,0,,0,0,0,0,0,78.0,78.0
43.656409,-79.40768,At Intersection,Clear,Daylight,Dry,Non-Fatal Injury,Pedestrian Collisions,Pedestrian,75 to 79,Major,,1,0,1,0,0,0,0,,0,0,0,0,0,78.0,78.0
43.679845,-79.41699,At Intersection,Clear,Daylight,Dry,Non-Fatal Injury,Sideswipe,Driver,20 to 24,None,Normal,0,0,1,1,0,0,0,,0,1,0,0,0,94.0,94.0
43.679845,-79.41699,At Intersection,Clear,Daylight,Dry,Non-Fatal Injury,Sideswipe,Vehicle Owner,unknown,,,0,0,1,1,0,0,0,,0,1,0,0,0,94.0,94.0
43.679845,-79.41699,At Intersection,Clear,Daylight,Dry,Non-Fatal Injury,Sideswipe,Motorcycle Driver,35 to 39,Major,Normal,0,0,1,1,0,0,0,,0,1,0,0,0,94.0,94.0
43.715345,-79.30159,At Intersection,Clear,Dark,Dry,Non-Fatal Injury,Rear End,Driver,35 to 39,Major,Inattentive,0,0,1,0,0,0,0,Yes,0,1,0,0,0,54.0,54.0
43.715345,-79.30159,At Intersection,Clear,Dark,Dry,Non-Fatal Injury,Rear End,Passenger,55 to 59,Minor,,0,0,1,0,0,0,0,Yes,0,1,0,0,0,54.0,54.0
43.715345,-79.30159,At Intersection,Clear,Dark,Dry,Non-Fatal Injury,Rear End,Driver,30 to 34,Minimal,Normal,0,0,1,0,0,0,0,Yes,0,1,0,0,0,54.0,54.0
43.697445,-79.44219,,Clear,"Dark, artificial",Dry,Non-Fatal Injury,Pedestrian Collisions,Driver,50 to 54,None,Normal,1,0,1,0,0,0,0,,0,0,0,0,0,108.0,108.0
43.697445,-79.44219,,Clear,"Dark, artificial",Dry,Non-Fatal Injury,Pedestrian Collisions,Vehicle Owner,unknown,,,1,0,1,0,0,0,0,,0,0,0,0,0,108.0,108.0
43.697445,-79.44219,,Clear,"Dark, artificial",Dry,Non-Fatal Injury,Pedestrian Collisions,Driver,15 to 19,None,Normal,1,0,1,0,0,0,0,,0,0,0,0,0,108.0,108.0
43.697445,-79.44219,,Clear,"Dark, artificial",Dry,Non-Fatal Injury,Pedestrian Collisions,Pedestrian,25 to 29,Major,,1,0,1,0,0,0,0,,0,0,0,0,0,108.0,108.0
43.639945,-79.38699,At Intersection,Clear,Daylight,Dry,Non-Fatal Injury,Cyclist Collisions,Driver,35 to 39,None,Inattentive,0,1,1,0,0,0,0,,0,0,0,0,0,165.0,77.0
43.639945,-79.38699,At Intersection,Clear,Daylight,Dry,Non-Fatal Injury,Cyclist Collisions,Cyclist,50 to 54,Major,,0,1,1,0,0,0,0,,0,0,0,0,0,165.0,77.0
43.659045,-79.40049,At Intersection,Clear,Daylight,Dry,Non-Fatal Injury,SMV Other,Motorcycle Driver,25 to 29,Major,Normal,0,0,0,1,0,0,0,,1,1,0,0,0,79.0,79.0
43.670045,-79.42899,At Intersection,Clear,Daylight,Dry,Non-Fatal Injury,Turning Movement,Driver,20 to 24,None,Unknown,0,0,1,0,0,0,0,Yes,1,1,0,0,0,172.0,93.0
43.670045,-79.42899,At Intersection,Clear,Daylight,Dry,Non-Fatal Injury,Turning Movement,Passenger,45 to 49,Major,,0,0,1,0,0,0,0,Yes,1,1,0,0,0,172.0,93.0
43.670045,-79.42899,At Intersection,Clear,Daylight,Dry,Non-Fatal Injury,Turning Movement,Vehicle Owner,unknown,,,0,0,1,0,0,0,0,Yes,1,1,0,0,0,172.0,93.0
43.670045,-79.42899,At Intersection,Clear,Daylight,Dry,Non-Fatal Injury,Turning Movement,Driver,35 to 39,None,Normal,0,0,1,0,0,0,0,Yes,1,1,0,0,0,172.0,93.0
43.721145,-79.48089,At Intersection,Clear,Daylight,Dry,Non-Fatal Injury,Pedestrian Collisions,Driver,60 to 64,None,Inattentive,1,0,1,0,0,0,0,,0,1,0,0,0,29.0,29.0
43.721145,-79.48089,At Intersection,Clear,Daylight,Dry,Non-Fatal Injury,Pedestrian Collisions,Pedestrian,70 to 74,Major,,1,0,1,0,0,0,0,,0,1,0,0,0,29.0,29.0
43.665745,-79.35139,,Clear,Daylight,Dry,Non-Fatal Injury,Cyclist Collisions,Driver,50 to 54,None,Normal,0,1,1,0,0,0,0,,0,1,0,0,0,68.0,68.0
43.665745,-79.35139,,Clear,Daylight,Dry,Non-Fatal Injury,Cyclist Collisions,Cyclist,35 to 39,Major,,0,1,1,0,0,0,0,,0,1,0,0,0,68.0,68.0
43.801745,-79.30019,,Clear,Daylight,Dry,Non-Fatal Injury,Pedestrian Collisions,Driver,25 to 29,None,Inattentive,1,0,1,0,0,0,0,,0,0,0,0,0,148.0,117.0
43.801745,-79.30019,,Clear,Daylight,Dry,Non-Fatal Injury,Pedestrian Collisions,Pedestrian,80 to 84,Major,,1,0,1,0,0,0,0,,0,0,0,0,0,148.0,117.0
43.654545,-79.38699,,Clear,"Daylight, artificial",Dry,Non-Fatal Injury,Pedestrian Collisions,Vehicle Owner,unknown,,,1,0,1,0,0,0,0,,0,0,0,0,0,170.0,76.0
43.654545,-79.38699,,Clear,"Daylight, artificial",Dry,Non-Fatal Injury,Pedestrian Collisions,Driver,25 to 29,None,Unknown,1,0,1,0,0,0,0,,0,0,0,0,0,170.0,76.0
43.654545,-79.38699,,Clear,"Daylight, artificial",Dry,Non-Fatal Injury,Pedestrian Collisions,Pedestrian,30 to 34,Major,,1,0,1,0,0,0,0,,0,0,0,0,0,170.0,76.0
43.669345,-79.50159,At Intersection,Rain,Daylight,Wet,Non-Fatal Injury,Turning Movement,Vehicle Owner,unknown,,,0,0,1,0,0,0,0,,0,0,0,0,0,111.0,111.0
43.669345,-79.50159,At Intersection,Rain,Daylight,Wet,Non-Fatal Injury,Turning Movement,Driver,65 to 69,None,Normal,0,0,1,0,0,0,0,,0,0,0,0,0,111.0,111.0
43.669345,-79.50159,At Intersection,Rain,Daylight,Wet,Non-Fatal Injury,Turning Movement,Driver,40 to 44,Major,Normal,0,0,1,0,0,0,0,,0,0,0,0,0,111.0,111.0
43.593345,-79.53819,At Intersection,Clear,"Dark, artificial",Dry,Non-Fatal Injury,Turning Movement,Motorcycle Driver,15 to 19,Major,Normal,0,0,1,1,0,0,0,,0,0,0,0,0,19.0,19.0
43.593345,-79.53819,At Intersection,Clear,"Dark, artificial",Dry,Non-Fatal Injury,Turning Movement,Driver,55 to 59,None,Inattentive,0,0,1,1,0,0,0,,0,0,0,0,0,19.0,19.0
43.678245,-79.34849,,Clear,Daylight,Dry,Non-Fatal Injury,Pedestrian Collisions,Driver,85 to 89,None,Inattentive,1,0,1,0,0,0,0,,0,0,0,0,0,67.0,67.0
43.678245,-79.34849,,Clear,Daylight,Dry,Non-Fatal Injury,Pedestrian Collisions,Pedestrian,75 to 79,Major,,1,0,1,0,0,0,0,,0,0,0,0,0,67.0,67.0
43.79309,-79.352252,At Intersection,Clear,Daylight,Dry,Non-Fatal Injury,Pedestrian Collisions,Driver,90 to 94,None,Medical or Physical Disability,1,0,1,0,0,0,0,,0,0,0,0,1,47.0,47.0
43.79309,-79.352252,At Intersection,Clear,Daylight,Dry,Non-Fatal Injury,Pedestrian Collisions,Pedestrian,75 to 79,Major,,1,0,1,0,0,0,0,,0,0,0,0,1,47.0,47.0
43.659735,-79.409045,Intersection Related,Clear,"Dark, artificial",Dry,Non-Fatal Injury,Pedestrian Collisions,Driver,30 to 34,None,Had Been Drinking,1,0,1,0,0,0,0,,0,0,0,0,0,79.0,79.0
43.659735,-79.409045,Intersection Related,Clear,"Dark, artificial",Dry,Non-Fatal Injury,Pedestrian Collisions,Pedestrian,30 to 34,Major,,1,0,1,0,0,0,0,,0,0,0,0,0,79.0,79.0
43.628859,-79.503635,,Clear,Daylight,Dry,Non-Fatal Injury,Pedestrian Collisions,Vehicle Owner,unknown,,,1,0,1,0,0,0,0,,0,0,0,0,0,16.0,16.0
43.628859,-79.503635,,Clear,Daylight,Dry,Non-Fatal Injury,Pedestrian Collisions,Driver,55 to 59,None,Normal,1,0,1,0,0,0,0,,0,0,0,0,0,16.0,16.0
43.628859,-79.503635,,Clear,Daylight,Dry,Non-Fatal Injury,Pedestrian Collisions,Pedestrian,80 to 84,Major,,1,0,1,0,0,0,0,,0,0,0,0,0,16.0,16.0
43.648845,-79.40459,At Intersection,Rain,"Dawn, artificial",Wet,Non-Fatal Injury,Cyclist Collisions,Vehicle Owner,unknown,,,0,1,1,0,0,0,0,,0,1,0,0,0,78.0,78.0
43.648845,-79.40459,At Intersection,Rain,"Dawn, artificial",Wet,Non-Fatal Injury,Cyclist Collisions,Driver,25 to 29,None,Normal,0,1,1,0,0,0,0,,0,1,0,0,0,78.0,78.0
43.648845,-79.40459,At Intersection,Rain,"Dawn, artificial",Wet,Non-Fatal Injury,Cyclist Collisions,Cyclist,35 to 39,Major,,0,1,1,0,0,0,0,,0,1,0,0,0,78.0,78.0
43.683345,-79.28509,,Clear,Daylight,Dry,Non-Fatal Injury,Pedestrian Collisions,Driver,45 to 49,None,Normal,1,0,1,0,0,0,0,,0,0,0,0,0,122.0,122.0
43.683345,-79.28509,,Clear,Daylight,Dry,Non-Fatal Injury,Pedestrian Collisions,Pedestrian,15 to 19,Major,,1,0,1,0,0,0,0,,0,0,0,0,0,122.0,122.0
43.698445,-79.43729,At Intersection,Clear,Daylight,Dry,Non-Fatal Injury,Cyclist Collisions,Vehicle Owner,unknown,,,0,1,0,0,0,1,0,,0,0,0,0,0,107.0,107.0
43.698445,-79.43729,At Intersection,Clear,Daylight,Dry,Non-Fatal Injury,Cyclist Collisions,Driver,50 to 54,None,Normal,0,1,0,0,0,1,0,,0,0,0,0,0,107.0,107.0
43.698445,-79.43729,At Intersection,Clear,Daylight,Dry,Non-Fatal Injury,Cyclist Collisions,Cyclist,45 to 49,Major,,0,1,0,0,0,1,0,,0,0,0,0,0,107.0,107.0
43.617445,-79.54199,,Clear,Daylight,Dry,Non-Fatal Injury,Cyclist Collisions,Vehicle Owner,unknown,,,0,1,1,0,0,0,0,,0,0,0,0,0,159.0,14.0
43.617445,-79.54199,,Clear,Daylight,Dry,Non-Fatal Injury,Cyclist Collisions,Driver,25 to 29,None,Normal,0,1,1,0,0,0,0,,0,0,0,0,0,159.0,14.0