LATITUDE,LONGITUDE,ACCLOC,VISIBILITY,LIGHT,RDSFCOND,ACCLASS,IMPACTYPE,INVTYPE,INVAGE,INJURY,DRIVCOND,PEDESTRIAN,CYCLIST,AUTOMOBILE,MOTORCYCLE,TRUCK,TRSN_CITY_VEH,EMERG_VEH,PASSENGER,SPEEDING,AG_DRIV,REDLIGHT,ALCOHOL,DISABILITY,HOOD_158,HOOD_140
43.617445,-79.54199,,Clear,Daylight,Dry,Non-Fatal Injury,Cyclist Collisions,Cyclist,65 to 69,Major,,0,1,1,0,0,0,0,,0,0,0,0,0,159.0,14.0
43.654045,-79.37999,,Clear,"Dark, artificial",Dry,Non-Fatal Injury,Cyclist Collisions,Vehicle Owner,unknown,,,0,1,1,0,0,0,0,,0,0,0,0,0,170.0,76.0
43.654045,-79.37999,,Clear,"Dark, artificial",Dry,Non-Fatal Injury,Cyclist Collisions,Driver,40 to 44,None,Inattentive,0,1,1,0,0,0,0,,0,0,0,0,0,170.0,76.0
43.654045,-79.37999,,Clear,"Dark, artificial",Dry,Non-Fatal Injury,Cyclist Collisions,Cyclist,30 to 34,Major,,0,1,1,0,0,0,0,,0,0,0,0,0,170.0,76.0
43.698845,-79.51269,,Clear,Dusk,Dry,Non-Fatal Injury,Pedestrian Collisions,Driver,20 to 24,None,Normal,1,0,1,0,0,0,0,,0,0,0,0,0,113.0,113.0
43.698845,-79.51269,,Clear,Dusk,Dry,Non-Fatal Injury,Pedestrian Collisions,Pedestrian,50 to 54,Major,,1,0,1,0,0,0,0,,0,0,0,0,0,113.0,113.0
43.770243,-79.460712,At Intersection,Clear,Daylight,Dry,Non-Fatal Injury,Turning Movement,Vehicle Owner,unknown,,,0,0,1,1,0,0,0,,0,1,1,0,0,34.0,34.0
43.650145,-79.38979,,Clear,Daylight,Dry,Non-Fatal Injury,Pedestrian Collisions,Cyclist,30 to 34,None,,1,1,0,0,0,0,0,,0,0,0,0,0,164.0,77.0
43.664445,-79.36809,At Intersection,Clear,Dark,Dry,Non-Fatal Injury,Pedestrian Collisions,Pedestrian,45 to 49,Major,,1,0,0,0,1,0,0,,0,0,0,0,0,71.0,71.0
43.648554,-79.397273,,Clear,"Dark, artificial",Dry,Non-Fatal Injury,Pedestrian Collisions,Pedestrian,20 to 24,Major,,1,0,1,0,0,0,0,,0,0,0,0,0,164.0,77.0
43.647345,-79.51139,,Clear,Daylight,Dry,Non-Fatal Injury,Pedestrian Collisions,Pedestrian,55 to 59,Major,,1,0,1,0,0,0,0,,0,0,0,0,0,16.0,16.0
43.829145,-79.27609,At Intersection,Clear,Daylight,Dry,Non-Fatal Injury,Cyclist Collisions,Cyclist,55 to 59,Major,,0,1,1,0,0,0,0,,0,0,0,0,0,130.0,130.0
43.650145,-79.38979,,Clear,Daylight,Dry,Non-Fatal Injury,Pedestrian Collisions,Pedestrian,25 to 29,Major,,1,1,0,0,0,0,0,,0,0,0,0,0,164.0,77.0
43.610145,-79.49589,,Clear,Daylight,Dry,Non-Fatal Injury,Angle,Passenger,15 to 19,Minimal,,0,0,1,0,0,1,0,Yes,0,0,0,0,0,160.0,17.0
43.665545,-79.48209,At Intersection,Clear,Daylight,Dry,Non-Fatal Injury,Rear End,Driver,20 to 24,None,Normal,0,0,1,0,0,0,0,,0,0,0,0,1,90.0,90.0
43.719545,-79.28419,,Clear,Daylight,Dry,Non-Fatal Injury,Approaching,Passenger,75 to 79,Major,,0,0,1,0,0,0,0,Yes,0,1,0,0,0,120.0,120.0
43.643408,-79.391277,,Clear,Daylight,Dry,Non-Fatal Injury,Cyclist Collisions,Driver,35 to 39,None,Normal,0,1,1,0,0,0,0,,0,1,0,0,0,165.0,77.0
43.648554,-79.397273,,Clear,"Dark, artificial",Dry,Non-Fatal Injury,Pedestrian Collisions,Driver,unknown,None,Unknown,1,0,1,0,0,0,0,,0,0,0,0,0,164.0,77.0
43.610145,-79.49589,,Clear,Daylight,Dry,Non-Fatal Injury,Angle,Vehicle Owner,unknown,,,0,0,1,0,0,1,0,Yes,0,0,0,0,0,160.0,17.0
43.674491,-79.432575,Intersection Related,Clear,"Dusk, artificial",Dry,Non-Fatal Injury,Cyclist Collisions,Driver,30 to 34,None,Inattentive,0,1,1,0,0,0,0,,0,0,0,0,0,94.0,94.0
43.610145,-79.49589,,Clear,Daylight,Dry,Non-Fatal Injury,Angle,Driver,45 to 49,None,Normal,0,0,1,0,0,1,0,Yes,0,0,0,0,0,160.0,17.0
43.708245,-79.34029,,Clear,Dark,Dry,Non-Fatal Injury,Pedestrian Collisions,Driver,25 to 29,None,Normal,1,0,1,0,0,0,0,,0,0,0,0,0,55.0,55.0
43.719545,-79.28419,,Clear,Daylight,Dry,Non-Fatal Injury,Approaching,Driver,80 to 84,Minor,Normal,0,0,1,0,0,0,0,Yes,0,1,0,0,0,120.0,120.0
43.643408,-79.391277,,Clear,Daylight,Dry,Non-Fatal Injury,Cyclist Collisions,Cyclist,25 to 29,Major,,0,1,1,0,0,0,0,,0,1,0,0,0,165.0,77.0
43.726645,-79.48209,At Intersection,Clear,"Dark, artificial",Dry,Non-Fatal Injury,Turning Movement,Motorcycle Driver,20 to 24,Major,Normal,0,0,1,1,0,0,0,Yes,0,1,0,0,0,155.0,26.0
43.642501,-79.5079,At Intersection,Clear,Daylight,Dry,Non-Fatal Injury,Cyclist Collisions,Driver,50 to 54,None,Normal,0,1,1,0,0,0,0,,0,0,0,0,0,16.0,16.0
43.610145,-79.49589,,Clear,Daylight,Dry,Non-Fatal Injury,Angle,Driver,50 to 54,Major,Unknown,0,0,1,0,0,1,0,Yes,0,0,0,0,0,160.0,17.0
43.642501,-79.5079,At Intersection,Clear,Daylight,Dry,Non-Fatal Injury,Cyclist Collisions,Cyclist,15 to 19,Major,,0,1,1,0,0,0,0,,0,0,0,0,0,16.0,16.0
43.674491,-79.432575,Intersection Related,Clear,"Dusk, artificial",Dry,Non-Fatal Injury,Cyclist Collisions,Cyclist,25 to 29,Major,,0,1,1,0,0,0,0,,0,0,0,0,0,94.0,94.0
43.708245,-79.34029,,Clear,Dark,Dry,Non-Fatal Injury,Pedestrian Collisions,Pedestrian,70 to 74,Major,,1,0,1,0,0,0,0,,0,0,0,0,0,55.0,55.0
43.719545,-79.28419,,Clear,Daylight,Dry,Non-Fatal Injury,Approaching,Vehicle Owner,unknown,,,0,0,1,0,0,0,0,Yes,0,1,0,0,0,120.0,120.0
43.726645,-79.48209,At Intersection,Clear,"Dark, artificial",Dry,Non-Fatal Injury,Turning Movement,Passenger,15 to 19,Minimal,,0,0,1,1,0,0,0,Yes,0,1,0,0,0,155.0,26.0
43.726645,-79.48209,At Intersection,Clear,"Dark, artificial",Dry,Non-Fatal Injury,Turning Movement,Driver,20 to 24,None,Inattentive,0,0,1,1,0,0,0,Yes,0,1,0,0,0,155.0,26.0
43.719545,-79.28419,,Clear,Daylight,Dry,Non-Fatal Injury,Approaching,Driver,15 to 19,Minimal,Inattentive,0,0,1,0,0,0,0,Yes,0,1,0,0,0,120.0,120.0
43.675545,-79.42309,At Intersection,Clear,"Dark, artificial",Dry,Non-Fatal Injury,Cyclist Collisions,Driver,unknown,None,Unknown,0,1,1,0,0,0,0,,0,1,1,0,0,94.0,94.0
43.767302,-79.49203,At Intersection,Rain,"Dark, artificial",Wet,Non-Fatal Injury,Angle,Driver,55 to 59,Minimal,Fatigue,0,0,1,0,0,0,0,,0,1,0,0,0,27.0,27.0
43.73416,-79.603069,At Intersection,Clear,Daylight,Dry,Fatal,Pedestrian Collisions,Pedestrian,25 to 29,Fatal,,1,0,1,0,0,0,0,,0,1,0,0,0,1.0,1.0
43.693545,-79.48539,,Clear,Daylight,Dry,Non-Fatal Injury,Rear End,Driver,35 to 39,Minor,Normal,0,0,1,0,0,0,0,,0,0,0,0,1,112.0,112.0
43.767302,-79.49203,At Intersection,Rain,"Dark, artificial",Wet,Non-Fatal Injury,Angle,Driver,25 to 29,Major,Normal,0,0,1,0,0,0,0,,0,1,0,0,0,27.0,27.0
43.635545,-79.52659,,Clear,Daylight,Dry,Non-Fatal Injury,Angle,Vehicle Owner,unknown,,,0,0,1,0,1,0,0,,0,0,0,0,0,159.0,14.0
43.825945,-79.29729,At Intersection,Clear,Daylight,Dry,Non-Fatal Injury,Cyclist Collisions,Driver,35 to 39,None,Normal,0,1,1,0,0,0,0,,0,1,1,0,0,130.0,130.0
43.744745,-79.48639,At Intersection,Clear,"Dark, artificial",Wet,Non-Fatal Injury,Pedestrian Collisions,Driver,55 to 59,Minimal,Unknown,1,0,1,0,0,0,0,,0,1,0,0,0,155.0,26.0
43.675545,-79.42309,At Intersection,Clear,"Dark, artificial",Dry,Non-Fatal Injury,Cyclist Collisions,Cyclist,50 to 54,Major,,0,1,1,0,0,0,0,,0,1,1,0,0,94.0,94.0
43.825945,-79.29729,At Intersection,Clear,Daylight,Dry,Non-Fatal Injury,Cyclist Collisions,Cyclist,60 to 64,Major,,0,1,1,0,0,0,0,,0,1,1,0,0,130.0,130.0
43.635545,-79.52659,,Clear,Daylight,Dry,Non-Fatal Injury,Angle,Truck Driver,25 to 29,None,Unknown,0,0,1,0,1,0,0,,0,0,0,0,0,159.0,14.0
43.693545,-79.48539,,Clear,Daylight,Dry,Non-Fatal Injury,Rear End,Driver,25 to 29,Minimal,Normal,0,0,1,0,0,0,0,,0,0,0,0,1,112.0,112.0
43.744745,-79.48639,At Intersection,Clear,"Dark, artificial",Wet,Non-Fatal Injury,Pedestrian Collisions,Pedestrian,40 to 44,Major,,1,0,1,0,0,0,0,,0,1,0,0,0,155.0,26.0
43.693545,-79.48539,,Clear,Daylight,Dry,Non-Fatal Injury,Rear End,Driver,70 to 74,Minimal,Normal,0,0,1,0,0,0,0,,0,0,0,0,1,112.0,112.0
43.682145,-79.47159,At Intersection,Clear,Daylight,Dry,Non-Fatal Injury,Pedestrian Collisions,Driver,45 to 49,None,Unknown,1,0,1,0,0,0,0,,0,1,0,0,0,110.0,110.0
43.73416,-79.603069,At Intersection,Clear,Daylight,Dry,Fatal,Pedestrian Collisions,Vehicle Owner,unknown,,,1,0,1,0,0,0,0,,0,1,0,0,0,1.0,1.0
43.693645,-79.34819,At Intersection,Clear,Daylight,Dry,Non-Fatal Injury,Cyclist Collisions,Passenger,15 to 19,None,,0,1,1,0,0,0,0,Yes,0,0,0,0,0,58.0,58.0
43.635545,-79.52659,,Clear,Daylight,Dry,Non-Fatal Injury,Angle,Driver,55 to 59,Major,Normal,0,0,1,0,1,0,0,,0,0,0,0,0,159.0,14.0
43.674745,-79.42829,At Intersection,Clear,Dark,Wet,Non-Fatal Injury,Cyclist Collisions,Driver,60 to 64,None,Inattentive,0,1,1,0,0,0,0,,0,1,0,0,0,94.0,94.0
43.628745,-79.49169,,Clear,"Dark, artificial",Wet,Non-Fatal Injury,Pedestrian Collisions,Passenger,unknown,None,,1,0,1,0,0,0,0,Yes,0,1,0,0,0,16.0,16.0
43.721343,-79.301288,,Clear,"Dark, artificial",Wet,Fatal,Pedestrian Collisions,Vehicle Owner,unknown,,,1,0,1,0,0,0,0,,0,1,0,0,0,43.0,43.0
43.73416,-79.603069,At Intersection,Clear,Daylight,Dry,Fatal,Pedestrian Collisions,Driver,40 to 44,None,Normal,1,0,1,0,0,0,0,,0,1,0,0,0,1.0,1.0
43.693545,-79.48539,,Clear,Daylight,Dry,Non-Fatal Injury,Rear End,Driver,60 to 64,Major,Medical or Physical Disability,0,0,1,0,0,0,0,,0,0,0,0,1,112.0,112.0
43.693645,-79.34819,At Intersection,Clear,Daylight,Dry,Non-Fatal Injury,Cyclist Collisions,Vehicle Owner,unknown,,,0,1,1,0,0,0,0,Yes,0,0,0,0,0,58.0,58.0
43.682145,-79.47159,At Intersection,Clear,Daylight,Dry,Non-Fatal Injury,Pedestrian Collisions,Pedestrian,75 to 79,Major,,1,0,1,0,0,0,0,,0,1,0,0,0,110.0,110.0
43.628745,-79.49169,,Clear,"Dark, artificial",Wet,Non-Fatal Injury,Pedestrian Collisions,Vehicle Owner,unknown,,,1,0,1,0,0,0,0,Yes,0,1,0,0,0,16.0,16.0
43.674745,-79.42829,At Intersection,Clear,Dark,Wet,Non-Fatal Injury,Cyclist Collisions,Cyclist,25 to 29,Major,,0,1,1,0,0,0,0,,0,1,0,0,0,94.0,94.0
43.721343,-79.301288,,Clear,"Dark, artificial",Wet,Fatal,Pedestrian Collisions,Driver,30 to 34,None,Inattentive,1,0,1,0,0,0,0,,0,1,0,0,0,43.0,43.0
43.755446,-79.61407,,Clear,Dark,Dry,Non-Fatal Injury,Angle,Driver,25 to 29,Minimal,Normal,0,0,1,0,0,0,0,Yes,0,1,1,0,0,1.0,1.0
43.693645,-79.34819,At Intersection,Clear,Daylight,Dry,Non-Fatal Injury,Cyclist Collisions,Driver,50 to 54,None,Normal,0,1,1,0,0,0,0,Yes,0,0,0,0,0,58.0,58.0
43.755446,-79.61407,,Clear,Dark,Dry,Non-Fatal Injury,Angle,Passenger,25 to 29,Minor,,0,0,1,0,0,0,0,Yes,0,1,1,0,0,1.0,1.0
43.776445,-79.17369,At Intersection,Clear,Dark,Dry,Fatal,Pedestrian Collisions,Driver,25 to 29,None,Normal,1,0,1,0,0,0,0,,0,0,0,0,0,136.0,136.0
43.628993,-79.55492,At Intersection,Clear,Daylight,Dry,Non-Fatal Injury,Pedestrian Collisions,Driver,40 to 44,None,Unknown,1,0,1,0,0,0,0,,0,1,0,0,0,159.0,14.0
43.628745,-79.49169,,Clear,"Dark, artificial",Wet,Non-Fatal Injury,Pedestrian Collisions,Driver,35 to 39,None,Normal,1,0,1,0,0,0,0,Yes,0,1,0,0,0,16.0,16.0
43.729346,-79.280689,At Intersection,Clear,Daylight,Dry,Fatal,Pedestrian Collisions,Vehicle Owner,unknown,,,1,0,0,0,0,1,0,,0,1,1,0,0,120.0,120.0
43.721343,-79.301288,,Clear,"Dark, artificial",Wet,Fatal,Pedestrian Collisions,Pedestrian,35 to 39,Fatal,,1,0,1,0,0,0,0,,0,1,0,0,0,43.0,43.0
43.628993,-79.55492,At Intersection,Clear,Daylight,Dry,Non-Fatal Injury,Pedestrian Collisions,Pedestrian,50 to 54,Major,,1,0,1,0,0,0,0,,0,1,0,0,0,159.0,14.0
43.628745,-79.49169,,Clear,"Dark, artificial",Wet,Non-Fatal Injury,Pedestrian Collisions,Pedestrian,25 to 29,Major,,1,0,1,0,0,0,0,Yes,0,1,0,0,0,16.0,16.0
43.755446,-79.61407,,Clear,Dark,Dry,Non-Fatal Injury,Angle,Vehicle Owner,unknown,,,0,0,1,0,0,0,0,Yes,0,1,1,0,0,1.0,1.0
43.729346,-79.280689,At Intersection,Clear,Daylight,Dry,Fatal,Pedestrian Collisions,Driver,35 to 39,None,Inattentive,1,0,0,0,0,1,0,,0,1,1,0,0,120.0,120.0
43.693645,-79.34819,At Intersection,Clear,Daylight,Dry,Non-Fatal Injury,Cyclist Collisions,Cyclist,35 to 39,Major,,0,1,1,0,0,0,0,Yes,0,0,0,0,0,58.0,58.0
43.755446,-79.61407,,Clear,Dark,Dry,Non-Fatal Injury,Angle,Driver,25 to 29,Minor,Inattentive,0,0,1,0,0,0,0,Yes,0,1,1,0,0,1.0,1.0
43.729346,-79.280689,At Intersection,Clear,Daylight,Dry,Fatal,Pedestrian Collisions,Pedestrian,45 to 49,Fatal,,1,0,0,0,0,1,0,,0,1,1,0,0,120.0,120.0
43.674145,-79.45999,,Clear,Daylight,Wet,Non-Fatal Injury,Pedestrian Collisions,Vehicle Owner,unknown,,,1,0,1,0,0,0,0,,0,0,0,0,0,91.0,91.0
43.776445,-79.17369,At Intersection,Clear,Dark,Dry,Fatal,Pedestrian Collisions,Pedestrian,55 to 59,Fatal,,1,0,1,0,0,0,0,,0,0,0,0,0,136.0,136.0
43.665026,-79.378688,,Clear,Dark,Dry,Non-Fatal Injury,Pedestrian Collisions,Vehicle Owner,unknown,,,1,0,1,0,0,0,0,,0,0,0,0,0,167.0,75.0
43.674845,-79.40709,At Intersection,Rain,Daylight,Wet,Non-Fatal Injury,Approaching,Motorcycle Driver,40 to 44,Major,Normal,0,0,1,1,0,0,0,,0,1,0,0,0,95.0,95.0
43.631345,-79.57679,,Clear,Daylight,Dry,Non-Fatal Injury,Pedestrian Collisions,Driver,15 to 19,None,Fatigue,1,0,1,0,0,0,0,,0,0,0,0,0,12.0,12.0
43.665026,-79.378688,,Clear,Dark,Dry,Non-Fatal Injury,Pedestrian Collisions,Driver,20 to 24,None,Had Been Drinking,1,0,1,0,0,0,0,,0,0,0,0,0,167.0,75.0
43.744645,-79.60999,,Clear,Daylight,Dry,Non-Fatal Injury,Rear End,Truck Driver,60 to 64,None,Normal,0,0,1,0,1,0,0,,1,1,0,0,0,1.0,1.0
43.665026,-79.378688,,Clear,Dark,Dry,Non-Fatal Injury,Pedestrian Collisions,Pedestrian,20 to 24,Major,,1,0,1,0,0,0,0,,0,0,0,0,0,167.0,75.0
43.663345,-79.41309,At Intersection,Clear,"Dark, artificial",Dry,Non-Fatal Injury,Cyclist Collisions,Driver,50 to 54,None,Normal,0,1,1,0,0,0,0,,0,0,0,0,0,80.0,80.0
43.674145,-79.45999,,Clear,Daylight,Wet,Non-Fatal Injury,Pedestrian Collisions,Driver,40 to 44,None,Normal,1,0,1,0,0,0,0,,0,0,0,0,0,91.0,91.0
43.674845,-79.40709,At Intersection,Rain,Daylight,Wet,Non-Fatal Injury,Approaching,Driver,55 to 59,None,Normal,0,0,1,1,0,0,0,,0,1,0,0,0,95.0,95.0
43.631345,-79.57679,,Clear,Daylight,Dry,Non-Fatal Injury,Pedestrian Collisions,Pedestrian,25 to 29,Major,,1,0,1,0,0,0,0,,0,0,0,0,0,12.0,12.0
43.755446,-79.61407,,Clear,Dark,Dry,Non-Fatal Injury,Angle,Driver,30 to 34,Minimal,Normal,0,0,1,0,0,0,0,Yes,0,1,1,0,0,1.0,1.0
43.744645,-79.60999,,Clear,Daylight,Dry,Non-Fatal Injury,Rear End,Vehicle Owner,unknown,,,0,0,1,0,1,0,0,,1,1,0,0,0,1.0,1.0
43.776445,-79.23179,At Intersection,Rain,Daylight,Wet,Non-Fatal Injury,Pedestrian Collisions,Vehicle Owner,unknown,,,1,0,1,0,0,0,0,,0,0,0,0,0,142.0,137.0
43.776445,-79.23179,At Intersection,Rain,Daylight,Wet,Non-Fatal Injury,Pedestrian Collisions,Driver,20 to 24,None,Normal,1,0,1,0,0,0,0,,0,0,0,0,0,142.0,137.0
43.652245,-79.36799,,Rain,Daylight,Wet,Non-Fatal Injury,Cyclist Collisions,Vehicle Owner,unknown,,,0,1,0,0,1,0,0,,0,0,0,0,0,73.0,73.0
43.663345,-79.41309,At Intersection,Clear,"Dark, artificial",Dry,Non-Fatal Injury,Cyclist Collisions,Cyclist,40 to 44,Major,,0,1,1,0,0,0,0,,0,0,0,0,0,80.0,80.0
43.755446,-79.61407,,Clear,Dark,Dry,Non-Fatal Injury,Angle,Passenger,15 to 19,Major,,0,0,1,0,0,0,0,Yes,0,1,1,0,0,1.0,1.0
43.727782,-79.252467,,Clear,Dark,Dry,Non-Fatal Injury,Pedestrian Collisions,Pedestrian,unknown,Major,,1,0,1,0,0,0,0,,0,0,0,0,0,124.0,124.0
43.744645,-79.60999,,Clear,Daylight,Dry,Non-Fatal Injury,Rear End,Driver,25 to 29,Major,Inattentive,0,0,1,0,1,0,0,,1,1,0,0,0,1.0,1.0
43.727782,-79.252467,,Clear,Dark,Dry,Non-Fatal Injury,Pedestrian Collisions,Driver,unknown,None,,1,0,1,0,0,0,0,,0,0,0,0,0,124.0,124.0
43.674145,-79.45999,,Clear,Daylight,Wet,Non-Fatal Injury,Pedestrian Collisions,Pedestrian,10 to 14,Major,,1,0,1,0,0,0,0,,0,0,0,0,0,91.0,91.0
43.776445,-79.23179,At Intersection,Rain,Daylight,Wet,Non-Fatal Injury,Pedestrian Collisions,Pedestrian,45 to 49,Major,,1,0,1,0,0,0,0,,0,0,0,0,0,142.0,137.0
43.781745,-79.23389,At Intersection,Clear,"Dark, artificial",Dry,Non-Fatal Injury,Turning Movement,Driver,20 to 24,None,Inattentive,0,0,1,0,0,0,0,Yes,0,1,0,0,0,142.0,137.0
43.652245,-79.36799,,Rain,Daylight,Wet,Non-Fatal Injury,Cyclist Collisions,Truck Driver,35 to 39,None,Normal,0,1,0,0,1,0,0,,0,0,0,0,0,73.0,73.0
43.831034,-79.275188,,Clear,Daylight,Dry,Non-Fatal Injury,Pedestrian Collisions,Driver,50 to 54,None,Normal,1,0,1,0,0,0,0,,0,0,0,0,0,130.0,130.0
43.744645,-79.60999,,Clear,Daylight,Dry,Non-Fatal Injury,Rear End,Trailer Owner,unknown,,,0,0,1,0,1,0,0,,1,1,0,0,0,1.0,1.0
43.831034,-79.275188,,Clear,Daylight,Dry,Non-Fatal Injury,Pedestrian Collisions,Pedestrian,70 to 74,Major,,1,0,1,0,0,0,0,,0,0,0,0,0,130.0,130.0
43.634406,-79.408748,At Intersection,Clear,"Dark, artificial",Dry,Non-Fatal Injury,Turning Movement,Passenger,25 to 29,Minor,,0,0,1,1,0,0,0,Yes,0,0,0,0,0,163.0,82.0
43.824977,-79.286044,,Clear,"Dark, artificial",Dry,Non-Fatal Injury,Angle,Driver,50 to 54,Major,Inattentive,0,0,1,0,0,0,0,,0,1,1,0,0,130.0,130.0
43.723145,-79.33009,,Rain,"Dark, artificial",Wet,Non-Fatal Injury,SMV Other,Passenger,5 to 9,Minor,,0,0,1,0,0,0,0,Yes,1,1,0,0,0,44.0,44.0
43.781745,-79.23389,At Intersection,Clear,"Dark, artificial",Dry,Non-Fatal Injury,Turning Movement,Passenger,20 to 24,Major,,0,0,1,0,0,0,0,Yes,0,1,0,0,0,142.0,137.0
43.652245,-79.36799,,Rain,Daylight,Wet,Non-Fatal Injury,Cyclist Collisions,Cyclist,25 to 29,Major,,0,1,0,0,1,0,0,,0,0,0,0,0,73.0,73.0
43.650046,-79.498409,At Intersection,Snow,Daylight,Loose Snow,Non-Fatal Injury,Rear End,Driver,45 to 49,Major,,0,0,1,0,0,0,0,Yes,0,1,0,0,0,16.0,16.0
43.634406,-79.408748,At Intersection,Clear,"Dark, artificial",Dry,Non-Fatal Injury,Turning Movement,Motorcycle Driver,35 to 39,Major,Normal,0,0,1,1,0,0,0,Yes,0,0,0,0,0,163.0,82.0
43.781745,-79.23389,At Intersection,Clear,"Dark, artificial",Dry,Non-Fatal Injury,Turning Movement,Vehicle Owner,unknown,,,0,0,1,0,0,0,0,Yes,0,1,0,0,0,142.0,137.0
43.774943,-79.347888,,Rain,"Dark, artificial",Wet,Fatal,Pedestrian Collisions,Passenger,25 to 29,None,,1,0,1,0,0,0,0,Yes,0,0,0,0,0,47.0,47.0
43.824977,-79.286044,,Clear,"Dark, artificial",Dry,Non-Fatal Injury,Angle,Vehicle Owner,unknown,,,0,0,1,0,0,0,0,,0,1,1,0,0,130.0,130.0
43.723145,-79.33009,,Rain,"Dark, artificial",Wet,Non-Fatal Injury,SMV Other,Passenger,5 to 9,Minor,,0,0,1,0,0,0,0,Yes,1,1,0,0,0,44.0,44.0
43.650046,-79.498409,At Intersection,Snow,Daylight,Loose Snow,Non-Fatal Injury,Rear End,Passenger,unknown,Minimal,,0,0,1,0,0,0,0,Yes,0,1,0,0,0,16.0,16.0
43.725045,-79.43109,At Intersection,Rain,Daylight,Wet,Non-Fatal Injury,Pedestrian Collisions,Driver,70 to 74,None,Normal,1,0,1,0,0,0,0,,0,1,0,0,0,39.0,39.0
43.634406,-79.408748,At Intersection,Clear,"Dark, artificial",Dry,Non-Fatal Injury,Turning Movement,Vehicle Owner,unknown,,,0,0,1,1,0,0,0,Yes,0,0,0,0,0,163.0,82.0
43.781745,-79.23389,At Intersection,Clear,"Dark, artificial",Dry,Non-Fatal Injury,Turning Movement,Driver,45 to 49,None,Normal,0,0,1,0,0,0,0,Yes,0,1,0,0,0,142.0,137.0
43.782345,-79.29219,,Clear,Daylight,Dry,Fatal,Pedestrian Collisions,Vehicle Owner,unknown,,,1,0,1,0,0,0,0,,0,0,0,0,0,118.0,118.0
43.824977,-79.286044,,Clear,"Dark, artificial",Dry,Non-Fatal Injury,Angle,Driver,50 to 54,Minimal,Normal,0,0,1,0,0,0,0,,0,1,1,0,0,130.0,130.0
43.723145,-79.33009,,Rain,"Dark, artificial",Wet,Non-Fatal Injury,SMV Other,Passenger,10 to 14,Major,,0,0,1,0,0,0,0,Yes,1,1,0,0,0,44.0,44.0
43.650046,-79.498409,At Intersection,Snow,Daylight,Loose Snow,Non-Fatal Injury,Rear End,Driver,35 to 39,None,,0,0,1,0,0,0,0,Yes,0,1,0,0,0,16.0,16.0
43.725045,-79.43109,At Intersection,Rain,Daylight,Wet,Non-Fatal Injury,Pedestrian Collisions,Pedestrian,90 to 94,Major,,1,0,1,0,0,0,0,,0,1,0,0,0,39.0,39.0
43.634406,-79.408748,At Intersection,Clear,"Dark, artificial",Dry,Non-Fatal Injury,Turning Movement,Driver,40 to 44,Minimal,Inattentive,0,0,1,1,0,0,0,Yes,0,0,0,0,0,163.0,82.0
43.703646,-79.25159,,Clear,Daylight,Wet,Fatal,Pedestrian Collisions,Vehicle Owner,unknown,,,1,0,0,0,1,0,0,,0,1,0,0,0,122.0,122.0
43.723145,-79.33009,,Rain,"Dark, artificial",Wet,Non-Fatal Injury,SMV Other,Passenger,40 to 44,Minimal,,0,0,1,0,0,0,0,Yes,1,1,0,0,0,44.0,44.0
43.782345,-79.29219,,Clear,Daylight,Dry,Fatal,Pedestrian Collisions,Driver,60 to 64,None,Fatigue,1,0,1,0,0,0,0,,0,0,0,0,0,118.0,118.0
43.650046,-79.498409,At Intersection,Snow,Daylight,Loose Snow,Non-Fatal Injury,Rear End,Vehicle Owner,unknown,,,0,0,1,0,0,0,0,Yes,0,1,0,0,0,16.0,16.0
43.774943,-79.347888,,Rain,"Dark, artificial",Wet,Fatal,Pedestrian Collisions,Driver,40 to 44,None,Normal,1,0,1,0,0,0,0,Yes,0,0,0,0,0,47.0,47.0
43.677951,-79.443073,At Intersection,Clear,Daylight,Dry,Non-Fatal Injury,Cyclist Collisions,Vehicle Owner,unknown,,,0,1,0,0,0,1,0,,0,0,0,0,0,92.0,92.0
43.723145,-79.33009,,Rain,"Dark, artificial",Wet,Non-Fatal Injury,SMV Other,Driver,50 to 54,Major,Inattentive,0,0,1,0,0,0,0,Yes,1,1,0,0,0,44.0,44.0
43.636045,-79.50669,,Clear,Daylight,Dry,Non-Fatal Injury,Rear End,Motorcycle Driver,15 to 19,Major,Normal,0,0,1,1,0,0,0,,1,1,0,0,0,16.0,16.0
43.774943,-79.347888,,Rain,"Dark, artificial",Wet,Fatal,Pedestrian Collisions,Pedestrian,80 to 84,Fatal,,1,0,1,0,0,0,0,Yes,0,0,0,0,0,47.0,47.0
43.723145,-79.33009,,Rain,"Dark, artificial",Wet,Non-Fatal Injury,SMV Other,Other Property Owner,unknown,,,0,0,1,0,0,0,0,Yes,1,1,0,0,0,44.0,44.0
43.677951,-79.443073,At Intersection,Clear,Daylight,Dry,Non-Fatal Injury,Cyclist Collisions,Driver,30 to 34,None,Normal,0,1,0,0,0,1,0,,0,0,0,0,0,92.0,92.0
43.782345,-79.29219,,Clear,Daylight,Dry,Fatal,Pedestrian Collisions,Other Property Owner,unknown,,,1,0,1,0,0,0,0,,0,0,0,0,0,118.0,118.0
43.650046,-79.498409,At Intersection,Snow,Daylight,Loose Snow,Non-Fatal Injury,Rear End,Driver,60 to 64,None,,0,0,1,0,0,0,0,Yes,0,1,0,0,0,16.0,16.0
43.755945,-79.52429,At Intersection,Clear,Daylight,Dry,Non-Fatal Injury,Pedestrian Collisions,Driver,40 to 44,None,Normal,1,0,1,0,0,0,0,,0,1,0,0,0,24.0,24.0
43.703646,-79.25159,,Clear,Daylight,Wet,Fatal,Pedestrian Collisions,Truck Driver,60 to 64,None,Normal,1,0,0,0,1,0,0,,0,1,0,0,0,122.0,122.0