LATITUDE,LONGITUDE,ACCLOC,VISIBILITY,LIGHT,RDSFCOND,ACCLASS,IMPACTYPE,INVTYPE,INVAGE,INJURY,DRIVCOND,PEDESTRIAN,CYCLIST,AUTOMOBILE,MOTORCYCLE,TRUCK,TRSN_CITY_VEH,EMERG_VEH,PASSENGER,SPEEDING,AG_DRIV,REDLIGHT,ALCOHOL,DISABILITY,HOOD_158,HOOD_140
43.768545,-79.18879,,Clear,Daylight,Dry,Non-Fatal Injury,Pedestrian Collisions,Vehicle Owner,unknown,,,1,0,0,0,1,0,0,,0,0,0,0,0,136.0,136.0
43.663825,-79.417209,,Clear,Dark,Dry,Non-Fatal Injury,Turning Movement,Other,unknown,None,,0,0,1,0,0,0,0,Yes,0,0,0,0,0,80.0,80.0
43.768545,-79.18879,,Clear,Daylight,Dry,Non-Fatal Injury,Pedestrian Collisions,Truck Driver,25 to 29,None,Normal,1,0,0,0,1,0,0,,0,0,0,0,0,136.0,136.0
43.674745,-79.39289,At Intersection,Clear,Daylight,Dry,Non-Fatal Injury,Cyclist Collisions,Driver,20 to 24,None,Normal,0,1,1,0,0,0,0,,0,1,1,0,0,95.0,95.0
43.677745,-79.444089,,Clear,"Dark, artificial",Dry,Non-Fatal Injury,Pedestrian Collisions,Pedestrian,20 to 24,Major,,1,0,0,0,0,1,0,,0,0,0,0,0,92.0,92.0
43.633545,-79.57079,At Intersection,Rain,"Dark, artificial",Wet,Non-Fatal Injury,Pedestrian Collisions,Pedestrian,25 to 29,Major,,1,0,1,0,0,0,0,,0,1,0,0,0,12.0,12.0
43.643866,-79.368961,At Intersection,Clear,Daylight,Dry,Non-Fatal Injury,Cyclist Collisions,Driver,30 to 34,None,Normal,0,1,1,0,0,0,0,,0,1,0,0,0,166.0,77.0
43.660645,-79.51049,At Intersection,Clear,Daylight,Wet,Non-Fatal Injury,Pedestrian Collisions,Driver,50 to 54,None,Inattentive,1,0,1,0,0,0,0,,0,1,0,0,0,9.0,9.0
43.651345,-79.52639,At Intersection,Rain,"Dark, artificial",Wet,Non-Fatal Injury,Pedestrian Collisions,Driver,35 to 39,None,Normal,1,0,1,0,0,0,0,,0,1,0,0,0,15.0,15.0
43.663825,-79.417209,,Clear,Dark,Dry,Non-Fatal Injury,Turning Movement,Driver,15 to 19,Minor,Normal,0,0,1,0,0,0,0,Yes,0,0,0,0,0,80.0,80.0
43.768545,-79.18879,,Clear,Daylight,Dry,Non-Fatal Injury,Pedestrian Collisions,Pedestrian,50 to 54,Major,,1,0,0,0,1,0,0,,0,0,0,0,0,136.0,136.0
43.643866,-79.368961,At Intersection,Clear,Daylight,Dry,Non-Fatal Injury,Cyclist Collisions,Cyclist,50 to 54,Major,,0,1,1,0,0,0,0,,0,1,0,0,0,166.0,77.0
43.674745,-79.39289,At Intersection,Clear,Daylight,Dry,Non-Fatal Injury,Cyclist Collisions,Cyclist,25 to 29,Major,,0,1,1,0,0,0,0,,0,1,1,0,0,95.0,95.0
43.687545,-79.52889,,Rain,"Dark, artificial",Wet,Non-Fatal Injury,Pedestrian Collisions,Driver,25 to 29,None,Unknown,1,0,1,0,0,0,0,,0,0,0,0,0,8.0,8.0
43.660645,-79.51049,At Intersection,Clear,Daylight,Wet,Non-Fatal Injury,Pedestrian Collisions,Pedestrian,65 to 69,Major,,1,0,1,0,0,0,0,,0,1,0,0,0,9.0,9.0
43.677745,-79.444089,,Clear,"Dark, artificial",Dry,Non-Fatal Injury,Pedestrian Collisions,Driver,45 to 49,Minor,Normal,1,0,0,0,0,1,0,,0,0,0,0,0,92.0,92.0
43.651345,-79.52639,At Intersection,Rain,"Dark, artificial",Wet,Non-Fatal Injury,Pedestrian Collisions,Pedestrian,20 to 24,Major,,1,0,1,0,0,0,0,,0,1,0,0,0,15.0,15.0
43.809844,-79.257686,At Intersection,Clear,Daylight,Dry,Fatal,Pedestrian Collisions,Driver,25 to 29,None,Normal,1,0,1,0,0,0,0,,0,0,0,0,0,129.0,129.0
43.809844,-79.257686,At Intersection,Clear,Daylight,Dry,Fatal,Pedestrian Collisions,Pedestrian,80 to 84,Fatal,,1,0,1,0,0,0,0,,0,0,0,0,0,129.0,129.0
43.755545,-79.245387,At Intersection,Clear,"Dark, artificial",Dry,Fatal,Pedestrian Collisions,Driver,55 to 59,None,Normal,1,0,1,0,0,0,0,,0,0,0,0,0,157.0,127.0
43.763743,-79.577289,,Clear,"Dark, artificial",Dry,Fatal,SMV Other,Driver,25 to 29,Fatal,"Ability Impaired, Alcohol Over .08",0,0,1,0,0,0,0,,1,1,0,1,0,21.0,21.0
43.687545,-79.52889,,Rain,"Dark, artificial",Wet,Non-Fatal Injury,Pedestrian Collisions,Pedestrian,45 to 49,Major,,1,0,1,0,0,0,0,,0,0,0,0,0,8.0,8.0
43.690345,-79.44809,At Intersection,Clear,"Dark, artificial",Wet,Non-Fatal Injury,Pedestrian Collisions,Driver,50 to 54,None,Had Been Drinking,1,0,1,0,0,0,0,,0,1,1,0,0,109.0,109.0
43.772845,-79.25159,,Clear,"Dark, artificial",Wet,Non-Fatal Injury,Pedestrian Collisions,Driver,70 to 74,None,Unknown,1,0,1,0,0,0,0,,0,0,0,0,0,142.0,137.0
43.634745,-79.50609,,Clear,"Dark, artificial",Dry,Non-Fatal Injury,SMV Other,Driver,25 to 29,Major,Fatigue,0,0,1,0,0,0,0,,0,0,0,0,0,16.0,16.0
43.772845,-79.25159,,Clear,"Dark, artificial",Wet,Non-Fatal Injury,Pedestrian Collisions,Pedestrian,55 to 59,Major,,1,0,1,0,0,0,0,,0,0,0,0,0,142.0,137.0
43.795745,-79.22369,,Clear,Daylight,Dry,Non-Fatal Injury,Other,Vehicle Owner,unknown,,,0,0,1,0,0,0,0,Yes,0,0,0,0,0,146.0,132.0
43.755545,-79.245387,At Intersection,Clear,"Dark, artificial",Dry,Fatal,Pedestrian Collisions,Pedestrian,75 to 79,Fatal,,1,0,1,0,0,0,0,,0,0,0,0,0,157.0,127.0
43.795745,-79.22369,,Clear,Daylight,Dry,Non-Fatal Injury,Other,Passenger,15 to 19,Major,,0,0,1,0,0,0,0,Yes,0,0,0,0,0,146.0,132.0
43.659245,-79.36669,,Clear,Daylight,Dry,Non-Fatal Injury,Pedestrian Collisions,Driver,45 to 49,None,Normal,1,0,0,0,0,1,0,,0,0,0,0,0,73.0,73.0
43.81454,-79.156947,,Clear,Dark,Dry,Non-Fatal Injury,SMV Other,Vehicle Owner,unknown,,,0,0,0,1,0,0,0,,0,0,0,0,0,144.0,131.0
43.763743,-79.577289,,Clear,"Dark, artificial",Dry,Fatal,SMV Other,Other Property Owner,unknown,,,0,0,1,0,0,0,0,,1,1,0,1,0,21.0,21.0
43.690345,-79.44809,At Intersection,Clear,"Dark, artificial",Wet,Non-Fatal Injury,Pedestrian Collisions,Pedestrian,30 to 34,Major,,1,0,1,0,0,0,0,,0,1,1,0,0,109.0,109.0
43.644267,-79.375842,At Intersection,Rain,"Dark, artificial",Wet,Non-Fatal Injury,Angle,Vehicle Owner,unknown,,,0,0,1,0,0,0,0,Yes,0,1,1,0,0,166.0,77.0
43.700148,-79.319026,,Clear,"Dark, artificial",Wet,Non-Fatal Injury,Pedestrian Collisions,Vehicle Owner,unknown,,,1,0,1,0,0,0,0,,0,0,0,0,0,60.0,60.0
43.676192,-79.358859,,Clear,Daylight,Dry,Non-Fatal Injury,Angle,Motorcycle Driver,40 to 44,Major,Normal,0,0,1,1,0,0,0,,0,1,1,0,0,68.0,68.0
43.833441,-79.25101,,Clear,Daylight,Dry,Non-Fatal Injury,Rear End,Driver,30 to 34,Major,Normal,0,0,1,0,0,0,0,,0,1,0,0,0,144.0,131.0
43.81454,-79.156947,,Clear,Dark,Dry,Non-Fatal Injury,SMV Other,Motorcycle Driver,40 to 44,Major,Normal,0,0,0,1,0,0,0,,0,0,0,0,0,144.0,131.0
43.644267,-79.375842,At Intersection,Rain,"Dark, artificial",Wet,Non-Fatal Injury,Angle,Driver,35 to 39,Major,Normal,0,0,1,0,0,0,0,Yes,0,1,1,0,0,166.0,77.0
43.795745,-79.22369,,Clear,Daylight,Dry,Non-Fatal Injury,Other,Driver,15 to 19,None,Unknown,0,0,1,0,0,0,0,Yes,0,0,0,0,0,146.0,132.0
43.700148,-79.319026,,Clear,"Dark, artificial",Wet,Non-Fatal Injury,Pedestrian Collisions,Driver,50 to 54,None,Normal,1,0,1,0,0,0,0,,0,0,0,0,0,60.0,60.0
43.676192,-79.358859,,Clear,Daylight,Dry,Non-Fatal Injury,Angle,Vehicle Owner,unknown,,,0,0,1,1,0,0,0,,0,1,1,0,0,68.0,68.0
43.833441,-79.25101,,Clear,Daylight,Dry,Non-Fatal Injury,Rear End,Vehicle Owner,unknown,,,0,0,1,0,0,0,0,,0,1,0,0,0,144.0,131.0
43.659245,-79.36669,,Clear,Daylight,Dry,Non-Fatal Injury,Pedestrian Collisions,Pedestrian,55 to 59,Major,,1,0,0,0,0,1,0,,0,0,0,0,0,73.0,73.0
43.696154,-79.532726,,Clear,Daylight,Dry,Fatal,Angle,Vehicle Owner,unknown,,,0,0,1,0,0,0,0,Yes,1,1,1,0,0,8.0,8.0
43.644267,-79.375842,At Intersection,Rain,"Dark, artificial",Wet,Non-Fatal Injury,Angle,Passenger,0 to 4,Minimal,,0,0,1,0,0,0,0,Yes,0,1,1,0,0,166.0,77.0
43.637945,-79.39069,,Clear,Daylight,Dry,Non-Fatal Injury,Pedestrian Collisions,Truck Driver,50 to 54,Major,Unknown,1,0,0,0,1,0,0,,0,0,0,0,0,165.0,77.0
43.663345,-79.34109,At Intersection,Clear,"Dark, artificial",Dry,Non-Fatal Injury,Pedestrian Collisions,Passenger,20 to 24,None,,1,0,1,0,0,0,0,Yes,0,0,0,0,0,70.0,70.0
43.637945,-79.39069,,Clear,Daylight,Dry,Non-Fatal Injury,Pedestrian Collisions,Pedestrian,30 to 34,Minor,,1,0,0,0,1,0,0,,0,0,0,0,0,165.0,77.0
43.659245,-79.36669,,Clear,Daylight,Dry,Non-Fatal Injury,Pedestrian Collisions,Vehicle Owner,unknown,,,1,0,0,0,0,1,0,,0,0,0,0,0,73.0,73.0
43.833441,-79.25101,,Clear,Daylight,Dry,Non-Fatal Injury,Rear End,Driver,35 to 39,Minor,Inattentive,0,0,1,0,0,0,0,,0,1,0,0,0,144.0,131.0
43.676192,-79.358859,,Clear,Daylight,Dry,Non-Fatal Injury,Angle,Driver,40 to 44,None,Normal,0,0,1,1,0,0,0,,0,1,1,0,0,68.0,68.0
43.696154,-79.532726,,Clear,Daylight,Dry,Fatal,Angle,Driver,45 to 49,Minor,Normal,0,0,1,0,0,0,0,Yes,1,1,1,0,0,8.0,8.0
43.644267,-79.375842,At Intersection,Rain,"Dark, artificial",Wet,Non-Fatal Injury,Angle,Driver,45 to 49,Minor,Normal,0,0,1,0,0,0,0,Yes,0,1,1,0,0,166.0,77.0
43.663345,-79.34109,At Intersection,Clear,"Dark, artificial",Dry,Non-Fatal Injury,Pedestrian Collisions,Passenger,30 to 34,None,,1,0,1,0,0,0,0,Yes,0,0,0,0,0,70.0,70.0
43.700148,-79.319026,,Clear,"Dark, artificial",Wet,Non-Fatal Injury,Pedestrian Collisions,Pedestrian,30 to 34,Major,,1,0,1,0,0,0,0,,0,0,0,0,0,60.0,60.0
43.700145,-79.27269,,Clear,Daylight,Dry,Non-Fatal Injury,Angle,Vehicle Owner,unknown,None,,0,0,1,0,1,0,0,,0,0,0,0,0,121.0,121.0
43.708598,-79.365428,At Intersection,Clear,Daylight,Dry,Non-Fatal Injury,Cyclist Collisions,Driver,55 to 59,None,Normal,0,1,1,0,0,0,0,,0,1,0,0,0,56.0,56.0
43.648055,-79.399661,,Clear,Daylight,Dry,Non-Fatal Injury,Cyclist Collisions,Driver,45 to 49,Major,Normal,0,1,1,0,0,0,0,,0,1,1,0,0,164.0,77.0
43.696154,-79.532726,,Clear,Daylight,Dry,Fatal,Angle,Passenger,35 to 39,Minor,,0,0,1,0,0,0,0,Yes,1,1,1,0,0,8.0,8.0
43.805245,-79.29879,At Intersection,Clear,Daylight,Dry,Non-Fatal Injury,Rear End,Driver,65 to 69,Major,Normal,0,0,1,0,0,0,0,Yes,0,1,0,0,0,130.0,130.0
43.644267,-79.375842,At Intersection,Rain,"Dark, artificial",Wet,Non-Fatal Injury,Angle,Driver,65 to 69,None,Normal,0,0,1,0,0,0,0,Yes,0,1,1,0,0,166.0,77.0
43.663345,-79.34109,At Intersection,Clear,"Dark, artificial",Dry,Non-Fatal Injury,Pedestrian Collisions,Vehicle Owner,unknown,,,1,0,1,0,0,0,0,Yes,0,0,0,0,0,70.0,70.0
43.708598,-79.365428,At Intersection,Clear,Daylight,Dry,Non-Fatal Injury,Cyclist Collisions,Cyclist,25 to 29,Major,,0,1,1,0,0,0,0,,0,1,0,0,0,56.0,56.0
43.676192,-79.358859,,Clear,Daylight,Dry,Non-Fatal Injury,Angle,Driver,75 to 79,Minimal,Inattentive,0,0,1,1,0,0,0,,0,1,1,0,0,68.0,68.0
43.700145,-79.27269,,Clear,Daylight,Dry,Non-Fatal Injury,Angle,Truck Driver,45 to 49,Minimal,,0,0,1,0,1,0,0,,0,0,0,0,0,121.0,121.0
43.648055,-79.399661,,Clear,Daylight,Dry,Non-Fatal Injury,Cyclist Collisions,Vehicle Owner,unknown,,,0,1,1,0,0,0,0,,0,1,1,0,0,164.0,77.0
43.696154,-79.532726,,Clear,Daylight,Dry,Fatal,Angle,Vehicle Owner,unknown,,,0,0,1,0,0,0,0,Yes,1,1,1,0,0,8.0,8.0
43.663345,-79.34109,At Intersection,Clear,"Dark, artificial",Dry,Non-Fatal Injury,Pedestrian Collisions,Driver,45 to 49,None,Normal,1,0,1,0,0,0,0,Yes,0,0,0,0,0,70.0,70.0
43.805245,-79.29879,At Intersection,Clear,Daylight,Dry,Non-Fatal Injury,Rear End,Passenger,30 to 34,Minimal,,0,0,1,0,0,0,0,Yes,0,1,0,0,0,130.0,130.0
43.656336,-79.388957,At Intersection,Clear,"Dark, artificial",Dry,Non-Fatal Injury,Sideswipe,Driver,30 to 34,Major,Normal,0,0,1,0,0,0,0,,0,0,0,0,0,170.0,76.0
43.763011,-79.412151,,Clear,Daylight,Dry,Non-Fatal Injury,Pedestrian Collisions,Vehicle Owner,unknown,,,1,0,1,0,0,0,0,,0,0,0,0,0,38.0,38.0
43.801444,-79.263789,,Rain,Daylight,Wet,Fatal,Pedestrian Collisions,Vehicle Owner,unknown,,,1,0,0,0,0,1,0,,0,0,0,0,0,129.0,129.0
43.700145,-79.27269,,Clear,Daylight,Dry,Non-Fatal Injury,Angle,Vehicle Owner,unknown,None,,0,0,1,0,1,0,0,,0,0,0,0,0,121.0,121.0
43.648055,-79.399661,,Clear,Daylight,Dry,Non-Fatal Injury,Cyclist Collisions,Driver,20 to 24,Minimal,Normal,0,1,1,0,0,0,0,,0,1,1,0,0,164.0,77.0
43.663345,-79.34109,At Intersection,Clear,"Dark, artificial",Dry,Non-Fatal Injury,Pedestrian Collisions,Pedestrian,60 to 64,Major,,1,0,1,0,0,0,0,Yes,0,0,0,0,0,70.0,70.0
43.805245,-79.29879,At Intersection,Clear,Daylight,Dry,Non-Fatal Injury,Rear End,Driver,30 to 34,Minimal,Normal,0,0,1,0,0,0,0,Yes,0,1,0,0,0,130.0,130.0
43.656336,-79.388957,At Intersection,Clear,"Dark, artificial",Dry,Non-Fatal Injury,Sideswipe,Vehicle Owner,unknown,,,0,0,1,0,0,0,0,,0,0,0,0,0,170.0,76.0
43.763011,-79.412151,,Clear,Daylight,Dry,Non-Fatal Injury,Pedestrian Collisions,Driver,20 to 24,None,Inattentive,1,0,1,0,0,0,0,,0,0,0,0,0,38.0,38.0
43.801444,-79.263789,,Rain,Daylight,Wet,Fatal,Pedestrian Collisions,Driver,50 to 54,None,Normal,1,0,0,0,0,1,0,,0,0,0,0,0,129.0,129.0
43.700145,-79.27269,,Clear,Daylight,Dry,Non-Fatal Injury,Angle,Truck Driver,55 to 59,Major,,0,0,1,0,1,0,0,,0,0,0,0,0,121.0,121.0
43.648055,-79.399661,,Clear,Daylight,Dry,Non-Fatal Injury,Cyclist Collisions,Other Property Owner,unknown,,,0,1,1,0,0,0,0,,0,1,1,0,0,164.0,77.0
43.805245,-79.29879,At Intersection,Clear,Daylight,Dry,Non-Fatal Injury,Rear End,Driver,20 to 24,None,Normal,0,0,1,0,0,0,0,Yes,0,1,0,0,0,130.0,130.0
43.801444,-79.263789,,Rain,Daylight,Wet,Fatal,Pedestrian Collisions,Pedestrian,65 to 69,Fatal,,1,0,0,0,0,1,0,,0,0,0,0,0,129.0,129.0
43.763011,-79.412151,,Clear,Daylight,Dry,Non-Fatal Injury,Pedestrian Collisions,Pedestrian,15 to 19,Minimal,,1,0,1,0,0,0,0,,0,0,0,0,0,38.0,38.0
43.656336,-79.388957,At Intersection,Clear,"Dark, artificial",Dry,Non-Fatal Injury,Sideswipe,Driver,unknown,None,Unknown,0,0,1,0,0,0,0,,0,0,0,0,0,170.0,76.0
43.700145,-79.27269,,Clear,Daylight,Dry,Non-Fatal Injury,Angle,Driver,45 to 49,Major,,0,0,1,0,1,0,0,,0,0,0,0,0,121.0,121.0
43.648055,-79.399661,,Clear,Daylight,Dry,Non-Fatal Injury,Cyclist Collisions,Cyclist,20 to 24,Major,,0,1,1,0,0,0,0,,0,1,1,0,0,164.0,77.0
43.696154,-79.532726,,Clear,Daylight,Dry,Fatal,Angle,Driver,60 to 64,Fatal,Normal,0,0,1,0,0,0,0,Yes,1,1,1,0,0,8.0,8.0
43.670945,-79.47449,,Clear,Daylight,Dry,Non-Fatal Injury,Pedestrian Collisions,Driver,75 to 79,None,Inattentive,1,0,1,0,0,0,0,,0,0,0,0,0,90.0,90.0
43.701968,-79.508319,At Intersection,Rain,Dark,Wet,Non-Fatal Injury,Pedestrian Collisions,Driver,65 to 69,None,Inattentive,1,0,1,0,0,0,0,,0,1,0,0,0,113.0,113.0
43.763011,-79.412151,,Clear,Daylight,Dry,Non-Fatal Injury,Pedestrian Collisions,Pedestrian,50 to 54,Major,,1,0,1,0,0,0,0,,0,0,0,0,0,38.0,38.0
43.656336,-79.388957,At Intersection,Clear,"Dark, artificial",Dry,Non-Fatal Injury,Sideswipe,Driver,30 to 34,None,Normal,0,0,1,0,0,0,0,,0,0,0,0,0,170.0,76.0
43.674045,-79.32489,At Intersection,Freezing Rain,"Dark, artificial",Wet,Non-Fatal Injury,Pedestrian Collisions,Driver,20 to 24,None,Normal,1,0,1,0,0,0,0,,0,1,0,0,0,65.0,65.0
43.793645,-79.32899,,Clear,Daylight,Dry,Non-Fatal Injury,Approaching,Driver,55 to 59,Minor,Unknown,0,0,1,0,0,0,0,,0,0,0,0,0,147.0,117.0
43.670945,-79.47449,,Clear,Daylight,Dry,Non-Fatal Injury,Pedestrian Collisions,Pedestrian,70 to 74,Major,,1,0,1,0,0,0,0,,0,0,0,0,0,90.0,90.0
43.800112,-79.29449,,Clear,"Dark, artificial",Dry,Non-Fatal Injury,SMV Unattended Vehicle,Other,unknown,None,,0,0,1,0,0,0,0,,0,0,0,0,0,148.0,117.0
43.696154,-79.532726,,Clear,Daylight,Dry,Fatal,Angle,Vehicle Owner,unknown,,,0,0,1,0,0,0,0,Yes,1,1,1,0,0,8.0,8.0
43.634444,-79.43909,,Clear,Dusk,Dry,Fatal,Other,Vehicle Owner,unknown,,,0,0,0,0,1,0,0,Yes,0,0,0,0,0,85.0,85.0
43.701968,-79.508319,At Intersection,Rain,Dark,Wet,Non-Fatal Injury,Pedestrian Collisions,Pedestrian,65 to 69,Major,,1,0,1,0,0,0,0,,0,1,0,0,0,113.0,113.0
43.798045,-79.33359,At Intersection,Clear,Daylight,Dry,Non-Fatal Injury,Pedestrian Collisions,Driver,25 to 29,None,Normal,1,0,1,0,0,0,0,,0,0,0,0,0,147.0,117.0
43.674045,-79.32489,At Intersection,Freezing Rain,"Dark, artificial",Wet,Non-Fatal Injury,Pedestrian Collisions,Pedestrian,25 to 29,Major,,1,0,1,0,0,0,0,,0,1,0,0,0,65.0,65.0
43.696154,-79.532726,,Clear,Daylight,Dry,Fatal,Angle,Driver,20 to 24,Minor,Unknown,0,0,1,0,0,0,0,Yes,1,1,1,0,0,8.0,8.0
43.800112,-79.29449,,Clear,"Dark, artificial",Dry,Non-Fatal Injury,SMV Unattended Vehicle,Driver,70 to 74,Major,Unknown,0,0,1,0,0,0,0,,0,0,0,0,0,148.0,117.0
43.694645,-79.27249,,Clear,Dark,Wet,Non-Fatal Injury,Turning Movement,Driver,30 to 34,Minimal,Inattentive,0,0,1,0,0,0,0,,0,0,0,0,0,121.0,121.0
43.814245,-79.23709,At Intersection,Clear,Daylight,Dry,Non-Fatal Injury,Turning Movement,Vehicle Owner,unknown,,,0,0,1,0,0,0,0,,0,1,0,0,0,144.0,131.0
43.637316,-79.397136,At Intersection,Clear,Daylight,Dry,Non-Fatal Injury,Pedestrian Collisions,Driver,40 to 44,None,Normal,1,0,1,0,0,0,0,,0,1,0,0,0,165.0,77.0
43.670149,-79.3828,At Intersection,Clear,Daylight,Dry,Non-Fatal Injury,Pedestrian Collisions,Driver,45 to 49,None,Normal,1,0,1,0,0,0,0,,0,0,0,0,0,167.0,75.0
43.793645,-79.32899,,Clear,Daylight,Dry,Non-Fatal Injury,Approaching,Driver,50 to 54,Major,Normal,0,0,1,0,0,0,0,,0,0,0,0,0,147.0,117.0
43.634444,-79.43909,,Clear,Dusk,Dry,Fatal,Other,Truck Driver,50 to 54,None,Unknown,0,0,0,0,1,0,0,Yes,0,0,0,0,0,85.0,85.0
43.798045,-79.33359,At Intersection,Clear,Daylight,Dry,Non-Fatal Injury,Pedestrian Collisions,Pedestrian,60 to 64,Major,,1,0,1,0,0,0,0,,0,0,0,0,0,147.0,117.0
43.769545,-79.34649,At Intersection,Rain,Dark,Wet,Non-Fatal Injury,Pedestrian Collisions,Driver,40 to 44,None,Inattentive,1,0,1,0,0,0,0,,0,1,0,0,0,53.0,53.0
43.694645,-79.27249,,Clear,Dark,Wet,Non-Fatal Injury,Turning Movement,Driver,50 to 54,Major,Normal,0,0,1,0,0,0,0,,0,0,0,0,0,121.0,121.0
43.769545,-79.34649,At Intersection,Rain,Dark,Wet,Non-Fatal Injury,Pedestrian Collisions,Pedestrian,30 to 34,Major,,1,0,1,0,0,0,0,,0,1,0,0,0,53.0,53.0
43.814245,-79.23709,At Intersection,Clear,Daylight,Dry,Non-Fatal Injury,Turning Movement,Driver,30 to 34,None,Normal,0,0,1,0,0,0,0,,0,1,0,0,0,144.0,131.0
43.647116,-79.403972,At Intersection,Clear,Daylight,Wet,Non-Fatal Injury,Cyclist Collisions,Vehicle Owner,unknown,,,0,1,0,0,1,0,0,,0,0,0,0,0,164.0,77.0
43.808497,-79.372493,At Intersection,Clear,Daylight,Dry,Non-Fatal Injury,Turning Movement,Vehicle Owner,unknown,,,0,0,1,0,1,0,0,,0,0,0,0,0,49.0,49.0
43.637316,-79.397136,At Intersection,Clear,Daylight,Dry,Non-Fatal Injury,Pedestrian Collisions,Pedestrian,0 to 4,Major,,1,0,1,0,0,0,0,,0,1,0,0,0,165.0,77.0
43.634444,-79.43909,,Clear,Dusk,Dry,Fatal,Other,Other,unknown,None,,0,0,0,0,1,0,0,Yes,0,0,0,0,0,85.0,85.0
43.670149,-79.3828,At Intersection,Clear,Daylight,Dry,Non-Fatal Injury,Pedestrian Collisions,Pedestrian,40 to 44,Major,,1,0,1,0,0,0,0,,0,0,0,0,0,167.0,75.0
43.603245,-79.50629,At Intersection,Clear,Daylight,Wet,Non-Fatal Injury,Pedestrian Collisions,Vehicle Owner,unknown,,,1,0,1,0,0,0,0,,0,0,0,0,0,18.0,18.0
43.647116,-79.403972,At Intersection,Clear,Daylight,Wet,Non-Fatal Injury,Cyclist Collisions,Truck Driver,35 to 39,None,Normal,0,1,0,0,1,0,0,,0,0,0,0,0,164.0,77.0
43.808497,-79.372493,At Intersection,Clear,Daylight,Dry,Non-Fatal Injury,Turning Movement,Truck Driver,25 to 29,Minimal,Normal,0,0,1,0,1,0,0,,0,0,0,0,0,49.0,49.0
43.651538,-79.367038,At Intersection,Rain,Dark,Wet,Non-Fatal Injury,Turning Movement,Motorcycle Driver,30 to 34,Major,Normal,0,0,1,1,0,0,0,,0,1,0,0,0,73.0,73.0
43.647116,-79.403972,At Intersection,Clear,Daylight,Wet,Non-Fatal Injury,Cyclist Collisions,Other,unknown,None,,0,1,0,0,1,0,0,,0,0,0,0,0,164.0,77.0
43.808497,-79.372493,At Intersection,Clear,Daylight,Dry,Non-Fatal Injury,Turning Movement,Driver,70 to 74,Major,Inattentive,0,0,1,0,1,0,0,,0,0,0,0,0,49.0,49.0
43.637316,-79.397136,At Intersection,Clear,Daylight,Dry,Non-Fatal Injury,Pedestrian Collisions,Pedestrian,35 to 39,Major,,1,0,1,0,0,0,0,,0,1,0,0,0,165.0,77.0
43.814245,-79.23709,At Intersection,Clear,Daylight,Dry,Non-Fatal Injury,Turning Movement,Driver,40 to 44,Major,Normal,0,0,1,0,0,0,0,,0,1,0,0,0,144.0,131.0
43.682246,-79.457691,,Clear,Daylight,Dry,Non-Fatal Injury,Pedestrian Collisions,Driver,25 to 29,None,Normal,1,0,1,0,0,0,0,,0,0,0,0,0,109.0,109.0
43.634444,-79.43909,,Clear,Dusk,Dry,Fatal,Other,Passenger,15 to 19,Fatal,,0,0,0,0,1,0,0,Yes,0,0,0,0,0,85.0,85.0
43.603245,-79.50629,At Intersection,Clear,Daylight,Wet,Non-Fatal Injury,Pedestrian Collisions,Driver,30 to 34,None,Inattentive,1,0,1,0,0,0,0,,0,0,0,0,0,18.0,18.0
43.697585,-79.502368,,Clear,"Dark, artificial",Dry,Non-Fatal Injury,Pedestrian Collisions,Driver,35 to 39,None,Normal,1,0,1,0,0,0,0,,0,0,0,0,0,30.0,30.0
43.651538,-79.367038,At Intersection,Rain,Dark,Wet,Non-Fatal Injury,Turning Movement,Vehicle Owner,unknown,,,0,0,1,1,0,0,0,,0,1,0,0,0,73.0,73.0
43.808497,-79.372493,At Intersection,Clear,Daylight,Dry,Non-Fatal Injury,Turning Movement,Other,unknown,None,,0,0,1,0,1,0,0,,0,0,0,0,0,49.0,49.0
43.814245,-79.23709,At Intersection,Clear,Daylight,Dry,Non-Fatal Injury,Turning Movement,Driver,20 to 24,None,Normal,0,0,1,0,0,0,0,,0,1,0,0,0,144.0,131.0
43.60657,-79.547351,,Clear,Daylight,Dry,Non-Fatal Injury,Rear End,Passenger,85 to 89,Major,,0,0,1,0,0,0,0,Yes,1,1,0,0,0,20.0,20.0
43.615863,-79.524616,At Intersection,Clear,Daylight,Dry,Non-Fatal Injury,SMV Other,Vehicle Owner,unknown,,,0,0,0,1,0,0,0,,0,0,0,0,0,160.0,17.0
43.682246,-79.457691,,Clear,Daylight,Dry,Non-Fatal Injury,Pedestrian Collisions,Pedestrian,70 to 74,Major,,1,0,1,0,0,0,0,,0,0,0,0,0,109.0,109.0
43.603245,-79.50629,At Intersection,Clear,Daylight,Wet,Non-Fatal Injury,Pedestrian Collisions,Pedestrian,30 to 34,Major,,1,0,1,0,0,0,0,,0,0,0,0,0,18.0,18.0
43.647116,-79.403972,At Intersection,Clear,Daylight,Wet,Non-Fatal Injury,Cyclist Collisions,Cyclist,20 to 24,Major,,0,1,0,0,1,0,0,,0,0,0,0,0,164.0,77.0
43.697585,-79.502368,,Clear,"Dark, artificial",Dry,Non-Fatal Injury,Pedestrian Collisions,Pedestrian,20 to 24,Major,,1,0,1,0,0,0,0,,0,0,0,0,0,30.0,30.0
43.651538,-79.367038,At Intersection,Rain,Dark,Wet,Non-Fatal Injury,Turning Movement,Driver,55 to 59,None,Inattentive,0,0,1,1,0,0,0,,0,1,0,0,0,73.0,73.0