LATITUDE,LONGITUDE,ACCLOC,VISIBILITY,LIGHT,RDSFCOND,ACCLASS,IMPACTYPE,INVTYPE,INVAGE,INJURY,DRIVCOND,PEDESTRIAN,CYCLIST,AUTOMOBILE,MOTORCYCLE,TRUCK,TRSN_CITY_VEH,EMERG_VEH,PASSENGER,SPEEDING,AG_DRIV,REDLIGHT,ALCOHOL,DISABILITY,HOOD_158,HOOD_140
43.756663,-79.517566,At/Near Private Drive,Clear,Daylight,Dry,Non-Fatal Injury,Cyclist Collisions,Cyclist,30 to 34,Major,,0,1,1,0,0,0,0,,0,0,0,0,0,25.0,25.0
43.669692,-79.43275,,Rain,"Dark, artificial",Wet,Non-Fatal Injury,Cyclist Collisions,Driver,20 to 24,None,Inattentive,0,1,1,0,0,0,0,,0,1,0,0,0,172.0,93.0
43.728591,-79.266422,Non Intersection,Clear,Dark,Dry,Non-Fatal Injury,Pedestrian Collisions,Driver,15 to 19,None,Normal,1,0,1,0,0,0,0,,0,0,0,0,0,124.0,124.0
43.734919,-79.256099,At/Near Private Drive,Clear,Daylight,Dry,Non-Fatal Injury,Pedestrian Collisions,Driver,15 to 19,None,Normal,1,0,1,0,0,0,0,,0,0,0,0,0,124.0,124.0
43.738459,-79.347087,,Clear,Daylight,Dry,Non-Fatal Injury,SMV Other,Other Property Owner,unknown,,,0,0,1,0,0,0,0,Yes,1,1,0,0,0,42.0,42.0
43.728125,-79.574649,At Intersection,Clear,Daylight,Dry,Non-Fatal Injury,Pedestrian Collisions,Pedestrian,25 to 29,Major,,1,0,1,0,0,0,0,,0,1,1,1,0,4.0,4.0
43.669692,-79.43275,,Rain,"Dark, artificial",Wet,Non-Fatal Injury,Cyclist Collisions,Cyclist,30 to 34,Major,,0,1,1,0,0,0,0,,0,1,0,0,0,172.0,93.0
43.655112,-79.398898,At Intersection,Rain,Daylight,Wet,Non-Fatal Injury,Pedestrian Collisions,Driver,60 to 64,None,Unknown,1,0,0,0,0,1,0,,0,0,0,0,0,78.0,78.0
43.681208,-79.444362,At Intersection,Clear,Daylight,Dry,Non-Fatal Injury,Turning Movement,Driver,20 to 24,None,Normal,0,0,1,0,0,0,0,,0,0,0,0,0,92.0,92.0
43.636473,-79.399638,Intersection Related,Clear,"Dark, artificial",Dry,Non-Fatal Injury,Turning Movement,Motorcycle Driver,45 to 49,Major,Normal,0,0,1,1,0,0,0,Yes,0,0,0,0,0,165.0,77.0
43.728591,-79.266422,Non Intersection,Clear,Dark,Dry,Non-Fatal Injury,Pedestrian Collisions,Pedestrian,80 to 84,Major,,1,0,1,0,0,0,0,,0,0,0,0,0,124.0,124.0
43.796763,-79.315753,,Clear,Daylight,Dry,Non-Fatal Injury,Turning Movement,Driver,60 to 64,None,Unknown,0,0,1,0,0,0,0,,0,1,1,0,0,148.0,117.0
43.614035,-79.489146,Non Intersection,Clear,Daylight,Wet,Non-Fatal Injury,Angle,Driver,55 to 59,Major,Unknown,0,0,1,0,0,0,0,Yes,1,1,0,0,0,161.0,17.0
43.792533,-79.445163,,Rain,"Dark, artificial",Wet,Fatal,Pedestrian Collisions,Driver,20 to 24,None,Normal,1,0,1,0,0,0,0,,0,0,0,0,0,36.0,36.0
43.655112,-79.398898,At Intersection,Rain,Daylight,Wet,Non-Fatal Injury,Pedestrian Collisions,Pedestrian,25 to 29,Major,,1,0,0,0,0,1,0,,0,0,0,0,0,78.0,78.0
43.681208,-79.444362,At Intersection,Clear,Daylight,Dry,Non-Fatal Injury,Turning Movement,Driver,35 to 39,Major,Normal,0,0,1,0,0,0,0,,0,0,0,0,0,92.0,92.0
43.636473,-79.399638,Intersection Related,Clear,"Dark, artificial",Dry,Non-Fatal Injury,Turning Movement,Motorcycle Passenger,25 to 29,Minimal,,0,0,1,1,0,0,0,Yes,0,0,0,0,0,165.0,77.0
43.664591,-79.355953,Non Intersection,Clear,Dark,Dry,Non-Fatal Injury,Pedestrian Collisions,Driver,30 to 34,None,Normal,1,0,1,0,0,0,0,,0,0,0,0,0,70.0,70.0
43.759902,-79.236118,At Intersection,Clear,Daylight,Dry,Non-Fatal Injury,Angle,Driver,30 to 34,None,Unknown,0,0,1,0,0,0,0,,0,1,0,0,0,142.0,137.0
43.614035,-79.489146,Non Intersection,Clear,Daylight,Wet,Non-Fatal Injury,Angle,Driver,20 to 24,None,Normal,0,0,1,0,0,0,0,Yes,1,1,0,0,0,161.0,17.0
43.796763,-79.315753,,Clear,Daylight,Dry,Non-Fatal Injury,Turning Movement,Driver,80 to 84,Major,Normal,0,0,1,0,0,0,0,,0,1,1,0,0,148.0,117.0
43.734919,-79.256099,At/Near Private Drive,Clear,Daylight,Dry,Non-Fatal Injury,Pedestrian Collisions,Pedestrian,85 to 89,Major,,1,0,1,0,0,0,0,,0,0,0,0,0,124.0,124.0
43.705802,-79.325069,,Clear,Daylight,Dry,Fatal,Pedestrian Collisions,Driver,60 to 64,None,Normal,1,0,1,0,0,0,0,,0,0,0,0,0,54.0,54.0
43.670752,-79.388912,Non Intersection,Clear,Daylight,Dry,Non-Fatal Injury,Pedestrian Collisions,Driver,35 to 39,None,Normal,1,0,1,0,0,0,0,,0,0,0,0,0,95.0,95.0
43.632022,-79.575145,Intersection Related,Clear,Daylight,Dry,Non-Fatal Injury,Turning Movement,Driver,20 to 24,None,Normal,0,0,1,0,0,0,0,,0,1,0,0,0,12.0,12.0
43.792533,-79.445163,,Rain,"Dark, artificial",Wet,Fatal,Pedestrian Collisions,Pedestrian,20 to 24,Fatal,,1,0,1,0,0,0,0,,0,0,0,0,0,36.0,36.0
43.664591,-79.355953,Non Intersection,Clear,Dark,Dry,Non-Fatal Injury,Pedestrian Collisions,Pedestrian,35 to 39,Major,,1,0,1,0,0,0,0,,0,0,0,0,0,70.0,70.0
43.759902,-79.236118,At Intersection,Clear,Daylight,Dry,Non-Fatal Injury,Angle,Driver,45 to 49,Major,Normal,0,0,1,0,0,0,0,,0,1,0,0,0,142.0,137.0
43.614035,-79.489146,Non Intersection,Clear,Daylight,Wet,Non-Fatal Injury,Angle,Passenger,20 to 24,None,,0,0,1,0,0,0,0,Yes,1,1,0,0,0,161.0,17.0
43.705802,-79.325069,,Clear,Daylight,Dry,Fatal,Pedestrian Collisions,Pedestrian,85 to 89,Fatal,,1,0,1,0,0,0,0,,0,0,0,0,0,54.0,54.0
43.762107,-79.503124,Non Intersection,Clear,"Dark, artificial",Dry,Non-Fatal Injury,Pedestrian Collisions,Driver,unknown,None,Unknown,1,0,1,0,0,0,0,,0,1,0,0,0,27.0,27.0
43.711112,-79.24818,,Clear,Daylight,Dry,Non-Fatal Injury,Turning Movement,Driver,75 to 79,Minor,Normal,0,0,1,0,0,0,0,Yes,0,0,0,0,0,123.0,123.0
43.664336,-79.355869,Non Intersection,Clear,Dark,Dry,Non-Fatal Injury,Pedestrian Collisions,Driver,60 to 64,None,Normal,1,0,1,0,0,0,0,,0,0,0,0,0,70.0,70.0
43.632022,-79.575145,Intersection Related,Clear,Daylight,Dry,Non-Fatal Injury,Turning Movement,Driver,50 to 54,Major,Normal,0,0,1,0,0,0,0,,0,1,0,0,0,12.0,12.0
43.670752,-79.388912,Non Intersection,Clear,Daylight,Dry,Non-Fatal Injury,Pedestrian Collisions,Pedestrian,70 to 74,Major,,1,0,1,0,0,0,0,,0,0,0,0,0,95.0,95.0
43.643557,-79.421954,Non Intersection,Clear,"Dark, artificial",Slush,Non-Fatal Injury,Pedestrian Collisions,Driver,20 to 24,None,Unknown,1,0,1,0,0,0,0,Yes,1,1,0,0,0,162.0,82.0
43.662654,-79.332813,At Intersection,Clear,Daylight,Dry,Non-Fatal Injury,Pedestrian Collisions,Truck Driver,65 to 69,None,Normal,1,0,0,0,1,0,0,,0,1,0,0,0,70.0,70.0
43.66659,-79.467273,,Clear,Daylight,Dry,Non-Fatal Injury,Turning Movement,Driver,50 to 54,Major,Normal,0,0,1,0,0,0,0,,0,0,0,0,0,90.0,90.0
43.762107,-79.503124,Non Intersection,Clear,"Dark, artificial",Dry,Non-Fatal Injury,Pedestrian Collisions,Pedestrian,20 to 24,Major,,1,0,1,0,0,0,0,,0,1,0,0,0,27.0,27.0
43.747069,-79.201221,At/Near Private Drive,Clear,Daylight,Dry,Non-Fatal Injury,Turning Movement,Driver,20 to 24,None,Inattentive,0,0,1,1,0,0,0,,0,0,0,0,0,140.0,140.0
43.66659,-79.467273,,Clear,Daylight,Dry,Non-Fatal Injury,Turning Movement,Driver,50 to 54,Minor,Normal,0,0,1,0,0,0,0,,0,0,0,0,0,90.0,90.0
43.664336,-79.355869,Non Intersection,Clear,Dark,Dry,Non-Fatal Injury,Pedestrian Collisions,Pedestrian,35 to 39,Major,,1,0,1,0,0,0,0,,0,0,0,0,0,70.0,70.0
43.711112,-79.24818,,Clear,Daylight,Dry,Non-Fatal Injury,Turning Movement,Passenger,60 to 64,Major,,0,0,1,0,0,0,0,Yes,0,0,0,0,0,123.0,123.0
43.662654,-79.332813,At Intersection,Clear,Daylight,Dry,Non-Fatal Injury,Pedestrian Collisions,Pedestrian,70 to 74,Major,,1,0,0,0,1,0,0,,0,1,0,0,0,70.0,70.0
43.643557,-79.421954,Non Intersection,Clear,"Dark, artificial",Slush,Non-Fatal Injury,Pedestrian Collisions,Driver,25 to 29,None,Normal,1,0,1,0,0,0,0,Yes,1,1,0,0,0,162.0,82.0
43.648795,-79.385516,At Intersection,Clear,"Dark, artificial",Dry,Non-Fatal Injury,Pedestrian Collisions,Driver,40 to 44,None,Normal,1,0,1,0,0,0,0,,0,0,0,0,0,170.0,76.0
43.795935,-79.429225,At Intersection,Rain,Daylight,Wet,Non-Fatal Injury,Other,Driver,35 to 39,None,Normal,0,0,0,0,0,1,0,Yes,0,0,0,0,0,36.0,36.0
43.747069,-79.201221,At/Near Private Drive,Clear,Daylight,Dry,Non-Fatal Injury,Turning Movement,Motorcycle Driver,25 to 29,Major,Normal,0,0,1,1,0,0,0,,0,0,0,0,0,140.0,140.0
43.698291,-79.396632,,Clear,"Dawn, artificial",Dry,Non-Fatal Injury,Rear End,Passenger,65 to 69,Major,,0,0,1,0,0,0,0,Yes,0,1,0,0,0,174.0,104.0
43.752612,-79.212047,Non Intersection,Clear,"Dark, artificial",Loose Sand or Gravel,Non-Fatal Injury,SMV Other,Driver,30 to 34,Major,Unknown,0,0,1,0,0,0,0,,0,0,0,0,0,141.0,137.0
43.795935,-79.429225,At Intersection,Rain,Daylight,Wet,Non-Fatal Injury,Other,Passenger,85 to 89,Major,,0,0,0,0,0,1,0,Yes,0,0,0,0,0,36.0,36.0
43.643557,-79.421954,Non Intersection,Clear,"Dark, artificial",Slush,Non-Fatal Injury,Pedestrian Collisions,Passenger,unknown,None,,1,0,1,0,0,0,0,Yes,1,1,0,0,0,162.0,82.0
43.73503,-79.617862,At Intersection,Rain,"Dawn, artificial",Wet,Fatal,Pedestrian Collisions,Driver,60 to 64,None,Normal,1,0,0,0,0,1,0,,0,0,0,0,0,1.0,1.0
43.643557,-79.421954,Non Intersection,Clear,"Dark, artificial",Slush,Non-Fatal Injury,Pedestrian Collisions,Passenger,unknown,Minimal,,1,0,1,0,0,0,0,Yes,1,1,0,0,0,162.0,82.0
43.648795,-79.385516,At Intersection,Clear,"Dark, artificial",Dry,Non-Fatal Injury,Pedestrian Collisions,Pedestrian,unknown,Major,,1,0,1,0,0,0,0,,0,0,0,0,0,170.0,76.0
43.711112,-79.24818,,Clear,Daylight,Dry,Non-Fatal Injury,Turning Movement,Driver,85 to 89,Minor,Inattentive,0,0,1,0,0,0,0,Yes,0,0,0,0,0,123.0,123.0
43.763236,-79.397456,,Clear,Daylight,Dry,Fatal,Pedestrian Collisions,Driver,75 to 79,None,Unknown,1,0,1,0,0,0,0,,0,0,0,0,0,153.0,51.0
43.698291,-79.396632,,Clear,"Dawn, artificial",Dry,Non-Fatal Injury,Rear End,Passenger,75 to 79,Major,,0,0,1,0,0,0,0,Yes,0,1,0,0,0,174.0,104.0
43.759013,-79.310191,At Intersection,Clear,Daylight,Dry,Non-Fatal Injury,Other,Driver,60 to 64,None,Normal,0,0,0,0,0,1,0,Yes,0,0,0,0,0,119.0,119.0
43.711112,-79.24818,,Clear,Daylight,Dry,Non-Fatal Injury,Turning Movement,Driver,65 to 69,None,Normal,0,0,1,0,0,0,0,Yes,0,0,0,0,0,123.0,123.0
43.763236,-79.397456,,Clear,Daylight,Dry,Fatal,Pedestrian Collisions,Pedestrian,85 to 89,Fatal,,1,0,1,0,0,0,0,,0,0,0,0,0,153.0,51.0
43.643557,-79.421954,Non Intersection,Clear,"Dark, artificial",Slush,Non-Fatal Injury,Pedestrian Collisions,Pedestrian,30 to 34,Major,,1,0,1,0,0,0,0,Yes,1,1,0,0,0,162.0,82.0
43.698291,-79.396632,,Clear,"Dawn, artificial",Dry,Non-Fatal Injury,Rear End,Driver,30 to 34,None,Normal,0,0,1,0,0,0,0,Yes,0,1,0,0,0,174.0,104.0
43.699797,-79.257335,Non Intersection,Clear,Daylight,Dry,Non-Fatal Injury,Sideswipe,Driver,15 to 19,Major,Normal,0,0,1,0,0,0,0,Yes,1,1,0,0,0,122.0,122.0
43.73503,-79.617862,At Intersection,Rain,"Dawn, artificial",Wet,Fatal,Pedestrian Collisions,Pedestrian,30 to 34,Fatal,,1,0,0,0,0,1,0,,0,0,0,0,0,1.0,1.0
43.759013,-79.310191,At Intersection,Clear,Daylight,Dry,Non-Fatal Injury,Other,Passenger,80 to 84,Major,,0,0,0,0,0,1,0,Yes,0,0,0,0,0,119.0,119.0
43.660632,-79.443607,Intersection Related,Clear,Daylight,Dry,Non-Fatal Injury,Pedestrian Collisions,Driver,40 to 44,None,Normal,1,0,1,0,0,0,0,,0,1,0,0,0,171.0,93.0
43.781047,-79.409702,,Clear,Daylight,Dry,Fatal,Turning Movement,Passenger,60 to 64,Minimal,,0,0,1,0,0,0,0,Yes,0,1,0,0,0,152.0,51.0
43.808814,-79.262767,,Clear,Daylight,Dry,Non-Fatal Injury,Pedestrian Collisions,Driver,55 to 59,None,Inattentive,1,0,1,0,0,0,0,,0,0,0,0,0,129.0,129.0
43.731497,-79.537448,Non Intersection,Clear,"Dark, artificial",Dry,Non-Fatal Injury,Rear End,Driver,20 to 24,Minor,"Ability Impaired, Alcohol Over .08",0,0,1,0,0,0,0,Yes,1,1,0,1,0,23.0,23.0
43.698291,-79.396632,,Clear,"Dawn, artificial",Dry,Non-Fatal Injury,Rear End,Driver,30 to 34,None,Normal,0,0,1,0,0,0,0,Yes,0,1,0,0,0,174.0,104.0
43.660632,-79.443607,Intersection Related,Clear,Daylight,Dry,Non-Fatal Injury,Pedestrian Collisions,Pedestrian,85 to 89,Major,,1,0,1,0,0,0,0,,0,1,0,0,0,171.0,93.0
43.731497,-79.537448,Non Intersection,Clear,"Dark, artificial",Dry,Non-Fatal Injury,Rear End,Driver,30 to 34,Minor,Normal,0,0,1,0,0,0,0,Yes,1,1,0,1,0,23.0,23.0
43.699797,-79.257335,Non Intersection,Clear,Daylight,Dry,Non-Fatal Injury,Sideswipe,Passenger,15 to 19,None,,0,0,1,0,0,0,0,Yes,1,1,0,0,0,122.0,122.0
43.781047,-79.409702,,Clear,Daylight,Dry,Fatal,Turning Movement,Driver,65 to 69,Minimal,Normal,0,0,1,0,0,0,0,Yes,0,1,0,0,0,152.0,51.0
43.808814,-79.262767,,Clear,Daylight,Dry,Non-Fatal Injury,Pedestrian Collisions,Pedestrian,70 to 74,Major,,1,0,1,0,0,0,0,,0,0,0,0,0,129.0,129.0
43.643557,-79.421954,Non Intersection,Clear,"Dark, artificial",Slush,Non-Fatal Injury,Pedestrian Collisions,Other,unknown,None,,1,0,1,0,0,0,0,Yes,1,1,0,0,0,162.0,82.0
43.702975,-79.255931,Non Intersection,Clear,Dark,Dry,Non-Fatal Injury,Sideswipe,Motorcycle Driver,45 to 49,Major,Inattentive,0,0,1,1,0,0,0,Yes,0,1,0,0,0,122.0,122.0
43.699797,-79.257335,Non Intersection,Clear,Daylight,Dry,Non-Fatal Injury,Sideswipe,Passenger,15 to 19,Major,,0,0,1,0,0,0,0,Yes,1,1,0,0,0,122.0,122.0
43.602343,-79.497989,,Clear,Daylight,Dry,Fatal,Cyclist Collisions,Passenger,unknown,None,,0,1,1,0,0,0,0,Yes,0,0,0,0,0,18.0,18.0
43.781047,-79.409702,,Clear,Daylight,Dry,Fatal,Turning Movement,Passenger,70 to 74,Minimal,,0,0,1,0,0,0,0,Yes,0,1,0,0,0,152.0,51.0
43.658202,-79.389766,Non Intersection,Clear,Daylight,Dry,Non-Fatal Injury,Pedestrian Collisions,Driver,50 to 54,None,Normal,1,0,1,0,0,0,0,,0,0,0,0,0,170.0,76.0
43.733172,-79.433002,At Intersection,Clear,Daylight,Dry,Non-Fatal Injury,Turning Movement,Driver,35 to 39,Minimal,Normal,0,0,1,0,0,0,0,Yes,0,1,0,0,0,39.0,39.0
43.702975,-79.255931,Non Intersection,Clear,Dark,Dry,Non-Fatal Injury,Sideswipe,Driver,15 to 19,None,Normal,0,0,1,1,0,0,0,Yes,0,1,0,0,0,122.0,122.0
43.668029,-79.342914,Non Intersection,Clear,Daylight,Wet,Non-Fatal Injury,Pedestrian Collisions,Driver,55 to 59,None,Normal,1,0,1,0,0,0,0,Yes,0,0,0,0,0,68.0,68.0
43.699797,-79.257335,Non Intersection,Clear,Daylight,Dry,Non-Fatal Injury,Sideswipe,Passenger,15 to 19,Major,,0,0,1,0,0,0,0,Yes,1,1,0,0,0,122.0,122.0
43.731497,-79.537448,Non Intersection,Clear,"Dark, artificial",Dry,Non-Fatal Injury,Rear End,Passenger,30 to 34,Major,,0,0,1,0,0,0,0,Yes,1,1,0,1,0,23.0,23.0
43.602343,-79.497989,,Clear,Daylight,Dry,Fatal,Cyclist Collisions,Driver,60 to 64,None,Normal,0,1,1,0,0,0,0,Yes,0,0,0,0,0,18.0,18.0
43.781047,-79.409702,,Clear,Daylight,Dry,Fatal,Turning Movement,Driver,90 to 94,Fatal,Unknown,0,0,1,0,0,0,0,Yes,0,1,0,0,0,152.0,51.0
43.658202,-79.389766,Non Intersection,Clear,Daylight,Dry,Non-Fatal Injury,Pedestrian Collisions,Pedestrian,55 to 59,Major,,1,0,1,0,0,0,0,,0,0,0,0,0,170.0,76.0
43.733172,-79.433002,At Intersection,Clear,Daylight,Dry,Non-Fatal Injury,Turning Movement,Driver,55 to 59,Major,Normal,0,0,1,0,0,0,0,Yes,0,1,0,0,0,39.0,39.0
43.702975,-79.255931,Non Intersection,Clear,Dark,Dry,Non-Fatal Injury,Sideswipe,Passenger,15 to 19,None,,0,0,1,1,0,0,0,Yes,0,1,0,0,0,122.0,122.0
43.668029,-79.342914,Non Intersection,Clear,Daylight,Wet,Non-Fatal Injury,Pedestrian Collisions,Passenger,50 to 54,None,,1,0,1,0,0,0,0,Yes,0,0,0,0,0,68.0,68.0
43.731497,-79.537448,Non Intersection,Clear,"Dark, artificial",Dry,Non-Fatal Injury,Rear End,Passenger,30 to 34,Minor,,0,0,1,0,0,0,0,Yes,1,1,0,1,0,23.0,23.0
43.738406,-79.434238,Non Intersection,Clear,Daylight,Dry,Non-Fatal Injury,Pedestrian Collisions,Pedestrian,60 to 64,Major,,1,0,1,0,0,0,0,,0,0,0,0,0,38.0,38.0
43.733172,-79.433002,At Intersection,Clear,Daylight,Dry,Non-Fatal Injury,Turning Movement,Driver,50 to 54,None,Normal,0,0,1,0,0,0,0,Yes,0,1,0,0,0,39.0,39.0
43.668029,-79.342914,Non Intersection,Clear,Daylight,Wet,Non-Fatal Injury,Pedestrian Collisions,Pedestrian,60 to 64,Major,,1,0,1,0,0,0,0,Yes,0,0,0,0,0,68.0,68.0
43.602343,-79.497989,,Clear,Daylight,Dry,Fatal,Cyclist Collisions,Cyclist,50 to 54,Fatal,,0,1,1,0,0,0,0,Yes,0,0,0,0,0,18.0,18.0
43.731497,-79.537448,Non Intersection,Clear,"Dark, artificial",Dry,Non-Fatal Injury,Rear End,Passenger,25 to 29,Minor,,0,0,1,0,0,0,0,Yes,1,1,0,1,0,23.0,23.0
43.756991,-79.430812,At Intersection,Clear,Dusk,Dry,Non-Fatal Injury,Pedestrian Collisions,Pedestrian,15 to 19,Major,,1,0,1,0,0,0,0,Yes,0,0,0,0,0,38.0,38.0
43.738406,-79.434238,Non Intersection,Clear,Daylight,Dry,Non-Fatal Injury,Pedestrian Collisions,Driver,60 to 64,None,Normal,1,0,1,0,0,0,0,,0,0,0,0,0,38.0,38.0
43.733172,-79.433002,At Intersection,Clear,Daylight,Dry,Non-Fatal Injury,Turning Movement,Passenger,20 to 24,None,,0,0,1,0,0,0,0,Yes,0,1,0,0,0,39.0,39.0
43.659392,-79.543025,Non Intersection,Clear,"Dark, artificial",Wet,Non-Fatal Injury,Sideswipe,Driver,20 to 24,Major,Inattentive,0,0,1,0,1,0,0,,0,0,0,0,0,10.0,10.0
43.693701,-79.422572,At Intersection,Clear,"Dark, artificial",Dry,Non-Fatal Injury,Rear End,Driver,25 to 29,None,Normal,0,0,1,0,0,0,0,Yes,0,1,0,0,0,101.0,101.0
43.731497,-79.537448,Non Intersection,Clear,"Dark, artificial",Dry,Non-Fatal Injury,Rear End,Passenger,55 to 59,Minor,,0,0,1,0,0,0,0,Yes,1,1,0,1,0,23.0,23.0
43.756991,-79.430812,At Intersection,Clear,Dusk,Dry,Non-Fatal Injury,Pedestrian Collisions,Passenger,85 to 89,None,,1,0,1,0,0,0,0,Yes,0,0,0,0,0,38.0,38.0
43.662455,-79.35136,At Intersection,Clear,Daylight,Dry,Non-Fatal Injury,Cyclist Collisions,Driver,50 to 54,None,Normal,0,1,1,0,0,0,0,,0,1,0,0,0,70.0,70.0
43.733172,-79.433002,At Intersection,Clear,Daylight,Dry,Non-Fatal Injury,Turning Movement,Passenger,30 to 34,None,,0,0,1,0,0,0,0,Yes,0,1,0,0,0,39.0,39.0
43.659392,-79.543025,Non Intersection,Clear,"Dark, artificial",Wet,Non-Fatal Injury,Sideswipe,Truck Driver,35 to 39,None,Normal,0,0,1,0,1,0,0,,0,0,0,0,0,10.0,10.0
43.662455,-79.35136,At Intersection,Clear,Daylight,Dry,Non-Fatal Injury,Cyclist Collisions,Cyclist,40 to 44,Major,,0,1,1,0,0,0,0,,0,1,0,0,0,70.0,70.0
43.756991,-79.430812,At Intersection,Clear,Dusk,Dry,Non-Fatal Injury,Pedestrian Collisions,Driver,35 to 39,None,Normal,1,0,1,0,0,0,0,Yes,0,0,0,0,0,38.0,38.0
43.693701,-79.422572,At Intersection,Clear,"Dark, artificial",Dry,Non-Fatal Injury,Rear End,Driver,50 to 54,None,Normal,0,0,1,0,0,0,0,Yes,0,1,0,0,0,101.0,101.0
43.683406,-79.311847,Intersection Related,Clear,Daylight,Dry,Non-Fatal Injury,Cyclist Collisions,Driver,25 to 29,None,Normal,0,1,1,0,0,0,0,Yes,0,1,0,0,0,64.0,64.0
43.647444,-79.375766,Intersection Related,Clear,Daylight,Dry,Non-Fatal Injury,Pedestrian Collisions,Driver,25 to 29,None,Inattentive,1,0,1,0,0,0,0,,0,0,0,0,0,166.0,77.0
43.776194,-79.232814,Non Intersection,Clear,"Dark, artificial",Slush,Non-Fatal Injury,Approaching,Driver,20 to 24,Major,Unknown,0,0,1,0,0,1,0,,0,1,0,0,0,142.0,137.0
43.647444,-79.375766,Intersection Related,Clear,Daylight,Dry,Non-Fatal Injury,Pedestrian Collisions,Pedestrian,30 to 34,Major,,1,0,1,0,0,0,0,,0,0,0,0,0,166.0,77.0
43.710009,-79.382236,Intersection Related,Clear,"Dark, artificial",Dry,Non-Fatal Injury,Cyclist Collisions,Driver,25 to 29,None,Normal,0,1,1,0,0,0,0,,0,0,0,0,0,99.0,99.0
43.618384,-79.511318,At Intersection,Rain,Daylight,Wet,Non-Fatal Injury,Rear End,Driver,70 to 74,Major,Medical or Physical Disability,0,0,1,0,0,0,0,,0,0,0,0,1,160.0,17.0
43.714598,-79.335178,At/Near Private Drive,Clear,"Dark, artificial",Dry,Non-Fatal Injury,Pedestrian Collisions,Pedestrian,35 to 39,Major,,1,0,1,0,0,0,0,,0,1,0,0,0,44.0,44.0
43.693701,-79.422572,At Intersection,Clear,"Dark, artificial",Dry,Non-Fatal Injury,Rear End,Driver,35 to 39,Minimal,Normal,0,0,1,0,0,0,0,Yes,0,1,0,0,0,101.0,101.0
43.683406,-79.311847,Intersection Related,Clear,Daylight,Dry,Non-Fatal Injury,Cyclist Collisions,Passenger,25 to 29,None,,0,1,1,0,0,0,0,Yes,0,1,0,0,0,64.0,64.0
43.663043,-79.402095,,Clear,Daylight,Dry,Fatal,Pedestrian Collisions,Driver,35 to 39,None,Unknown,1,0,0,0,0,1,0,,0,1,0,0,0,79.0,79.0
43.771174,-79.367473,Non Intersection,Clear,"Dark, artificial",Dry,Non-Fatal Injury,SMV Other,Driver,70 to 74,Major,Medical or Physical Disability,0,0,1,0,0,0,0,,0,0,0,0,1,52.0,52.0
43.693701,-79.422572,At Intersection,Clear,"Dark, artificial",Dry,Non-Fatal Injury,Rear End,Passenger,45 to 49,Major,,0,0,1,0,0,0,0,Yes,0,1,0,0,0,101.0,101.0
43.618384,-79.511318,At Intersection,Rain,Daylight,Wet,Non-Fatal Injury,Rear End,Driver,50 to 54,None,Normal,0,0,1,0,0,0,0,,0,0,0,0,1,160.0,17.0
43.710009,-79.382236,Intersection Related,Clear,"Dark, artificial",Dry,Non-Fatal Injury,Cyclist Collisions,Cyclist,55 to 59,Major,,0,1,1,0,0,0,0,,0,0,0,0,0,99.0,99.0
43.592047,-79.534717,Intersection Related,Clear,Daylight,Dry,Non-Fatal Injury,Angle,Driver,35 to 39,None,Inattentive,0,0,1,0,0,0,0,Yes,0,1,0,0,0,19.0,19.0
43.647116,-79.403972,At Intersection,Clear,"Dark, artificial",Dry,Non-Fatal Injury,Cyclist Collisions,Driver,15 to 19,None,Had Been Drinking,0,1,1,0,0,0,0,,0,0,0,0,0,164.0,77.0
43.776194,-79.232814,Non Intersection,Clear,"Dark, artificial",Slush,Non-Fatal Injury,Approaching,Driver,40 to 44,None,Normal,0,0,1,0,0,1,0,,0,1,0,0,0,142.0,137.0
43.683406,-79.311847,Intersection Related,Clear,Daylight,Dry,Non-Fatal Injury,Cyclist Collisions,Passenger,unknown,None,,0,1,1,0,0,0,0,Yes,0,1,0,0,0,64.0,64.0
43.714598,-79.335178,At/Near Private Drive,Clear,"Dark, artificial",Dry,Non-Fatal Injury,Pedestrian Collisions,Driver,45 to 49,None,Inattentive,1,0,1,0,0,0,0,,0,1,0,0,0,44.0,44.0
43.663043,-79.402095,,Clear,Daylight,Dry,Fatal,Pedestrian Collisions,Pedestrian,60 to 64,Fatal,,1,0,0,0,0,1,0,,0,1,0,0,0,79.0,79.0
43.64741,-79.40282,Non Intersection,Clear,Daylight,Dry,Non-Fatal Injury,Pedestrian Collisions,Driver,25 to 29,None,Normal,1,0,1,0,0,0,0,,0,0,0,0,0,164.0,77.0
43.647116,-79.403972,At Intersection,Clear,"Dark, artificial",Dry,Non-Fatal Injury,Cyclist Collisions,Cyclist,40 to 44,Major,,0,1,1,0,0,0,0,,0,0,0,0,0,164.0,77.0