LATITUDE,LONGITUDE,ACCLOC,VISIBILITY,LIGHT,RDSFCOND,ACCLASS,IMPACTYPE,INVTYPE,INVAGE,INJURY,DRIVCOND,PEDESTRIAN,CYCLIST,AUTOMOBILE,MOTORCYCLE,TRUCK,TRSN_CITY_VEH,EMERG_VEH,PASSENGER,SPEEDING,AG_DRIV,REDLIGHT,ALCOHOL,DISABILITY,HOOD_158,HOOD_140
43.649562,-79.419528,Non Intersection,Clear,Daylight,Dry,Non-Fatal Injury,Sideswipe,Driver,30 to 34,None,Inattentive,0,0,1,1,0,0,0,,0,0,0,0,0,81.0,81.0
43.790801,-79.453021,At Intersection,Clear,Daylight,Dry,Fatal,Pedestrian Collisions,Driver,15 to 19,None,Normal,1,0,1,0,0,0,0,,0,0,0,0,0,35.0,35.0
43.742171,-79.272052,,Clear,Daylight,Dry,Fatal,Approaching,Driver,80 to 84,Fatal,Unknown,0,0,1,0,0,0,0,,0,0,0,0,0,125.0,125.0
43.691374,-79.320621,At Intersection,Clear,Daylight,Dry,Non-Fatal Injury,Angle,Passenger,85 to 89,Minor,,0,0,1,0,0,0,0,Yes,0,1,0,0,0,59.0,59.0
43.784339,-79.394687,Intersection Related,Clear,Daylight,Dry,Non-Fatal Injury,Rear End,Driver,25 to 29,None,Inattentive,0,0,1,0,0,0,0,,1,1,0,0,0,152.0,51.0
43.647292,-79.395778,Intersection Related,Clear,Daylight,Dry,Non-Fatal Injury,Sideswipe,Driver,35 to 39,None,Inattentive,0,0,1,1,0,0,0,,0,0,0,0,0,164.0,77.0
43.790801,-79.453021,At Intersection,Clear,Daylight,Dry,Fatal,Pedestrian Collisions,Pedestrian,85 to 89,Fatal,,1,0,1,0,0,0,0,,0,0,0,0,0,35.0,35.0
43.691374,-79.320621,At Intersection,Clear,Daylight,Dry,Non-Fatal Injury,Angle,Passenger,25 to 29,Major,,0,0,1,0,0,0,0,Yes,0,1,0,0,0,59.0,59.0
43.769263,-79.412891,At Intersection,Clear,Daylight,Dry,Fatal,Pedestrian Collisions,Driver,55 to 59,None,Normal,1,0,1,0,0,0,0,,0,0,0,0,0,151.0,51.0
43.74137,-79.590785,Non Intersection,Clear,Daylight,Dry,Non-Fatal Injury,Approaching,Driver,15 to 19,Minor,Unknown,0,0,1,0,0,0,0,Yes,1,1,0,0,0,2.0,2.0
43.651801,-79.436343,At Intersection,Clear,Daylight,Dry,Fatal,Pedestrian Collisions,Driver,40 to 44,None,Inattentive,1,0,1,0,0,0,0,,0,1,0,0,0,84.0,84.0
43.649562,-79.419528,Non Intersection,Clear,Daylight,Dry,Non-Fatal Injury,Sideswipe,Motorcycle Driver,35 to 39,Major,Normal,0,0,1,1,0,0,0,,0,0,0,0,0,81.0,81.0
43.680937,-79.581149,Non Intersection,Clear,"Dark, artificial",Dry,Non-Fatal Injury,SMV Other,Motorcycle Driver,35 to 39,Major,Normal,0,0,0,1,0,0,0,,0,1,0,0,0,1.0,1.0
43.742171,-79.272052,,Clear,Daylight,Dry,Fatal,Approaching,Driver,60 to 64,None,Normal,0,0,1,0,0,0,0,,0,0,0,0,0,125.0,125.0
43.784339,-79.394687,Intersection Related,Clear,Daylight,Dry,Non-Fatal Injury,Rear End,Driver,55 to 59,Major,Normal,0,0,1,0,0,0,0,,1,1,0,0,0,152.0,51.0
43.647292,-79.395778,Intersection Related,Clear,Daylight,Dry,Non-Fatal Injury,Sideswipe,Motorcycle Driver,30 to 34,Major,Normal,0,0,1,1,0,0,0,,0,0,0,0,0,164.0,77.0
43.74137,-79.590785,Non Intersection,Clear,Daylight,Dry,Non-Fatal Injury,Approaching,Driver,40 to 44,Minor,Normal,0,0,1,0,0,0,0,Yes,1,1,0,0,0,2.0,2.0
43.742171,-79.272052,,Clear,Daylight,Dry,Fatal,Approaching,Truck Driver,50 to 54,None,Normal,0,0,1,0,0,0,0,,0,0,0,0,0,125.0,125.0
43.72959,-79.471462,At Intersection,Clear,"Dark, artificial",Dry,Fatal,Turning Movement,Motorcycle Driver,30 to 34,None,Unknown,0,0,1,1,0,0,0,Yes,1,1,0,0,0,155.0,26.0
43.784339,-79.394687,Intersection Related,Clear,Daylight,Dry,Non-Fatal Injury,Rear End,Driver,unknown,None,Unknown,0,0,1,0,0,0,0,,1,1,0,0,0,152.0,51.0
43.72959,-79.471462,At Intersection,Clear,"Dark, artificial",Dry,Fatal,Turning Movement,Driver,50 to 54,Minor,Normal,0,0,1,1,0,0,0,Yes,1,1,0,0,0,155.0,26.0
43.792399,-79.445743,At Intersection,Rain,Daylight,Wet,Non-Fatal Injury,Pedestrian Collisions,Pedestrian,40 to 44,Major,,1,0,1,0,0,0,0,,0,1,1,0,0,36.0,36.0
43.651801,-79.436343,At Intersection,Clear,Daylight,Dry,Fatal,Pedestrian Collisions,Pedestrian,55 to 59,Fatal,,1,0,1,0,0,0,0,,0,1,0,0,0,84.0,84.0
43.645556,-79.369815,At Intersection,Clear,"Dark, artificial",Dry,Non-Fatal Injury,Rear End,Driver,25 to 29,None,Normal,0,0,1,0,0,0,0,,1,1,0,0,0,166.0,77.0
43.769263,-79.412891,At Intersection,Clear,Daylight,Dry,Fatal,Pedestrian Collisions,Driver,60 to 64,Minor,Unknown,1,0,1,0,0,0,0,,0,0,0,0,0,151.0,51.0
43.74137,-79.590785,Non Intersection,Clear,Daylight,Dry,Non-Fatal Injury,Approaching,Passenger,15 to 19,Major,,0,0,1,0,0,0,0,Yes,1,1,0,0,0,2.0,2.0
43.698161,-79.38647,At Intersection,Clear,"Dark, artificial",Dry,Non-Fatal Injury,Pedestrian Collisions,Driver,75 to 79,None,Inattentive,1,0,1,0,0,0,0,,0,1,0,0,0,99.0,99.0
43.801047,-79.406238,At Intersection,Clear,Daylight,Dry,Non-Fatal Injury,Turning Movement,Driver,75 to 79,Minor,Inattentive,0,0,1,0,0,0,0,Yes,0,1,0,0,0,50.0,50.0
43.642317,-79.383968,At Intersection,Clear,Daylight,Dry,Non-Fatal Injury,Cyclist Collisions,Truck Driver,40 to 44,None,Inattentive,0,1,0,0,1,0,0,,0,0,0,0,0,165.0,77.0
43.792399,-79.445743,At Intersection,Rain,Daylight,Wet,Non-Fatal Injury,Pedestrian Collisions,Driver,unknown,None,Unknown,1,0,1,0,0,0,0,,0,1,1,0,0,36.0,36.0
43.769263,-79.412891,At Intersection,Clear,Daylight,Dry,Fatal,Pedestrian Collisions,Pedestrian,65 to 69,Fatal,,1,0,1,0,0,0,0,,0,0,0,0,0,151.0,51.0
43.642317,-79.383968,At Intersection,Clear,Daylight,Dry,Non-Fatal Injury,Cyclist Collisions,Cyclist,35 to 39,Major,,0,1,0,0,1,0,0,,0,0,0,0,0,165.0,77.0
43.752669,-79.259059,At/Near Private Drive,Clear,Daylight,Dry,Non-Fatal Injury,Turning Movement,Motorcycle Driver,35 to 39,Major,Normal,0,0,1,1,0,0,0,,1,1,0,0,0,157.0,127.0
43.645556,-79.369815,At Intersection,Clear,"Dark, artificial",Dry,Non-Fatal Injury,Rear End,Driver,30 to 34,Major,Normal,0,0,1,0,0,0,0,,1,1,0,0,0,166.0,77.0
43.698161,-79.38647,At Intersection,Clear,"Dark, artificial",Dry,Non-Fatal Injury,Pedestrian Collisions,Pedestrian,65 to 69,Major,,1,0,1,0,0,0,0,,0,1,0,0,0,99.0,99.0
43.700907,-79.515689,Non Intersection,Clear,Dark,Dry,Non-Fatal Injury,Pedestrian Collisions,Driver,unknown,None,Unknown,1,0,1,0,0,0,0,,0,0,0,0,0,113.0,113.0
43.801047,-79.406238,At Intersection,Clear,Daylight,Dry,Non-Fatal Injury,Turning Movement,Driver,75 to 79,Major,Normal,0,0,1,0,0,0,0,Yes,0,1,0,0,0,50.0,50.0
43.72959,-79.471462,At Intersection,Clear,"Dark, artificial",Dry,Fatal,Turning Movement,Motorcycle Passenger,20 to 24,Fatal,,0,0,1,1,0,0,0,Yes,1,1,0,0,0,155.0,26.0
43.811175,-79.360767,At Intersection,Clear,Daylight,Dry,Non-Fatal Injury,Angle,Driver,60 to 64,Major,Unknown,0,0,1,0,1,0,0,,0,1,1,0,0,48.0,48.0
43.801047,-79.406238,At Intersection,Clear,Daylight,Dry,Non-Fatal Injury,Turning Movement,Driver,40 to 44,Minor,Normal,0,0,1,0,0,0,0,Yes,0,1,0,0,0,50.0,50.0
43.645556,-79.369815,At Intersection,Clear,"Dark, artificial",Dry,Non-Fatal Injury,Rear End,Driver,25 to 29,None,Normal,0,0,1,0,0,0,0,,1,1,0,0,0,166.0,77.0
43.752669,-79.259059,At/Near Private Drive,Clear,Daylight,Dry,Non-Fatal Injury,Turning Movement,Driver,60 to 64,None,Normal,0,0,1,1,0,0,0,,1,1,0,0,0,157.0,127.0
43.700907,-79.515689,Non Intersection,Clear,Dark,Dry,Non-Fatal Injury,Pedestrian Collisions,Pedestrian,50 to 54,Major,,1,0,1,0,0,0,0,,0,0,0,0,0,113.0,113.0
43.662856,-79.367381,Non Intersection,Clear,Daylight,Dry,Non-Fatal Injury,Cyclist Collisions,Driver,unknown,None,Inattentive,0,1,1,0,0,0,0,,0,0,0,0,0,71.0,71.0
43.765433,-79.291316,,Clear,Dark,Dry,Fatal,Pedestrian Collisions,Pedestrian,55 to 59,Fatal,,1,0,1,0,0,0,0,,0,0,0,0,0,126.0,126.0
43.698104,-79.38644,At Intersection,Clear,"Dark, artificial",Dry,Non-Fatal Injury,Pedestrian Collisions,Driver,75 to 79,None,Inattentive,1,0,1,0,0,0,0,,0,1,0,0,0,99.0,99.0
43.811175,-79.360767,At Intersection,Clear,Daylight,Dry,Non-Fatal Injury,Angle,Truck Driver,65 to 69,None,Normal,0,0,1,0,1,0,0,,0,1,1,0,0,48.0,48.0
43.801047,-79.406238,At Intersection,Clear,Daylight,Dry,Non-Fatal Injury,Turning Movement,Passenger,10 to 14,None,,0,0,1,0,0,0,0,Yes,0,1,0,0,0,50.0,50.0
43.645556,-79.369815,At Intersection,Clear,"Dark, artificial",Dry,Non-Fatal Injury,Rear End,Driver,25 to 29,None,Normal,0,0,1,0,0,0,0,,1,1,0,0,0,166.0,77.0
43.769263,-79.412891,At Intersection,Clear,Daylight,Dry,Fatal,Pedestrian Collisions,Pedestrian,55 to 59,Major,,1,0,1,0,0,0,0,,0,0,0,0,0,151.0,51.0
43.63745,-79.434711,,Clear,"Dark, artificial",Dry,Fatal,Pedestrian Collisions,Driver,25 to 29,None,Inattentive,1,0,1,0,0,0,0,,0,1,0,0,0,85.0,85.0
43.662856,-79.367381,Non Intersection,Clear,Daylight,Dry,Non-Fatal Injury,Cyclist Collisions,Cyclist,60 to 64,Major,,0,1,1,0,0,0,0,,0,0,0,0,0,71.0,71.0
43.698104,-79.38644,At Intersection,Clear,"Dark, artificial",Dry,Non-Fatal Injury,Pedestrian Collisions,Pedestrian,65 to 69,Major,,1,0,1,0,0,0,0,,0,1,0,0,0,99.0,99.0
43.636389,-79.472293,Non Intersection,Clear,Daylight,Dry,Non-Fatal Injury,Pedestrian Collisions,Truck Driver,35 to 39,None,Normal,1,0,0,0,1,0,0,,0,0,0,0,0,87.0,87.0
43.765433,-79.291316,,Clear,Dark,Dry,Fatal,Pedestrian Collisions,Driver,55 to 59,None,Normal,1,0,1,0,0,0,0,,0,0,0,0,0,126.0,126.0
43.769263,-79.412891,At Intersection,Clear,Daylight,Dry,Fatal,Pedestrian Collisions,Pedestrian,65 to 69,Major,,1,0,1,0,0,0,0,,0,0,0,0,0,151.0,51.0
43.723372,-79.302089,Intersection Related,Other,Daylight,Dry,Fatal,Cyclist Collisions,Driver,45 to 49,None,Inattentive,0,1,1,0,0,0,0,,0,0,0,0,0,120.0,120.0
43.63745,-79.434711,,Clear,"Dark, artificial",Dry,Fatal,Pedestrian Collisions,Pedestrian,35 to 39,Fatal,,1,0,1,0,0,0,0,,0,1,0,0,0,85.0,85.0
43.654135,-79.480563,At Intersection,Clear,Daylight,Dry,Non-Fatal Injury,Pedestrian Collisions,Driver,25 to 29,None,Normal,1,0,1,0,0,0,0,,0,1,0,0,0,89.0,89.0
43.774005,-79.351894,Non Intersection,Snow,Daylight,Packed Snow,Non-Fatal Injury,Sideswipe,Driver,30 to 34,Major,Normal,0,0,1,0,0,0,0,,0,0,0,0,0,53.0,53.0
43.623171,-79.481792,,Clear,Daylight,Dry,Fatal,Pedestrian Collisions,Pedestrian,70 to 74,Fatal,,1,0,0,0,1,0,0,,0,0,0,0,0,161.0,17.0
43.636389,-79.472293,Non Intersection,Clear,Daylight,Dry,Non-Fatal Injury,Pedestrian Collisions,Pedestrian,55 to 59,Major,,1,0,0,0,1,0,0,,0,0,0,0,0,87.0,87.0
43.774005,-79.351894,Non Intersection,Snow,Daylight,Packed Snow,Non-Fatal Injury,Sideswipe,Driver,unknown,None,Unknown,0,0,1,0,0,0,0,,0,0,0,0,0,53.0,53.0
43.80704,-79.288791,At Intersection,Clear,Daylight,Dry,Non-Fatal Injury,Pedestrian Collisions,Driver,35 to 39,None,Unknown,1,0,1,0,0,0,0,,0,1,0,0,0,129.0,129.0
43.769263,-79.412891,At Intersection,Clear,Daylight,Dry,Fatal,Pedestrian Collisions,Pedestrian,55 to 59,Minor,,1,0,1,0,0,0,0,,0,0,0,0,0,151.0,51.0
43.723372,-79.302089,Intersection Related,Other,Daylight,Dry,Fatal,Cyclist Collisions,Cyclist,70 to 74,Fatal,,0,1,1,0,0,0,0,,0,0,0,0,0,120.0,120.0
43.735106,-79.357433,Non Intersection,Clear,Daylight,Dry,Non-Fatal Injury,SMV Other,Driver,65 to 69,Major,Medical or Physical Disability,0,0,1,0,0,0,0,,1,1,0,0,1,42.0,42.0
43.654135,-79.480563,At Intersection,Clear,Daylight,Dry,Non-Fatal Injury,Pedestrian Collisions,Pedestrian,75 to 79,Major,,1,0,1,0,0,0,0,,0,1,0,0,0,89.0,89.0
43.651831,-79.570003,Non Intersection,Clear,Daylight,Dry,Non-Fatal Injury,SMV Other,Driver,75 to 79,Major,Unknown,0,0,1,0,0,0,0,,1,1,0,0,0,13.0,13.0
43.623171,-79.481792,,Clear,Daylight,Dry,Fatal,Pedestrian Collisions,Truck Driver,25 to 29,None,Unknown,1,0,0,0,1,0,0,,0,0,0,0,0,161.0,17.0
43.768603,-79.18523,Non Intersection,Clear,Daylight,Dry,Non-Fatal Injury,Turning Movement,Driver,45 to 49,None,Normal,0,0,1,1,0,0,0,,0,0,0,0,0,136.0,136.0
43.80704,-79.288791,At Intersection,Clear,Daylight,Dry,Non-Fatal Injury,Pedestrian Collisions,Pedestrian,40 to 44,Major,,1,0,1,0,0,0,0,,0,1,0,0,0,129.0,129.0
43.768603,-79.18523,Non Intersection,Clear,Daylight,Dry,Non-Fatal Injury,Turning Movement,Motorcycle Driver,65 to 69,Major,Normal,0,0,1,1,0,0,0,,0,0,0,0,0,136.0,136.0
43.811907,-79.357539,At Intersection,Clear,Daylight,Wet,Non-Fatal Injury,Pedestrian Collisions,Driver,60 to 64,None,Normal,1,0,0,0,1,0,0,,0,1,0,0,0,48.0,48.0
43.680781,-79.310748,Intersection Related,Clear,"Dark, artificial",Dry,Non-Fatal Injury,Other,Driver,40 to 44,None,Normal,0,0,1,0,0,0,0,Yes,0,0,0,0,0,62.0,62.0
43.650695,-79.540759,Non Intersection,Clear,Dark,Dry,Fatal,SMV Other,Driver,35 to 39,Major,Had Been Drinking,0,0,1,0,0,0,0,Yes,1,1,0,0,0,158.0,14.0
43.648215,-79.370921,At Intersection,Clear,Daylight,Dry,Non-Fatal Injury,Pedestrian Collisions,Driver,15 to 19,None,Unknown,1,0,1,0,0,0,0,,0,1,0,0,0,166.0,77.0
43.814582,-79.213184,Intersection Related,Clear,"Dark, artificial",Dry,Non-Fatal Injury,SMV Other,Driver,20 to 24,None,Unknown,0,0,1,0,0,0,0,Yes,1,1,0,0,0,146.0,132.0
43.621318,-79.525058,Non Intersection,Clear,"Dark, artificial",Wet,Non-Fatal Injury,Turning Movement,Motorcycle Driver,25 to 29,Major,Normal,0,0,0,1,0,0,0,,0,1,0,0,0,159.0,14.0
43.650695,-79.540759,Non Intersection,Clear,Dark,Dry,Fatal,SMV Other,Passenger,40 to 44,Fatal,,0,0,1,0,0,0,0,Yes,1,1,0,0,0,158.0,14.0
43.651946,-79.37775,At Intersection,Clear,"Dark, artificial",Dry,Non-Fatal Injury,Angle,Motorcycle Driver,20 to 24,Major,Inattentive,0,0,1,1,0,0,0,Yes,0,1,1,0,0,168.0,75.0
43.680781,-79.310748,Intersection Related,Clear,"Dark, artificial",Dry,Non-Fatal Injury,Other,Passenger,25 to 29,Major,,0,0,1,0,0,0,0,Yes,0,0,0,0,0,62.0,62.0
43.648215,-79.370921,At Intersection,Clear,Daylight,Dry,Non-Fatal Injury,Pedestrian Collisions,Pedestrian,20 to 24,Major,,1,0,1,0,0,0,0,,0,1,0,0,0,166.0,77.0
43.811907,-79.357539,At Intersection,Clear,Daylight,Wet,Non-Fatal Injury,Pedestrian Collisions,Pedestrian,30 to 34,Major,,1,0,0,0,1,0,0,,0,1,0,0,0,48.0,48.0
43.621318,-79.525058,Non Intersection,Clear,"Dark, artificial",Wet,Non-Fatal Injury,Turning Movement,Driver,unknown,None,Unknown,0,0,0,1,0,0,0,,0,1,0,0,0,159.0,14.0
43.814582,-79.213184,Intersection Related,Clear,"Dark, artificial",Dry,Non-Fatal Injury,SMV Other,Passenger,20 to 24,Minor,,0,0,1,0,0,0,0,Yes,1,1,0,0,0,146.0,132.0
43.663966,-79.521785,At Intersection,Clear,Daylight,Dry,Non-Fatal Injury,Cyclist Collisions,Cyclist,45 to 49,Major,,0,1,1,0,0,0,0,,0,0,0,0,0,9.0,9.0
43.719813,-79.513789,At Intersection,Clear,Daylight,Dry,Non-Fatal Injury,Turning Movement,Driver,25 to 29,Major,Inattentive,0,0,1,0,0,0,0,,0,1,0,0,0,154.0,26.0
43.710574,-79.393894,At Intersection,Clear,Daylight,Dry,Non-Fatal Injury,Pedestrian Collisions,Driver,55 to 59,None,Normal,1,0,0,0,0,0,1,,0,1,0,0,0,173.0,104.0
43.719813,-79.513789,At Intersection,Clear,Daylight,Dry,Non-Fatal Injury,Turning Movement,Driver,45 to 49,Minor,Normal,0,0,1,0,0,0,0,,0,1,0,0,0,154.0,26.0
43.710574,-79.393894,At Intersection,Clear,Daylight,Dry,Non-Fatal Injury,Pedestrian Collisions,Pedestrian,25 to 29,Major,,1,0,0,0,0,0,1,,0,1,0,0,0,173.0,104.0
43.717257,-79.595607,At Intersection,Rain,"Dark, artificial",Wet,Non-Fatal Injury,Cyclist Collisions,Driver,25 to 29,None,Normal,0,1,1,0,0,0,0,Yes,0,0,0,0,0,1.0,1.0
43.814582,-79.213184,Intersection Related,Clear,"Dark, artificial",Dry,Non-Fatal Injury,SMV Other,Passenger,15 to 19,Major,,0,0,1,0,0,0,0,Yes,1,1,0,0,0,146.0,132.0
43.733313,-79.452823,At Intersection,Clear,Daylight,Dry,Non-Fatal Injury,Cyclist Collisions,Driver,50 to 54,None,Normal,0,1,1,0,0,0,0,,0,0,0,0,0,33.0,33.0
43.77582,-79.337749,,Clear,Daylight,Wet,Fatal,Turning Movement,Passenger,50 to 54,Fatal,,0,0,1,0,0,0,0,Yes,0,1,1,0,0,53.0,53.0
43.663966,-79.521785,At Intersection,Clear,Daylight,Dry,Non-Fatal Injury,Cyclist Collisions,Driver,30 to 34,None,Normal,0,1,1,0,0,0,0,,0,0,0,0,0,9.0,9.0
43.77582,-79.337749,,Clear,Daylight,Wet,Fatal,Turning Movement,Driver,20 to 24,Minimal,Inattentive,0,0,1,0,0,0,0,Yes,0,1,1,0,0,53.0,53.0
43.651946,-79.37775,At Intersection,Clear,"Dark, artificial",Dry,Non-Fatal Injury,Angle,Driver,30 to 34,None,Normal,0,0,1,1,0,0,0,Yes,0,1,1,0,0,168.0,75.0
43.786685,-79.384326,At Intersection,Clear,Daylight,Dry,Non-Fatal Injury,Cyclist Collisions,Driver,85 to 89,None,Inattentive,0,1,1,0,0,0,0,Yes,0,1,0,0,0,52.0,52.0
43.717257,-79.595607,At Intersection,Rain,"Dark, artificial",Wet,Non-Fatal Injury,Cyclist Collisions,Passenger,30 to 34,None,,0,1,1,0,0,0,0,Yes,0,0,0,0,0,1.0,1.0
43.76113,-79.448695,Non Intersection,Clear,Daylight,Dry,Fatal,SMV Other,Driver,85 to 89,Major,Unknown,0,0,1,0,0,0,0,Yes,0,0,0,0,0,34.0,34.0
43.733313,-79.452823,At Intersection,Clear,Daylight,Dry,Non-Fatal Injury,Cyclist Collisions,Cyclist,20 to 24,Major,,0,1,1,0,0,0,0,,0,0,0,0,0,33.0,33.0
43.656211,-79.408946,At Intersection,Clear,"Dark, artificial",Dry,Non-Fatal Injury,Cyclist Collisions,Driver,30 to 34,None,Unknown,0,1,1,0,0,0,0,,1,1,0,0,0,81.0,81.0
43.651946,-79.37775,At Intersection,Clear,"Dark, artificial",Dry,Non-Fatal Injury,Angle,Passenger,30 to 34,None,,0,0,1,1,0,0,0,Yes,0,1,1,0,0,168.0,75.0
43.717257,-79.595607,At Intersection,Rain,"Dark, artificial",Wet,Non-Fatal Injury,Cyclist Collisions,Passenger,10 to 14,None,,0,1,1,0,0,0,0,Yes,0,0,0,0,0,1.0,1.0
43.786685,-79.384326,At Intersection,Clear,Daylight,Dry,Non-Fatal Injury,Cyclist Collisions,Cyclist,45 to 49,Major,,0,1,1,0,0,0,0,Yes,0,1,0,0,0,52.0,52.0
43.76113,-79.448695,Non Intersection,Clear,Daylight,Dry,Fatal,SMV Other,Passenger,90 to 94,Fatal,,0,0,1,0,0,0,0,Yes,0,0,0,0,0,34.0,34.0
43.77582,-79.337749,,Clear,Daylight,Wet,Fatal,Turning Movement,Driver,40 to 44,Minor,Normal,0,0,1,0,0,0,0,Yes,0,1,1,0,0,53.0,53.0
43.656211,-79.408946,At Intersection,Clear,"Dark, artificial",Dry,Non-Fatal Injury,Cyclist Collisions,Cyclist,50 to 54,Major,,0,1,1,0,0,0,0,,1,1,0,0,0,81.0,81.0
43.633349,-79.435138,Non Intersection,Clear,Daylight,Dry,Fatal,SMV Other,Motorcycle Driver,55 to 59,Fatal,Unknown,0,0,0,1,0,0,0,,0,0,0,0,0,85.0,85.0
43.651946,-79.37775,At Intersection,Clear,"Dark, artificial",Dry,Non-Fatal Injury,Angle,Passenger,35 to 39,None,,0,0,1,1,0,0,0,Yes,0,1,1,0,0,168.0,75.0
43.805159,-79.20087,Non Intersection,Clear,"Dawn, artificial",Dry,Fatal,Rear End,Driver,50 to 54,Fatal,Unknown,0,0,1,0,0,1,0,,0,0,0,0,0,146.0,132.0
43.676829,-79.564204,At Intersection,Clear,Dark,Dry,Non-Fatal Injury,Angle,Driver,unknown,None,Unknown,0,0,1,0,0,0,0,Yes,0,1,1,0,0,7.0,7.0
43.717257,-79.595607,At Intersection,Rain,"Dark, artificial",Wet,Non-Fatal Injury,Cyclist Collisions,Passenger,10 to 14,None,,0,1,1,0,0,0,0,Yes,0,0,0,0,0,1.0,1.0
43.786685,-79.384326,At Intersection,Clear,Daylight,Dry,Non-Fatal Injury,Cyclist Collisions,Passenger,80 to 84,None,,0,1,1,0,0,0,0,Yes,0,1,0,0,0,52.0,52.0
43.654898,-79.420261,Non Intersection,Clear,Daylight,Dry,Non-Fatal Injury,Cyclist Collisions,Driver,35 to 39,None,Normal,0,1,1,0,0,0,0,Yes,0,1,0,0,0,81.0,81.0
43.694125,-79.328006,At Intersection,Clear,"Dusk, artificial",Dry,Fatal,Pedestrian Collisions,Pedestrian,40 to 44,Fatal,,1,0,1,0,0,0,0,,0,0,0,0,0,59.0,59.0
43.651946,-79.37775,At Intersection,Clear,"Dark, artificial",Dry,Non-Fatal Injury,Angle,Passenger,35 to 39,None,,0,0,1,1,0,0,0,Yes,0,1,1,0,0,168.0,75.0
43.651946,-79.37775,At Intersection,Clear,"Dark, artificial",Dry,Non-Fatal Injury,Angle,Passenger,30 to 34,None,,0,0,1,1,0,0,0,Yes,0,1,1,0,0,168.0,75.0
43.676829,-79.564204,At Intersection,Clear,Dark,Dry,Non-Fatal Injury,Angle,Driver,unknown,None,Unknown,0,0,1,0,0,0,0,Yes,0,1,1,0,0,7.0,7.0
43.805159,-79.20087,Non Intersection,Clear,"Dawn, artificial",Dry,Fatal,Rear End,Driver,30 to 34,Minimal,Normal,0,0,1,0,0,1,0,,0,0,0,0,0,146.0,132.0
43.674712,-79.396594,At Intersection,Clear,"Dark, artificial",Dry,Fatal,Cyclist Collisions,Cyclist,25 to 29,Fatal,,0,1,1,0,0,0,0,,0,0,0,0,0,95.0,95.0
43.717257,-79.595607,At Intersection,Rain,"Dark, artificial",Wet,Non-Fatal Injury,Cyclist Collisions,Passenger,5 to 9,None,,0,1,1,0,0,0,0,Yes,0,0,0,0,0,1.0,1.0
43.694125,-79.328006,At Intersection,Clear,"Dusk, artificial",Dry,Fatal,Pedestrian Collisions,Driver,75 to 79,None,Inattentive,1,0,1,0,0,0,0,,0,0,0,0,0,59.0,59.0
43.654898,-79.420261,Non Intersection,Clear,Daylight,Dry,Non-Fatal Injury,Cyclist Collisions,Cyclist,25 to 29,Major,,0,1,1,0,0,0,0,Yes,0,1,0,0,0,81.0,81.0
43.651946,-79.37775,At Intersection,Clear,"Dark, artificial",Dry,Non-Fatal Injury,Angle,Passenger,40 to 44,None,,0,0,1,1,0,0,0,Yes,0,1,1,0,0,168.0,75.0
43.717257,-79.595607,At Intersection,Rain,"Dark, artificial",Wet,Non-Fatal Injury,Cyclist Collisions,Cyclist,75 to 79,Major,,0,1,1,0,0,0,0,Yes,0,0,0,0,0,1.0,1.0
43.676829,-79.564204,At Intersection,Clear,Dark,Dry,Non-Fatal Injury,Angle,Passenger,20 to 24,Major,,0,0,1,0,0,0,0,Yes,0,1,1,0,0,7.0,7.0
43.700125,-79.387805,Intersection Related,Clear,Daylight,Dry,Non-Fatal Injury,Pedestrian Collisions,Driver,25 to 29,None,Normal,1,0,1,0,0,0,0,,0,1,0,0,0,174.0,104.0
43.674712,-79.396594,At Intersection,Clear,"Dark, artificial",Dry,Fatal,Cyclist Collisions,Driver,15 to 19,None,Unknown,0,1,1,0,0,0,0,,0,0,0,0,0,95.0,95.0
43.652587,-79.411456,Non Intersection,Snow,"Dark, artificial",Packed Snow,Non-Fatal Injury,SMV Other,Driver,30 to 34,Major,Medical or Physical Disability,0,0,1,0,0,0,0,,0,0,0,0,1,81.0,81.0
43.649317,-79.420772,Non Intersection,Clear,"Dark, artificial",Dry,Non-Fatal Injury,Pedestrian Collisions,Driver,20 to 24,None,Normal,1,0,1,0,0,0,0,,0,0,0,0,0,81.0,81.0
43.654898,-79.420261,Non Intersection,Clear,Daylight,Dry,Non-Fatal Injury,Cyclist Collisions,Passenger,20 to 24,Minimal,,0,1,1,0,0,0,0,Yes,0,1,0,0,0,81.0,81.0
43.785002,-79.312938,At Intersection,Clear,Daylight,Dry,Non-Fatal Injury,Turning Movement,Driver,45 to 49,None,Inattentive,0,0,1,1,0,0,0,Yes,1,1,0,0,0,118.0,118.0
43.717486,-79.448962,At Intersection,Clear,"Dark, artificial",Dry,Non-Fatal Injury,Pedestrian Collisions,Driver,65 to 69,None,Normal,1,0,1,0,0,0,0,,0,1,0,0,0,31.0,31.0