LATITUDE,LONGITUDE,ACCLOC,VISIBILITY,LIGHT,RDSFCOND,ACCLASS,IMPACTYPE,INVTYPE,INVAGE,INJURY,DRIVCOND,PEDESTRIAN,CYCLIST,AUTOMOBILE,MOTORCYCLE,TRUCK,TRSN_CITY_VEH,EMERG_VEH,PASSENGER,SPEEDING,AG_DRIV,REDLIGHT,ALCOHOL,DISABILITY,HOOD_158,HOOD_140
43.797381,-79.312274,At Intersection,"Fog, Mist, Smoke, Dust","Dark, artificial",Wet,Non-Fatal Injury,Pedestrian Collisions,Pedestrian,55 to 59,Major,,1,0,1,0,0,0,0,,0,1,0,0,0,148.0,117.0
43.807837,-79.262576,Non Intersection,Clear,Daylight,Dry,Non-Fatal Injury,Approaching,Passenger,10 to 14,None,,0,0,1,0,0,0,0,Yes,0,0,0,0,0,129.0,129.0
43.774325,-79.266902,Non Intersection,Clear,Daylight,Dry,Non-Fatal Injury,Turning Movement,Passenger,60 to 64,None,,0,0,1,1,0,0,0,Yes,0,0,0,0,0,156.0,127.0
43.654051,-79.379962,At Intersection,Clear,"Dark, artificial",Dry,Non-Fatal Injury,Approaching,Passenger,15 to 19,Minor,,0,0,1,0,0,0,0,Yes,0,0,0,0,1,168.0,75.0
43.743254,-79.582095,At Intersection,Clear,"Dark, artificial",Dry,Non-Fatal Injury,Rear End,Passenger,25 to 29,Major,,0,0,1,0,0,0,0,Yes,0,1,0,0,0,3.0,3.0
43.696978,-79.546687,At Intersection,Clear,Dark,Dry,Non-Fatal Injury,Pedestrian Collisions,Pedestrian,10 to 14,Major,,1,0,1,0,0,0,0,,0,0,0,0,0,6.0,6.0
43.767913,-79.271098,At Intersection,Clear,"Dark, artificial",Dry,Fatal,Turning Movement,Passenger,10 to 14,None,,0,0,1,0,0,0,0,Yes,0,0,0,0,0,156.0,127.0
43.769412,-79.282245,At Intersection,Clear,Daylight,Wet,Non-Fatal Injury,Turning Movement,Motorcycle Driver,50 to 54,Major,Normal,0,0,1,1,0,0,0,,0,1,0,0,0,126.0,126.0
43.82297,-79.272441,At Intersection,Rain,"Dark, artificial",Wet,Non-Fatal Injury,Pedestrian Collisions,Driver,unknown,None,Unknown,1,0,0,0,0,0,0,,0,1,0,0,0,130.0,130.0
43.780757,-79.23347,Non Intersection,Clear,Daylight,Dry,Non-Fatal Injury,Pedestrian Collisions,Truck Driver,20 to 24,Major,Normal,1,0,0,0,1,0,0,,0,0,0,0,0,142.0,137.0
43.654051,-79.379962,At Intersection,Clear,"Dark, artificial",Dry,Non-Fatal Injury,Approaching,Passenger,10 to 14,Major,,0,0,1,0,0,0,0,Yes,0,0,0,0,1,168.0,75.0
43.798983,-79.30598,At Intersection,Clear,Daylight,Dry,Non-Fatal Injury,Pedestrian Collisions,Driver,55 to 59,None,Normal,1,0,1,0,0,0,0,,0,1,0,0,0,148.0,117.0
43.718352,-79.429553,At Intersection,Clear,"Dawn, artificial",Dry,Non-Fatal Injury,Pedestrian Collisions,Driver,60 to 64,None,Inattentive,1,0,1,0,0,0,0,,0,1,0,0,0,39.0,39.0
43.767913,-79.271098,At Intersection,Clear,"Dark, artificial",Dry,Fatal,Turning Movement,Passenger,10 to 14,None,,0,0,1,0,0,0,0,Yes,0,0,0,0,0,156.0,127.0
43.79584,-79.319309,At Intersection,Clear,Daylight,Dry,Non-Fatal Injury,Turning Movement,Driver,50 to 54,None,Normal,0,0,1,1,0,0,0,,0,1,0,0,0,147.0,117.0
43.82297,-79.272441,At Intersection,Rain,"Dark, artificial",Wet,Non-Fatal Injury,Pedestrian Collisions,Pedestrian,65 to 69,Major,,1,0,0,0,0,0,0,,0,1,0,0,0,130.0,130.0
43.780757,-79.23347,Non Intersection,Clear,Daylight,Dry,Non-Fatal Injury,Pedestrian Collisions,Pedestrian,15 to 19,None,,1,0,0,0,1,0,0,,0,0,0,0,0,142.0,137.0
43.763976,-79.205592,At Intersection,Clear,Dark,Dry,Non-Fatal Injury,Turning Movement,Driver,20 to 24,Minimal,Normal,0,0,1,0,0,0,0,Yes,0,0,0,0,0,141.0,137.0
43.763011,-79.317523,Intersection Related,Clear,"Dark, artificial",Dry,Non-Fatal Injury,Pedestrian Collisions,Driver,60 to 64,None,Unknown,1,0,1,0,0,0,0,,0,0,0,0,0,119.0,119.0
43.718352,-79.429553,At Intersection,Clear,"Dawn, artificial",Dry,Non-Fatal Injury,Pedestrian Collisions,Pedestrian,50 to 54,Major,,1,0,1,0,0,0,0,,0,1,0,0,0,39.0,39.0
43.798983,-79.30598,At Intersection,Clear,Daylight,Dry,Non-Fatal Injury,Pedestrian Collisions,Pedestrian,70 to 74,Major,,1,0,1,0,0,0,0,,0,1,0,0,0,148.0,117.0
43.79584,-79.319309,At Intersection,Clear,Daylight,Dry,Non-Fatal Injury,Turning Movement,Motorcycle Driver,20 to 24,Major,Normal,0,0,1,1,0,0,0,,0,1,0,0,0,147.0,117.0
43.81296,-79.243068,At Intersection,Clear,Daylight,Dry,Fatal,Pedestrian Collisions,Pedestrian,60 to 64,Fatal,,1,0,0,0,1,0,0,,0,1,0,0,0,145.0,132.0
43.830973,-79.275157,Intersection Related,Clear,"Dark, artificial",Dry,Non-Fatal Injury,Turning Movement,Driver,25 to 29,None,Normal,0,0,1,0,0,0,0,Yes,0,0,0,0,0,130.0,130.0
43.763976,-79.205592,At Intersection,Clear,Dark,Dry,Non-Fatal Injury,Turning Movement,Driver,15 to 19,None,Normal,0,0,1,0,0,0,0,Yes,0,0,0,0,0,141.0,137.0
43.763011,-79.317523,Intersection Related,Clear,"Dark, artificial",Dry,Non-Fatal Injury,Pedestrian Collisions,Pedestrian,70 to 74,Major,,1,0,1,0,0,0,0,,0,0,0,0,0,119.0,119.0
43.655329,-79.365749,Intersection Related,Clear,Daylight,Dry,Fatal,Pedestrian Collisions,Driver,30 to 34,None,Normal,1,0,1,0,0,0,0,,0,0,0,0,0,73.0,73.0
43.802954,-79.397296,Non Intersection,Clear,Daylight,Dry,Non-Fatal Injury,Other,Driver,55 to 59,None,Normal,0,0,0,0,0,1,0,Yes,0,0,0,0,0,50.0,50.0
43.808852,-79.171031,Intersection Related,Clear,"Dark, artificial",Dry,Fatal,Pedestrian Collisions,Driver,70 to 74,None,Normal,1,0,1,0,0,0,0,,0,0,0,0,0,144.0,131.0
43.802954,-79.397296,Non Intersection,Clear,Daylight,Dry,Non-Fatal Injury,Other,Passenger,55 to 59,Major,,0,0,0,0,0,1,0,Yes,0,0,0,0,0,50.0,50.0
43.735224,-79.279865,At Intersection,Clear,"Dark, artificial",Dry,Non-Fatal Injury,Pedestrian Collisions,Driver,65 to 69,None,Normal,1,0,1,0,0,0,0,,0,1,0,0,0,119.0,119.0
43.781737,-79.233882,At Intersection,Clear,Daylight,Dry,Non-Fatal Injury,Turning Movement,Driver,40 to 44,None,Inattentive,0,0,1,0,0,0,0,Yes,0,1,0,0,0,142.0,137.0
43.763976,-79.205592,At Intersection,Clear,Dark,Dry,Non-Fatal Injury,Turning Movement,Passenger,20 to 24,Major,,0,0,1,0,0,0,0,Yes,0,0,0,0,0,141.0,137.0
43.830973,-79.275157,Intersection Related,Clear,"Dark, artificial",Dry,Non-Fatal Injury,Turning Movement,Driver,40 to 44,None,Normal,0,0,1,0,0,0,0,Yes,0,0,0,0,0,130.0,130.0
43.81296,-79.243068,At Intersection,Clear,Daylight,Dry,Fatal,Pedestrian Collisions,Truck Driver,35 to 39,None,Normal,1,0,0,0,1,0,0,,0,1,0,0,0,145.0,132.0
43.808852,-79.171031,Intersection Related,Clear,"Dark, artificial",Dry,Fatal,Pedestrian Collisions,Pedestrian,35 to 39,Fatal,,1,0,1,0,0,0,0,,0,0,0,0,0,144.0,131.0
43.792102,-79.42686,At Intersection,Clear,"Dark, artificial",Dry,Non-Fatal Injury,Cyclist Collisions,Driver,unknown,None,Unknown,0,1,1,0,0,0,0,,0,1,0,0,0,36.0,36.0
43.735224,-79.279865,At Intersection,Clear,"Dark, artificial",Dry,Non-Fatal Injury,Pedestrian Collisions,Pedestrian,55 to 59,Major,,1,0,1,0,0,0,0,,0,1,0,0,0,119.0,119.0
43.781737,-79.233882,At Intersection,Clear,Daylight,Dry,Non-Fatal Injury,Turning Movement,Driver,35 to 39,Minimal,Normal,0,0,1,0,0,0,0,Yes,0,1,0,0,0,142.0,137.0
43.655329,-79.365749,Intersection Related,Clear,Daylight,Dry,Fatal,Pedestrian Collisions,Pedestrian,90 to 94,Fatal,,1,0,1,0,0,0,0,,0,0,0,0,0,73.0,73.0
43.763976,-79.205592,At Intersection,Clear,Dark,Dry,Non-Fatal Injury,Turning Movement,Passenger,20 to 24,None,,0,0,1,0,0,0,0,Yes,0,0,0,0,0,141.0,137.0
43.793559,-79.350398,At Intersection,Snow,"Dark, artificial",Wet,Non-Fatal Injury,Pedestrian Collisions,Driver,35 to 39,None,Unknown,1,0,1,0,0,0,0,Yes,0,0,0,0,0,47.0,47.0
43.688613,-79.542857,At Intersection,Clear,Daylight,Dry,Non-Fatal Injury,Angle,Driver,70 to 74,None,Inattentive,0,0,1,0,0,0,0,Yes,0,1,1,0,0,7.0,7.0
43.781737,-79.233882,At Intersection,Clear,Daylight,Dry,Non-Fatal Injury,Turning Movement,Passenger,5 to 9,Major,,0,0,1,0,0,0,0,Yes,0,1,0,0,0,142.0,137.0
43.830973,-79.275157,Intersection Related,Clear,"Dark, artificial",Dry,Non-Fatal Injury,Turning Movement,Driver,50 to 54,None,Normal,0,0,1,0,0,0,0,Yes,0,0,0,0,0,130.0,130.0
43.634429,-79.408733,At Intersection,Clear,Daylight,Dry,Non-Fatal Injury,Turning Movement,Driver,75 to 79,Major,Medical or Physical Disability,0,0,1,0,0,0,0,Yes,0,1,0,0,1,163.0,82.0
43.725833,-79.303104,,Rain,"Dark, artificial",Wet,Fatal,Pedestrian Collisions,Driver,50 to 54,None,Normal,1,0,1,0,0,0,0,,0,0,0,0,0,119.0,119.0
43.830973,-79.275157,Intersection Related,Clear,"Dark, artificial",Dry,Non-Fatal Injury,Turning Movement,Passenger,30 to 34,None,,0,0,1,0,0,0,0,Yes,0,0,0,0,0,130.0,130.0
43.634429,-79.408733,At Intersection,Clear,Daylight,Dry,Non-Fatal Injury,Turning Movement,Driver,25 to 29,Minimal,Normal,0,0,1,0,0,0,0,Yes,0,1,0,0,1,163.0,82.0
43.792102,-79.42686,At Intersection,Clear,"Dark, artificial",Dry,Non-Fatal Injury,Cyclist Collisions,Cyclist,55 to 59,Major,,0,1,1,0,0,0,0,,0,1,0,0,0,36.0,36.0
43.745635,-79.219951,Non Intersection,Clear,Daylight,Dry,Non-Fatal Injury,Rear End,Driver,20 to 24,None,Normal,0,0,1,0,0,0,0,Yes,0,1,0,0,0,139.0,139.0
43.793559,-79.350398,At Intersection,Snow,"Dark, artificial",Wet,Non-Fatal Injury,Pedestrian Collisions,Driver,45 to 49,Minimal,Normal,1,0,1,0,0,0,0,Yes,0,0,0,0,0,47.0,47.0
43.688613,-79.542857,At Intersection,Clear,Daylight,Dry,Non-Fatal Injury,Angle,Driver,40 to 44,Minor,Normal,0,0,1,0,0,0,0,Yes,0,1,1,0,0,7.0,7.0
43.663695,-79.359233,At Intersection,Clear,Daylight,Dry,Non-Fatal Injury,Turning Movement,Driver,30 to 34,None,Inattentive,0,0,1,1,0,0,0,Yes,0,1,1,0,0,72.0,72.0
43.725833,-79.303104,,Rain,"Dark, artificial",Wet,Fatal,Pedestrian Collisions,Pedestrian,55 to 59,Fatal,,1,0,1,0,0,0,0,,0,0,0,0,0,119.0,119.0
43.793559,-79.350398,At Intersection,Snow,"Dark, artificial",Wet,Non-Fatal Injury,Pedestrian Collisions,Passenger,20 to 24,Minimal,,1,0,1,0,0,0,0,Yes,0,0,0,0,0,47.0,47.0
43.793559,-79.350398,At Intersection,Snow,"Dark, artificial",Wet,Non-Fatal Injury,Pedestrian Collisions,Pedestrian,25 to 29,Major,,1,0,1,0,0,0,0,Yes,0,0,0,0,0,47.0,47.0
43.634429,-79.408733,At Intersection,Clear,Daylight,Dry,Non-Fatal Injury,Turning Movement,Passenger,45 to 49,Minimal,,0,0,1,0,0,0,0,Yes,0,1,0,0,1,163.0,82.0
43.745635,-79.219951,Non Intersection,Clear,Daylight,Dry,Non-Fatal Injury,Rear End,Driver,65 to 69,Minimal,Normal,0,0,1,0,0,0,0,Yes,0,1,0,0,0,139.0,139.0
43.830973,-79.275157,Intersection Related,Clear,"Dark, artificial",Dry,Non-Fatal Injury,Turning Movement,Passenger,40 to 44,Major,,0,0,1,0,0,0,0,Yes,0,0,0,0,0,130.0,130.0
43.663695,-79.359233,At Intersection,Clear,Daylight,Dry,Non-Fatal Injury,Turning Movement,Motorcycle Driver,45 to 49,Major,Normal,0,0,1,1,0,0,0,Yes,0,1,1,0,0,72.0,72.0
43.658259,-79.452983,At Intersection,Clear,Daylight,Dry,Fatal,Pedestrian Collisions,Pedestrian,65 to 69,Fatal,,1,0,1,0,0,0,0,,0,1,0,0,0,88.0,88.0
43.658259,-79.452983,At Intersection,Clear,Daylight,Dry,Fatal,Pedestrian Collisions,Driver,55 to 59,None,Inattentive,1,0,1,0,0,0,0,,0,1,0,0,0,88.0,88.0
43.688613,-79.542857,At Intersection,Clear,Daylight,Dry,Non-Fatal Injury,Angle,Passenger,0 to 4,Minor,,0,0,1,0,0,0,0,Yes,0,1,1,0,0,7.0,7.0
43.830973,-79.275157,Intersection Related,Clear,"Dark, artificial",Dry,Non-Fatal Injury,Turning Movement,Passenger,5 to 9,None,,0,0,1,0,0,0,0,Yes,0,0,0,0,0,130.0,130.0
43.674468,-79.563159,At Intersection,Clear,"Dark, artificial",Dry,Non-Fatal Injury,Turning Movement,Driver,35 to 39,None,Inattentive,0,0,1,1,0,0,0,Yes,0,1,0,0,0,10.0,10.0
43.760417,-79.570071,Intersection Related,Clear,"Dark, artificial",Dry,Fatal,Pedestrian Collisions,Driver,40 to 44,None,Inattentive,1,0,1,0,0,0,0,,0,1,0,0,0,21.0,21.0
43.663695,-79.359233,At Intersection,Clear,Daylight,Dry,Non-Fatal Injury,Turning Movement,Passenger,15 to 19,Major,,0,0,1,1,0,0,0,Yes,0,1,1,0,0,72.0,72.0
43.745635,-79.219951,Non Intersection,Clear,Daylight,Dry,Non-Fatal Injury,Rear End,Driver,40 to 44,Major,Normal,0,0,1,0,0,0,0,Yes,0,1,0,0,0,139.0,139.0
43.777014,-79.315486,Non Intersection,Clear,"Dark, artificial",Dry,Fatal,Pedestrian Collisions,Truck Driver,20 to 24,None,Normal,1,0,0,0,1,0,0,Yes,0,0,0,0,0,118.0,118.0
43.758048,-79.513431,At Intersection,Clear,"Dawn, artificial",Dry,Fatal,Pedestrian Collisions,Pedestrian,60 to 64,Fatal,,1,0,1,0,0,0,0,,0,0,0,0,0,25.0,25.0
43.745635,-79.219951,Non Intersection,Clear,Daylight,Dry,Non-Fatal Injury,Rear End,Passenger,60 to 64,Minimal,,0,0,1,0,0,0,0,Yes,0,1,0,0,0,139.0,139.0
43.777014,-79.315486,Non Intersection,Clear,"Dark, artificial",Dry,Fatal,Pedestrian Collisions,Passenger,20 to 24,None,,1,0,0,0,1,0,0,Yes,0,0,0,0,0,118.0,118.0
43.688613,-79.542857,At Intersection,Clear,Daylight,Dry,Non-Fatal Injury,Angle,Passenger,80 to 84,Major,,0,0,1,0,0,0,0,Yes,0,1,1,0,0,7.0,7.0
43.674468,-79.563159,At Intersection,Clear,"Dark, artificial",Dry,Non-Fatal Injury,Turning Movement,Motorcycle Driver,45 to 49,Major,Normal,0,0,1,1,0,0,0,Yes,0,1,0,0,0,10.0,10.0
43.760417,-79.570071,Intersection Related,Clear,"Dark, artificial",Dry,Fatal,Pedestrian Collisions,Pedestrian,80 to 84,Fatal,,1,0,1,0,0,0,0,,0,1,0,0,0,21.0,21.0
43.716998,-79.537273,Non Intersection,Clear,"Dark, artificial",Dry,Non-Fatal Injury,Rear End,Driver,40 to 44,Major,"Ability Impaired, Alcohol Over .08",0,0,1,0,1,0,0,Yes,0,1,0,1,0,23.0,23.0
43.674468,-79.563159,At Intersection,Clear,"Dark, artificial",Dry,Non-Fatal Injury,Turning Movement,Passenger,45 to 49,None,,0,0,1,1,0,0,0,Yes,0,1,0,0,0,10.0,10.0
43.745635,-79.219951,Non Intersection,Clear,Daylight,Dry,Non-Fatal Injury,Rear End,Passenger,15 to 19,None,,0,0,1,0,0,0,0,Yes,0,1,0,0,0,139.0,139.0
43.689231,-79.332736,,Clear,"Dawn, artificial",Wet,Fatal,Pedestrian Collisions,Pedestrian,85 to 89,Fatal,,1,0,1,0,0,0,0,,0,0,0,0,0,59.0,59.0
43.653514,-79.340778,At Intersection,Clear,Daylight,Dry,Non-Fatal Injury,Cyclist Collisions,Driver,60 to 64,None,Inattentive,0,1,1,0,0,0,0,Yes,0,1,0,0,0,70.0,70.0
43.777014,-79.315486,Non Intersection,Clear,"Dark, artificial",Dry,Fatal,Pedestrian Collisions,Passenger,20 to 24,None,,1,0,0,0,1,0,0,Yes,0,0,0,0,0,118.0,118.0
43.663642,-79.463794,At Intersection,Clear,Daylight,Dry,Non-Fatal Injury,Cyclist Collisions,Truck Driver,65 to 69,None,Inattentive,0,1,0,0,1,0,0,,0,0,0,0,0,90.0,90.0
43.716998,-79.537273,Non Intersection,Clear,"Dark, artificial",Dry,Non-Fatal Injury,Rear End,Truck Driver,50 to 54,None,Normal,0,0,1,0,1,0,0,Yes,0,1,0,1,0,23.0,23.0
43.758048,-79.513431,At Intersection,Clear,"Dawn, artificial",Dry,Fatal,Pedestrian Collisions,Driver,40 to 44,None,Normal,1,0,1,0,0,0,0,,0,0,0,0,0,25.0,25.0
43.674468,-79.563159,At Intersection,Clear,"Dark, artificial",Dry,Non-Fatal Injury,Turning Movement,Passenger,5 to 9,None,,0,0,1,1,0,0,0,Yes,0,1,0,0,0,10.0,10.0
43.653514,-79.340778,At Intersection,Clear,Daylight,Dry,Non-Fatal Injury,Cyclist Collisions,Cyclist,40 to 44,Major,,0,1,1,0,0,0,0,Yes,0,1,0,0,0,70.0,70.0
43.777014,-79.315486,Non Intersection,Clear,"Dark, artificial",Dry,Fatal,Pedestrian Collisions,Passenger,25 to 29,None,,1,0,0,0,1,0,0,Yes,0,0,0,0,0,118.0,118.0
43.682761,-79.463321,Intersection Related,Clear,Daylight,Dry,Non-Fatal Injury,Pedestrian Collisions,Driver,50 to 54,None,Normal,1,0,1,0,0,0,0,,0,1,0,0,0,110.0,110.0
43.663642,-79.463794,At Intersection,Clear,Daylight,Dry,Non-Fatal Injury,Cyclist Collisions,Cyclist,55 to 59,Major,,0,1,0,0,1,0,0,,0,0,0,0,0,90.0,90.0
43.682761,-79.463321,Intersection Related,Clear,Daylight,Dry,Non-Fatal Injury,Pedestrian Collisions,Pedestrian,70 to 74,Major,,1,0,1,0,0,0,0,,0,1,0,0,0,110.0,110.0
43.689231,-79.332736,,Clear,"Dawn, artificial",Wet,Fatal,Pedestrian Collisions,Driver,75 to 79,None,Inattentive,1,0,1,0,0,0,0,,0,0,0,0,0,59.0,59.0
43.716998,-79.537273,Non Intersection,Clear,"Dark, artificial",Dry,Non-Fatal Injury,Rear End,Passenger,40 to 44,Minor,,0,0,1,0,1,0,0,Yes,0,1,0,1,0,23.0,23.0
43.674468,-79.563159,At Intersection,Clear,"Dark, artificial",Dry,Non-Fatal Injury,Turning Movement,Passenger,0 to 4,None,,0,0,1,1,0,0,0,Yes,0,1,0,0,0,10.0,10.0
43.653514,-79.340778,At Intersection,Clear,Daylight,Dry,Non-Fatal Injury,Cyclist Collisions,Passenger,65 to 69,None,,0,1,1,0,0,0,0,Yes,0,1,0,0,0,70.0,70.0
43.818225,-79.284099,Non Intersection,Clear,Daylight,Dry,Non-Fatal Injury,SMV Unattended Vehicle,Motorcycle Driver,20 to 24,Major,Normal,0,0,0,1,0,0,0,,0,0,0,0,0,130.0,130.0
43.716998,-79.537273,Non Intersection,Clear,"Dark, artificial",Dry,Non-Fatal Injury,Rear End,Passenger,45 to 49,Major,,0,0,1,0,1,0,0,Yes,0,1,0,1,0,23.0,23.0
43.634425,-79.40874,Intersection Related,Clear,"Dark, artificial",Dry,Non-Fatal Injury,Pedestrian Collisions,Driver,35 to 39,None,Normal,1,0,1,0,0,0,0,Yes,0,0,0,0,0,163.0,82.0
43.674468,-79.563159,At Intersection,Clear,"Dark, artificial",Dry,Non-Fatal Injury,Turning Movement,Passenger,5 to 9,None,,0,0,1,1,0,0,0,Yes,0,1,0,0,0,10.0,10.0
43.723689,-79.494914,Non Intersection,Clear,"Dawn, artificial",Dry,Non-Fatal Injury,Approaching,Driver,20 to 24,Major,Normal,0,0,1,0,0,0,0,Yes,0,0,0,0,0,154.0,26.0
43.729033,-79.291698,Non Intersection,Clear,Daylight,Dry,Non-Fatal Injury,Pedestrian Collisions,Driver,40 to 44,None,Inattentive,1,0,1,0,0,0,0,,0,0,0,0,0,119.0,119.0
43.763491,-79.301257,At Intersection,Clear,Daylight,Dry,Non-Fatal Injury,Pedestrian Collisions,Driver,30 to 34,None,Normal,1,0,1,0,0,0,0,Yes,0,0,0,0,0,119.0,119.0
43.797373,-79.204799,At Intersection,Clear,"Dark, artificial",Dry,Non-Fatal Injury,SMV Other,Driver,40 to 44,Major,Inattentive,0,0,1,0,0,0,0,,1,1,0,0,0,146.0,132.0
43.671149,-79.382335,Intersection Related,Clear,Daylight,Dry,Non-Fatal Injury,Cyclist Collisions,Cyclist,40 to 44,Major,,0,1,1,0,0,0,0,,0,0,0,0,0,167.0,75.0
43.729033,-79.291698,Non Intersection,Clear,Daylight,Dry,Non-Fatal Injury,Pedestrian Collisions,Pedestrian,70 to 74,Major,,1,0,1,0,0,0,0,,0,0,0,0,0,119.0,119.0
43.723689,-79.494914,Non Intersection,Clear,"Dawn, artificial",Dry,Non-Fatal Injury,Approaching,Driver,45 to 49,Minor,Normal,0,0,1,0,0,0,0,Yes,0,0,0,0,0,154.0,26.0
43.634425,-79.40874,Intersection Related,Clear,"Dark, artificial",Dry,Non-Fatal Injury,Pedestrian Collisions,Passenger,30 to 34,None,,1,0,1,0,0,0,0,Yes,0,0,0,0,0,163.0,82.0
43.763491,-79.301257,At Intersection,Clear,Daylight,Dry,Non-Fatal Injury,Pedestrian Collisions,Passenger,30 to 34,None,,1,0,1,0,0,0,0,Yes,0,0,0,0,0,119.0,119.0
43.671149,-79.382335,Intersection Related,Clear,Daylight,Dry,Non-Fatal Injury,Cyclist Collisions,Driver,45 to 49,None,Normal,0,1,1,0,0,0,0,,0,0,0,0,0,167.0,75.0
43.763491,-79.301257,At Intersection,Clear,Daylight,Dry,Non-Fatal Injury,Pedestrian Collisions,Pedestrian,45 to 49,Major,,1,0,1,0,0,0,0,Yes,0,0,0,0,0,119.0,119.0
43.715689,-79.531894,At Intersection,Clear,Daylight,Dry,Non-Fatal Injury,Cyclist Collisions,Cyclist,15 to 19,Major,,0,1,1,0,0,0,0,,0,0,0,0,0,23.0,23.0
43.723689,-79.494914,Non Intersection,Clear,"Dawn, artificial",Dry,Non-Fatal Injury,Approaching,Passenger,20 to 24,Minimal,,0,0,1,0,0,0,0,Yes,0,0,0,0,0,154.0,26.0
43.647013,-79.387485,Non Intersection,Clear,Daylight,Dry,Non-Fatal Injury,Pedestrian Collisions,Driver,20 to 24,None,Normal,1,0,1,0,0,0,0,,0,0,0,0,0,164.0,77.0
43.634425,-79.40874,Intersection Related,Clear,"Dark, artificial",Dry,Non-Fatal Injury,Pedestrian Collisions,Pedestrian,30 to 34,Major,,1,0,1,0,0,0,0,Yes,0,0,0,0,0,163.0,82.0
43.647013,-79.387485,Non Intersection,Clear,Daylight,Dry,Non-Fatal Injury,Pedestrian Collisions,Pedestrian,65 to 69,Major,,1,0,1,0,0,0,0,,0,0,0,0,0,164.0,77.0
43.723689,-79.494914,Non Intersection,Clear,"Dawn, artificial",Dry,Non-Fatal Injury,Approaching,Passenger,0 to 4,Minimal,,0,0,1,0,0,0,0,Yes,0,0,0,0,0,154.0,26.0
43.795134,-79.341258,At Intersection,Clear,Daylight,Dry,Non-Fatal Injury,Pedestrian Collisions,Driver,80 to 84,None,Normal,1,0,1,0,0,0,0,,0,0,0,0,0,46.0,46.0
43.795134,-79.341258,At Intersection,Clear,Daylight,Dry,Non-Fatal Injury,Pedestrian Collisions,Pedestrian,70 to 74,Minor,,1,0,1,0,0,0,0,,0,0,0,0,0,46.0,46.0
43.76937,-79.388652,Non Intersection,Clear,"Dark, artificial",Dry,Non-Fatal Injury,Approaching,Driver,50 to 54,Major,Inattentive,0,0,1,0,0,0,0,Yes,0,0,0,0,0,52.0,52.0
43.748622,-79.462856,At/Near Private Drive,Clear,"Dark, artificial",Dry,Non-Fatal Injury,Turning Movement,Truck Driver,25 to 29,None,Inattentive,0,0,0,0,1,0,0,Yes,0,1,0,0,0,155.0,26.0
43.76937,-79.388652,Non Intersection,Clear,"Dark, artificial",Dry,Non-Fatal Injury,Approaching,Driver,60 to 64,Major,Normal,0,0,1,0,0,0,0,Yes,0,0,0,0,0,52.0,52.0
43.748622,-79.462856,At/Near Private Drive,Clear,"Dark, artificial",Dry,Non-Fatal Injury,Turning Movement,Passenger,30 to 34,Major,,0,0,0,0,1,0,0,Yes,0,1,0,0,0,155.0,26.0
43.697508,-79.349437,,Rain,"Dark, artificial",Wet,Fatal,SMV Other,Driver,20 to 24,Fatal,"Ability Impaired, Alcohol",0,0,1,0,0,0,0,,1,1,0,1,0,58.0,58.0
43.779742,-79.217136,At Intersection,Clear,"Dark, artificial",Dry,Fatal,Angle,Driver,25 to 29,Fatal,"Ability Impaired, Alcohol",0,0,1,0,0,0,0,,0,1,1,1,0,135.0,135.0
43.779742,-79.217136,At Intersection,Clear,"Dark, artificial",Dry,Fatal,Angle,Driver,20 to 24,None,Unknown,0,0,1,0,0,0,0,,0,1,1,1,0,135.0,135.0
43.744338,-79.299014,Non Intersection,Clear,"Dark, artificial",Dry,Non-Fatal Injury,Pedestrian Collisions,Driver,70 to 74,Major,Unknown,1,0,1,0,0,0,0,,0,1,0,0,0,119.0,119.0
43.744338,-79.299014,Non Intersection,Clear,"Dark, artificial",Dry,Non-Fatal Injury,Pedestrian Collisions,Pedestrian,25 to 29,None,,1,0,1,0,0,0,0,,0,1,0,0,0,119.0,119.0
43.78147,-79.224178,At/Near Private Drive,Clear,Dusk,Dry,Non-Fatal Injury,Cyclist Collisions,Cyclist,15 to 19,Major,,0,1,1,0,0,0,0,,0,0,0,0,0,142.0,137.0
43.681033,-79.428859,At Intersection,Clear,"Dark, artificial",Dry,Fatal,Pedestrian Collisions,Driver,25 to 29,None,Normal,1,0,0,0,0,1,0,,0,1,0,0,0,94.0,94.0