LATITUDE,LONGITUDE,ACCLOC,VISIBILITY,LIGHT,RDSFCOND,ACCLASS,IMPACTYPE,INVTYPE,INVAGE,INJURY,DRIVCOND,PEDESTRIAN,CYCLIST,AUTOMOBILE,MOTORCYCLE,TRUCK,TRSN_CITY_VEH,EMERG_VEH,PASSENGER,SPEEDING,AG_DRIV,REDLIGHT,ALCOHOL,DISABILITY,HOOD_158,HOOD_140
43.747023,-79.515086,At Intersection,Clear,Daylight,Dry,Non-Fatal Injury,Pedestrian Collisions,Driver,40 to 44,None,Inattentive,1,0,1,0,0,0,0,,0,1,0,0,0,25.0,25.0
43.700301,-79.386958,At Intersection,Clear,"Dark, artificial",Dry,Non-Fatal Injury,Pedestrian Collisions,Driver,70 to 74,None,Normal,1,0,1,0,0,0,0,,0,1,0,0,0,99.0,99.0
43.645068,-79.383418,Non Intersection,Clear,"Dusk, artificial",Wet,Non-Fatal Injury,Rear End,Motorcycle Driver,25 to 29,Major,Normal,0,0,1,1,0,0,0,,0,1,0,0,0,165.0,77.0
43.731806,-79.511264,At Intersection,Clear,Daylight,Dry,Fatal,Turning Movement,Motorcycle Driver,30 to 34,Fatal,Normal,0,0,1,1,0,0,0,,0,1,0,0,0,154.0,26.0
43.64765,-79.384799,Intersection Related,Rain,"Dusk, artificial",Wet,Non-Fatal Injury,Pedestrian Collisions,Pedestrian,25 to 29,Major,,1,0,1,0,0,0,0,,0,1,0,0,0,170.0,76.0
43.801058,-79.307475,Non Intersection,Snow,Dark,Wet,Non-Fatal Injury,Approaching,Passenger,25 to 29,Minor,,0,0,1,0,0,0,0,Yes,1,1,0,0,0,148.0,117.0
43.747023,-79.515086,At Intersection,Clear,Daylight,Dry,Non-Fatal Injury,Pedestrian Collisions,Pedestrian,55 to 59,Major,,1,0,1,0,0,0,0,,0,1,0,0,0,25.0,25.0
43.773787,-79.442966,At Intersection,Clear,Daylight,Dry,Non-Fatal Injury,Pedestrian Collisions,Pedestrian,75 to 79,Major,,1,0,0,0,0,0,0,,0,0,0,0,0,37.0,37.0
43.700301,-79.386958,At Intersection,Clear,"Dark, artificial",Dry,Non-Fatal Injury,Pedestrian Collisions,Pedestrian,50 to 54,Major,,1,0,1,0,0,0,0,,0,1,0,0,0,99.0,99.0
43.645068,-79.383418,Non Intersection,Clear,"Dusk, artificial",Wet,Non-Fatal Injury,Rear End,Driver,55 to 59,None,Normal,0,0,1,1,0,0,0,,0,1,0,0,0,165.0,77.0
43.68616,-79.549037,Non Intersection,Clear,"Dark, artificial",Dry,Non-Fatal Injury,SMV Other,Driver,30 to 34,Major,Normal,0,0,1,0,0,0,0,Yes,1,1,0,0,0,7.0,7.0
43.742179,-79.595989,Non Intersection,Clear,"Dark, artificial",Dry,Non-Fatal Injury,Pedestrian Collisions,Driver,35 to 39,None,Had Been Drinking,1,0,1,0,0,0,0,,0,0,0,0,0,1.0,1.0
43.732192,-79.267925,At Intersection,Clear,Daylight,Dry,Fatal,Turning Movement,Passenger,65 to 69,Fatal,,0,0,1,0,0,0,0,Yes,0,1,1,0,0,124.0,124.0
43.764498,-79.280681,Non Intersection,Clear,"Dark, artificial",Dry,Fatal,Pedestrian Collisions,Driver,40 to 44,None,Normal,1,0,1,0,0,0,0,Yes,0,1,0,0,0,126.0,126.0
43.7051,-79.550426,At Intersection,Clear,"Dark, artificial",Dry,Non-Fatal Injury,Turning Movement,Driver,25 to 29,None,Had Been Drinking,0,0,1,0,0,0,0,Yes,0,1,1,0,0,6.0,6.0
43.68616,-79.549037,Non Intersection,Clear,"Dark, artificial",Dry,Non-Fatal Injury,SMV Other,Passenger,35 to 39,Major,,0,0,1,0,0,0,0,Yes,1,1,0,0,0,7.0,7.0
43.742179,-79.595989,Non Intersection,Clear,"Dark, artificial",Dry,Non-Fatal Injury,Pedestrian Collisions,Pedestrian,35 to 39,Major,,1,0,1,0,0,0,0,,0,0,0,0,0,1.0,1.0
43.691344,-79.444896,Non Intersection,Clear,"Dark, artificial",Dry,Non-Fatal Injury,Pedestrian Collisions,Driver,unknown,None,Unknown,1,0,1,0,0,0,0,,0,0,0,0,0,107.0,107.0
43.801058,-79.307475,Non Intersection,Snow,Dark,Wet,Non-Fatal Injury,Approaching,Passenger,0 to 4,Major,,0,0,1,0,0,0,0,Yes,1,1,0,0,0,148.0,117.0
43.659266,-79.366695,Intersection Related,Clear,"Dark, artificial",Dry,Non-Fatal Injury,Cyclist Collisions,Passenger,20 to 24,None,,0,1,1,0,0,0,0,Yes,0,0,0,0,0,73.0,73.0
43.732192,-79.267925,At Intersection,Clear,Daylight,Dry,Fatal,Turning Movement,Driver,50 to 54,Minor,Normal,0,0,1,0,0,0,0,Yes,0,1,1,0,0,124.0,124.0
43.764498,-79.280681,Non Intersection,Clear,"Dark, artificial",Dry,Fatal,Pedestrian Collisions,Passenger,40 to 44,None,,1,0,1,0,0,0,0,Yes,0,1,0,0,0,126.0,126.0
43.663989,-79.458019,At/Near Private Drive,Clear,"Dawn, artificial",Dry,Non-Fatal Injury,SMV Other,Driver,25 to 29,Major,Unknown,0,0,1,0,0,0,0,,0,0,0,0,0,90.0,90.0
43.597373,-79.522662,Non Intersection,Clear,Daylight,Dry,Non-Fatal Injury,Pedestrian Collisions,Pedestrian,80 to 84,Major,,1,0,1,0,0,0,0,,0,0,0,0,0,19.0,19.0
43.691344,-79.444896,Non Intersection,Clear,"Dark, artificial",Dry,Non-Fatal Injury,Pedestrian Collisions,Pedestrian,15 to 19,Major,,1,0,1,0,0,0,0,,0,0,0,0,0,107.0,107.0
43.801421,-79.263774,At Intersection,Snow,Dark,Wet,Fatal,Pedestrian Collisions,Driver,25 to 29,None,Had Been Drinking,1,0,1,0,0,0,0,,1,1,1,0,0,129.0,129.0
43.659266,-79.366695,Intersection Related,Clear,"Dark, artificial",Dry,Non-Fatal Injury,Cyclist Collisions,Passenger,25 to 29,None,,0,1,1,0,0,0,0,Yes,0,0,0,0,0,73.0,73.0
43.732192,-79.267925,At Intersection,Clear,Daylight,Dry,Fatal,Turning Movement,Driver,55 to 59,None,Inattentive,0,0,1,0,0,0,0,Yes,0,1,1,0,0,124.0,124.0
43.764498,-79.280681,Non Intersection,Clear,"Dark, artificial",Dry,Fatal,Pedestrian Collisions,Passenger,5 to 9,None,,1,0,1,0,0,0,0,Yes,0,1,0,0,0,126.0,126.0
43.789603,-79.413997,,Clear,Daylight,Wet,Fatal,Pedestrian Collisions,Driver,45 to 49,Minimal,Inattentive,1,0,1,0,0,0,0,,0,1,0,0,0,50.0,50.0
43.801421,-79.263774,At Intersection,Snow,Dark,Wet,Fatal,Pedestrian Collisions,Pedestrian,25 to 29,Fatal,,1,0,1,0,0,0,0,,1,1,1,0,0,129.0,129.0
43.732192,-79.267925,At Intersection,Clear,Daylight,Dry,Fatal,Turning Movement,Passenger,50 to 54,Minor,,0,0,1,0,0,0,0,Yes,0,1,1,0,0,124.0,124.0
43.597373,-79.522662,Non Intersection,Clear,Daylight,Dry,Non-Fatal Injury,Pedestrian Collisions,Driver,20 to 24,None,Inattentive,1,0,1,0,0,0,0,,0,0,0,0,0,19.0,19.0
43.659266,-79.366695,Intersection Related,Clear,"Dark, artificial",Dry,Non-Fatal Injury,Cyclist Collisions,Passenger,20 to 24,Major,,0,1,1,0,0,0,0,Yes,0,0,0,0,0,73.0,73.0
43.7051,-79.550426,At Intersection,Clear,"Dark, artificial",Dry,Non-Fatal Injury,Turning Movement,Driver,50 to 54,Major,Normal,0,0,1,0,0,0,0,Yes,0,1,1,0,0,6.0,6.0
43.75672,-79.438747,Non Intersection,Clear,"Dark, artificial",Dry,Non-Fatal Injury,Pedestrian Collisions,Driver,30 to 34,Minor,Normal,1,0,1,0,0,0,0,,0,0,0,0,0,34.0,34.0
43.764498,-79.280681,Non Intersection,Clear,"Dark, artificial",Dry,Fatal,Pedestrian Collisions,Passenger,5 to 9,None,,1,0,1,0,0,0,0,Yes,0,1,0,0,0,126.0,126.0
43.789603,-79.413997,,Clear,Daylight,Wet,Fatal,Pedestrian Collisions,Pedestrian,80 to 84,Fatal,,1,0,1,0,0,0,0,,0,1,0,0,0,50.0,50.0
43.732192,-79.267925,At Intersection,Clear,Daylight,Dry,Fatal,Turning Movement,Passenger,50 to 54,Minimal,,0,0,1,0,0,0,0,Yes,0,1,1,0,0,124.0,124.0
43.704074,-79.410945,At Intersection,Clear,Daylight,Dry,Fatal,Pedestrian Collisions,Driver,90 to 94,Major,Inattentive,1,0,1,0,0,0,0,,0,1,0,0,0,100.0,100.0
43.75672,-79.438747,Non Intersection,Clear,"Dark, artificial",Dry,Non-Fatal Injury,Pedestrian Collisions,Pedestrian,50 to 54,Major,,1,0,1,0,0,0,0,,0,0,0,0,0,34.0,34.0
43.679186,-79.42467,At/Near Private Drive,Clear,Daylight,Dry,Non-Fatal Injury,Cyclist Collisions,Driver,30 to 34,None,Other,0,1,1,0,0,0,0,Yes,0,1,0,0,0,94.0,94.0
43.764498,-79.280681,Non Intersection,Clear,"Dark, artificial",Dry,Fatal,Pedestrian Collisions,Pedestrian,35 to 39,Fatal,,1,0,1,0,0,0,0,Yes,0,1,0,0,0,126.0,126.0
43.704074,-79.410945,At Intersection,Clear,Daylight,Dry,Fatal,Pedestrian Collisions,Pedestrian,85 to 89,Fatal,,1,0,1,0,0,0,0,,0,1,0,0,0,100.0,100.0
43.760237,-79.503604,Non Intersection,Clear,Daylight,Dry,Fatal,Pedestrian Collisions,Driver,75 to 79,None,Normal,1,0,1,0,0,0,0,Yes,0,0,0,0,0,27.0,27.0
43.75672,-79.438747,Non Intersection,Clear,"Dark, artificial",Dry,Non-Fatal Injury,Pedestrian Collisions,Pedestrian,55 to 59,Major,,1,0,1,0,0,0,0,,0,0,0,0,0,34.0,34.0
43.698767,-79.406146,Non Intersection,Clear,Daylight,Dry,Non-Fatal Injury,Cyclist Collisions,Cyclist,50 to 54,Major,,0,1,1,0,0,0,0,,0,0,0,0,0,100.0,100.0
43.679186,-79.42467,At/Near Private Drive,Clear,Daylight,Dry,Non-Fatal Injury,Cyclist Collisions,Cyclist,20 to 24,Major,,0,1,1,0,0,0,0,Yes,0,1,0,0,0,94.0,94.0
43.762789,-79.3287,At Intersection,Clear,Daylight,Dry,Non-Fatal Injury,Angle,Driver,50 to 54,None,Normal,0,0,1,0,0,0,0,Yes,0,1,0,0,0,150.0,45.0
43.639292,-79.460948,Non Intersection,Clear,"Dark, artificial",Dry,Non-Fatal Injury,Pedestrian Collisions,Driver,50 to 54,None,Normal,1,0,1,0,0,0,0,,0,0,0,0,0,87.0,87.0
43.762789,-79.3287,At Intersection,Clear,Daylight,Dry,Non-Fatal Injury,Angle,Driver,35 to 39,None,Normal,0,0,1,0,0,0,0,Yes,0,1,0,0,0,150.0,45.0
43.760237,-79.503604,Non Intersection,Clear,Daylight,Dry,Fatal,Pedestrian Collisions,Pedestrian,70 to 74,Fatal,,1,0,1,0,0,0,0,Yes,0,0,0,0,0,27.0,27.0
43.639292,-79.460948,Non Intersection,Clear,"Dark, artificial",Dry,Non-Fatal Injury,Pedestrian Collisions,Pedestrian,45 to 49,Major,,1,0,1,0,0,0,0,,0,0,0,0,0,87.0,87.0
43.762789,-79.3287,At Intersection,Clear,Daylight,Dry,Non-Fatal Injury,Angle,Passenger,20 to 24,None,,0,0,1,0,0,0,0,Yes,0,1,0,0,0,150.0,45.0
43.660365,-79.375858,At Intersection,Clear,Dark,Dry,Non-Fatal Injury,Turning Movement,Driver,45 to 49,Minimal,Inattentive,0,0,1,0,0,0,0,Yes,1,1,0,0,0,73.0,73.0
43.698767,-79.406146,Non Intersection,Clear,Daylight,Dry,Non-Fatal Injury,Cyclist Collisions,Driver,50 to 54,None,Normal,0,1,1,0,0,0,0,,0,0,0,0,0,100.0,100.0
43.679186,-79.42467,At/Near Private Drive,Clear,Daylight,Dry,Non-Fatal Injury,Cyclist Collisions,Passenger,30 to 34,None,,0,1,1,0,0,0,0,Yes,0,1,0,0,0,94.0,94.0
43.760237,-79.503604,Non Intersection,Clear,Daylight,Dry,Fatal,Pedestrian Collisions,Passenger,60 to 64,None,,1,0,1,0,0,0,0,Yes,0,0,0,0,0,27.0,27.0
43.7051,-79.550426,At Intersection,Clear,"Dark, artificial",Dry,Non-Fatal Injury,Turning Movement,Passenger,25 to 29,Major,,0,0,1,0,0,0,0,Yes,0,1,1,0,0,6.0,6.0
43.700984,-79.425548,At Intersection,Clear,Dark,Dry,Fatal,Pedestrian Collisions,Truck Driver,45 to 49,None,Normal,1,0,0,0,1,0,0,,0,1,1,0,0,101.0,101.0
43.700984,-79.425548,At Intersection,Clear,Dark,Dry,Fatal,Pedestrian Collisions,Pedestrian,20 to 24,Fatal,,1,0,0,0,1,0,0,,0,1,1,0,0,101.0,101.0
43.793151,-79.352275,Intersection Related,Clear,Daylight,Dry,Fatal,Pedestrian Collisions,Pedestrian,75 to 79,Fatal,,1,0,1,0,0,0,0,,0,0,0,0,0,47.0,47.0
43.710971,-79.505931,At Intersection,Clear,Daylight,Dry,Non-Fatal Injury,Turning Movement,Driver,55 to 59,Minor,Normal,0,0,1,0,0,0,0,,0,1,0,0,0,28.0,28.0
43.689421,-79.348804,Non Intersection,Clear,Daylight,Dry,Non-Fatal Injury,Cyclist Collisions,Cyclist,15 to 19,Major,,0,1,1,0,0,0,0,,0,0,0,0,0,59.0,59.0
43.660365,-79.375858,At Intersection,Clear,Dark,Dry,Non-Fatal Injury,Turning Movement,Driver,20 to 24,Minimal,Other,0,0,1,0,0,0,0,Yes,1,1,0,0,0,73.0,73.0
43.760237,-79.503604,Non Intersection,Clear,Daylight,Dry,Fatal,Pedestrian Collisions,Passenger,45 to 49,None,,1,0,1,0,0,0,0,Yes,0,0,0,0,0,27.0,27.0
43.647845,-79.390285,Intersection Related,Clear,Daylight,Dry,Non-Fatal Injury,Cyclist Collisions,Driver,50 to 54,None,Inattentive,0,1,1,0,0,0,0,,0,0,0,0,0,164.0,77.0
43.762789,-79.3287,At Intersection,Clear,Daylight,Dry,Non-Fatal Injury,Angle,Passenger,10 to 14,None,,0,0,1,0,0,0,0,Yes,0,1,0,0,0,150.0,45.0
43.69353,-79.297221,At Intersection,Clear,Daylight,Dry,Fatal,Pedestrian Collisions,Driver,30 to 34,None,Inattentive,1,0,1,0,0,0,0,,0,1,0,0,0,61.0,61.0
43.660365,-79.375858,At Intersection,Clear,Dark,Dry,Non-Fatal Injury,Turning Movement,Passenger,20 to 24,Major,,0,0,1,0,0,0,0,Yes,1,1,0,0,0,73.0,73.0
43.689421,-79.348804,Non Intersection,Clear,Daylight,Dry,Non-Fatal Injury,Cyclist Collisions,Driver,65 to 69,None,Normal,0,1,1,0,0,0,0,,0,0,0,0,0,59.0,59.0
43.710971,-79.505931,At Intersection,Clear,Daylight,Dry,Non-Fatal Injury,Turning Movement,Driver,30 to 34,Major,Normal,0,0,1,0,0,0,0,,0,1,0,0,0,28.0,28.0
43.648932,-79.450061,Non Intersection,Clear,Daylight,Dry,Non-Fatal Injury,Cyclist Collisions,Driver,35 to 39,None,Normal,0,1,1,0,0,0,0,,0,1,0,0,0,86.0,86.0
43.602278,-79.510753,At Intersection,Clear,Daylight,Dry,Fatal,SMV Other,Driver,55 to 59,Fatal,Medical or Physical Disability,0,0,1,0,0,0,0,,0,0,0,0,1,18.0,18.0
43.812899,-79.243037,Intersection Related,Clear,Daylight,Dry,Non-Fatal Injury,Rear End,Motorcycle Driver,25 to 29,Major,Normal,0,0,1,1,0,0,0,,0,1,0,0,0,145.0,132.0
43.647845,-79.390285,Intersection Related,Clear,Daylight,Dry,Non-Fatal Injury,Cyclist Collisions,Cyclist,35 to 39,Major,,0,1,1,0,0,0,0,,0,0,0,0,0,164.0,77.0
43.793151,-79.352275,Intersection Related,Clear,Daylight,Dry,Fatal,Pedestrian Collisions,Driver,70 to 74,Minimal,Normal,1,0,1,0,0,0,0,,0,0,0,0,0,47.0,47.0
43.762789,-79.3287,At Intersection,Clear,Daylight,Dry,Non-Fatal Injury,Angle,Passenger,10 to 14,Major,,0,0,1,0,0,0,0,Yes,0,1,0,0,0,150.0,45.0
43.69353,-79.297221,At Intersection,Clear,Daylight,Dry,Fatal,Pedestrian Collisions,Pedestrian,70 to 74,Fatal,,1,0,1,0,0,0,0,,0,1,0,0,0,61.0,61.0
43.802382,-79.154285,Non Intersection,Clear,Daylight,Dry,Non-Fatal Injury,Rear End,Driver,50 to 54,None,Normal,0,0,1,0,0,0,0,,1,1,0,0,0,143.0,131.0
43.640776,-79.438091,At Intersection,Clear,Dark,Dry,Fatal,Pedestrian Collisions,Driver,30 to 34,None,Normal,1,0,0,0,0,1,0,,0,0,0,0,0,86.0,86.0
43.809794,-79.366794,Non Intersection,Clear,"Dark, artificial",Dry,Non-Fatal Injury,Pedestrian Collisions,Driver,70 to 74,None,Normal,1,0,1,0,0,0,0,,0,0,0,0,0,48.0,48.0
43.812899,-79.243037,Intersection Related,Clear,Daylight,Dry,Non-Fatal Injury,Rear End,Driver,40 to 44,None,Normal,0,0,1,1,0,0,0,,0,1,0,0,0,145.0,132.0
43.656649,-79.406482,At Intersection,Rain,"Daylight, artificial",Wet,Non-Fatal Injury,Cyclist Collisions,Cyclist,65 to 69,Major,,0,1,1,0,0,0,0,Yes,0,0,0,0,0,78.0,78.0
43.648932,-79.450061,Non Intersection,Clear,Daylight,Dry,Non-Fatal Injury,Cyclist Collisions,Cyclist,15 to 19,Major,,0,1,1,0,0,0,0,,0,1,0,0,0,86.0,86.0
43.653781,-79.378536,Non Intersection,Clear,Daylight,Dry,Non-Fatal Injury,Pedestrian Collisions,Driver,60 to 64,None,Normal,1,0,1,0,0,0,0,,0,0,0,0,0,168.0,75.0
43.802382,-79.154285,Non Intersection,Clear,Daylight,Dry,Non-Fatal Injury,Rear End,Driver,55 to 59,Major,Normal,0,0,1,0,0,0,0,,1,1,0,0,0,143.0,131.0
43.722354,-79.508968,Intersection Related,Clear,Daylight,Dry,Non-Fatal Injury,Turning Movement,Driver,60 to 64,None,Normal,0,0,1,1,0,0,0,,0,1,0,0,0,154.0,26.0
43.640776,-79.438091,At Intersection,Clear,Dark,Dry,Fatal,Pedestrian Collisions,Pedestrian,70 to 74,Fatal,,1,0,0,0,0,1,0,,0,0,0,0,0,86.0,86.0
43.809794,-79.366794,Non Intersection,Clear,"Dark, artificial",Dry,Non-Fatal Injury,Pedestrian Collisions,Pedestrian,60 to 64,Major,,1,0,1,0,0,0,0,,0,0,0,0,0,48.0,48.0
43.69723,-79.442752,At Intersection,Clear,"Daylight, artificial",Dry,Non-Fatal Injury,Pedestrian Collisions,Driver,75 to 79,None,Inattentive,1,0,1,0,0,0,0,,0,0,0,0,0,107.0,107.0
43.653781,-79.378536,Non Intersection,Clear,Daylight,Dry,Non-Fatal Injury,Pedestrian Collisions,Pedestrian,80 to 84,Major,,1,0,1,0,0,0,0,,0,0,0,0,0,168.0,75.0
43.722354,-79.508968,Intersection Related,Clear,Daylight,Dry,Non-Fatal Injury,Turning Movement,Motorcycle Driver,20 to 24,Major,Normal,0,0,1,1,0,0,0,,0,1,0,0,0,154.0,26.0
43.726218,-79.294696,Non Intersection,Clear,Daylight,Dry,Non-Fatal Injury,Pedestrian Collisions,Driver,25 to 29,None,Normal,1,0,1,0,0,0,0,,0,0,0,0,0,120.0,120.0
43.656649,-79.406482,At Intersection,Rain,"Daylight, artificial",Wet,Non-Fatal Injury,Cyclist Collisions,Driver,65 to 69,None,Normal,0,1,1,0,0,0,0,Yes,0,0,0,0,0,78.0,78.0
43.769499,-79.346492,At Intersection,Clear,Daylight,Dry,Non-Fatal Injury,Pedestrian Collisions,Driver,30 to 34,None,Inattentive,1,0,1,0,0,0,0,,0,1,0,0,0,53.0,53.0
43.755355,-79.221088,At Intersection,Clear,Daylight,Dry,Non-Fatal Injury,Cyclist Collisions,Driver,35 to 39,None,Normal,0,1,1,0,0,0,0,,0,0,0,0,0,141.0,137.0
43.69723,-79.442752,At Intersection,Clear,"Daylight, artificial",Dry,Non-Fatal Injury,Pedestrian Collisions,Driver,30 to 34,None,Normal,1,0,1,0,0,0,0,,0,0,0,0,0,107.0,107.0
43.723429,-79.572353,Intersection Related,Clear,"Dark, artificial",Wet,Non-Fatal Injury,Rear End,Driver,25 to 29,Minor,Inattentive,0,0,1,0,0,0,0,Yes,0,1,0,0,0,4.0,4.0
43.644641,-79.523425,At Intersection,Clear,"Dark, artificial",Dry,Non-Fatal Injury,Angle,Driver,50 to 54,Major,Inattentive,0,0,1,0,0,0,0,Yes,0,1,1,0,0,16.0,16.0
43.713843,-79.377612,At/Near Private Drive,Clear,Daylight,Dry,Non-Fatal Injury,Turning Movement,Driver,50 to 54,Major,Inattentive,0,0,1,0,0,0,0,Yes,0,1,0,0,0,56.0,56.0
43.726218,-79.294696,Non Intersection,Clear,Daylight,Dry,Non-Fatal Injury,Pedestrian Collisions,Pedestrian,10 to 14,Major,,1,0,1,0,0,0,0,,0,0,0,0,0,120.0,120.0
43.656649,-79.406482,At Intersection,Rain,"Daylight, artificial",Wet,Non-Fatal Injury,Cyclist Collisions,Passenger,60 to 64,None,,0,1,1,0,0,0,0,Yes,0,0,0,0,0,78.0,78.0
43.769499,-79.346492,At Intersection,Clear,Daylight,Dry,Non-Fatal Injury,Pedestrian Collisions,Pedestrian,55 to 59,Major,,1,0,1,0,0,0,0,,0,1,0,0,0,53.0,53.0
43.671096,-79.429454,Non Intersection,Clear,Daylight,Dry,Non-Fatal Injury,Sideswipe,Motorcycle Driver,15 to 19,Major,Unknown,0,0,1,1,0,0,0,,1,1,0,0,0,94.0,94.0
43.688357,-79.482868,Intersection Related,Clear,Daylight,Dry,Fatal,Turning Movement,Driver,40 to 44,Minimal,Normal,0,0,1,0,0,0,0,,0,0,0,0,0,110.0,110.0
43.723429,-79.572353,Intersection Related,Clear,"Dark, artificial",Wet,Non-Fatal Injury,Rear End,Driver,45 to 49,Minor,Normal,0,0,1,0,0,0,0,Yes,0,1,0,0,0,4.0,4.0
43.713843,-79.377612,At/Near Private Drive,Clear,Daylight,Dry,Non-Fatal Injury,Turning Movement,Driver,65 to 69,Minimal,Normal,0,0,1,0,0,0,0,Yes,0,1,0,0,0,56.0,56.0
43.69723,-79.442752,At Intersection,Clear,"Daylight, artificial",Dry,Non-Fatal Injury,Pedestrian Collisions,Driver,55 to 59,None,Unknown,1,0,1,0,0,0,0,,0,0,0,0,0,107.0,107.0
43.820227,-79.246181,Intersection Related,Rain,Dark,Wet,Fatal,Pedestrian Collisions,Driver,25 to 29,None,Inattentive,1,0,1,0,0,0,0,,0,0,0,0,0,130.0,131.0
43.644641,-79.523425,At Intersection,Clear,"Dark, artificial",Dry,Non-Fatal Injury,Angle,Driver,40 to 44,Minor,Normal,0,0,1,0,0,0,0,Yes,0,1,1,0,0,16.0,16.0
43.755355,-79.221088,At Intersection,Clear,Daylight,Dry,Non-Fatal Injury,Cyclist Collisions,Cyclist,35 to 39,Major,,0,1,1,0,0,0,0,,0,0,0,0,0,141.0,137.0
43.688357,-79.482868,Intersection Related,Clear,Daylight,Dry,Fatal,Turning Movement,Driver,90 to 94,Fatal,Normal,0,0,1,0,0,0,0,,0,0,0,0,0,110.0,110.0
43.671096,-79.429454,Non Intersection,Clear,Daylight,Dry,Non-Fatal Injury,Sideswipe,Driver,unknown,None,Unknown,0,0,1,1,0,0,0,,1,1,0,0,0,94.0,94.0
43.69723,-79.442752,At Intersection,Clear,"Daylight, artificial",Dry,Non-Fatal Injury,Pedestrian Collisions,Pedestrian,70 to 74,Major,,1,0,1,0,0,0,0,,0,0,0,0,0,107.0,107.0
43.777972,-79.31116,Intersection Related,Clear,Daylight,Dry,Non-Fatal Injury,Cyclist Collisions,Cyclist,40 to 44,Major,,0,1,0,0,1,0,0,,0,0,0,0,0,118.0,118.0
43.713843,-79.377612,At/Near Private Drive,Clear,Daylight,Dry,Non-Fatal Injury,Turning Movement,Passenger,65 to 69,Minor,,0,0,1,0,0,0,0,Yes,0,1,0,0,0,56.0,56.0
43.723429,-79.572353,Intersection Related,Clear,"Dark, artificial",Wet,Non-Fatal Injury,Rear End,Driver,50 to 54,Major,Normal,0,0,1,0,0,0,0,Yes,0,1,0,0,0,4.0,4.0
43.644641,-79.523425,At Intersection,Clear,"Dark, artificial",Dry,Non-Fatal Injury,Angle,Passenger,55 to 59,Major,,0,0,1,0,0,0,0,Yes,0,1,1,0,0,16.0,16.0
43.820227,-79.246181,Intersection Related,Rain,Dark,Wet,Fatal,Pedestrian Collisions,Pedestrian,55 to 59,Fatal,,1,0,1,0,0,0,0,,0,0,0,0,0,130.0,131.0
43.620642,-79.527904,At/Near Private Drive,Clear,"Dark, artificial",Dry,Non-Fatal Injury,Pedestrian Collisions,Driver,25 to 29,None,"Ability Impaired, Alcohol",1,0,1,0,0,0,0,,0,0,0,1,0,159.0,14.0
43.593039,-79.54156,Non Intersection,Clear,"Dark, artificial",Wet,Fatal,SMV Other,Driver,40 to 44,Fatal,Unknown,0,0,1,0,0,0,0,,1,1,0,0,0,19.0,19.0
43.692645,-79.44083,At Intersection,Rain,"Dark, artificial",Wet,Non-Fatal Injury,Other,Driver,40 to 44,None,Normal,0,0,0,0,0,1,0,Yes,0,0,0,0,0,107.0,107.0
43.723429,-79.572353,Intersection Related,Clear,"Dark, artificial",Wet,Non-Fatal Injury,Rear End,Passenger,5 to 9,None,,0,0,1,0,0,0,0,Yes,0,1,0,0,0,4.0,4.0
43.646952,-79.374179,Non Intersection,Clear,Daylight,Dry,Non-Fatal Injury,Cyclist Collisions,Cyclist,30 to 34,Major,,0,1,1,0,0,0,0,,0,0,0,0,0,166.0,77.0
43.620642,-79.527904,At/Near Private Drive,Clear,"Dark, artificial",Dry,Non-Fatal Injury,Pedestrian Collisions,Pedestrian,20 to 24,Major,,1,0,1,0,0,0,0,,0,0,0,1,0,159.0,14.0
43.657519,-79.389476,Non Intersection,Clear,"Dark, artificial",Dry,Non-Fatal Injury,Turning Movement,Driver,45 to 49,None,Inattentive,0,0,1,1,0,0,0,,0,1,0,0,0,170.0,76.0
43.828662,-79.190494,Non Intersection,Clear,Daylight,Dry,Non-Fatal Injury,SMV Other,Motorcycle Driver,55 to 59,Major,Normal,0,0,0,1,0,0,0,,0,0,0,0,0,144.0,131.0
43.777972,-79.31116,Intersection Related,Clear,Daylight,Dry,Non-Fatal Injury,Cyclist Collisions,Truck Driver,50 to 54,None,Normal,0,1,0,0,1,0,0,,0,0,0,0,0,118.0,118.0
43.708762,-79.376354,Intersection Related,Clear,Daylight,Wet,Non-Fatal Injury,Pedestrian Collisions,Driver,25 to 29,None,Normal,1,0,1,0,0,0,0,,0,0,0,0,0,56.0,56.0
43.692645,-79.44083,At Intersection,Rain,"Dark, artificial",Wet,Non-Fatal Injury,Other,Passenger,60 to 64,Major,,0,0,0,0,0,1,0,Yes,0,0,0,0,0,107.0,107.0
43.646952,-79.374179,Non Intersection,Clear,Daylight,Dry,Non-Fatal Injury,Cyclist Collisions,Driver,25 to 29,None,Normal,0,1,1,0,0,0,0,,0,0,0,0,0,166.0,77.0