LATITUDE,LONGITUDE,ACCLOC,VISIBILITY,LIGHT,RDSFCOND,ACCLASS,IMPACTYPE,INVTYPE,INVAGE,INJURY,DRIVCOND,PEDESTRIAN,CYCLIST,AUTOMOBILE,MOTORCYCLE,TRUCK,TRSN_CITY_VEH,EMERG_VEH,PASSENGER,SPEEDING,AG_DRIV,REDLIGHT,ALCOHOL,DISABILITY,HOOD_158,HOOD_140
43.700087,-79.516155,At Intersection,Clear,"Dawn, artificial",Dry,Non-Fatal Injury,Turning Movement,Driver,55 to 59,None,Inattentive,0,0,1,1,0,0,0,,0,1,0,0,0,113.0,113.0
43.761183,-79.300746,Intersection Related,Clear,"Dark, artificial",Dry,Non-Fatal Injury,Angle,Driver,30 to 34,None,Normal,0,0,1,0,0,0,0,Yes,0,1,1,0,0,119.0,119.0
43.681227,-79.427661,Intersection Related,Clear,Daylight,Dry,Fatal,Pedestrian Collisions,Passenger,25 to 29,None,,1,0,1,0,0,0,0,Yes,0,0,0,0,0,94.0,94.0
43.711028,-79.377147,Intersection Related,Clear,Daylight,Wet,Fatal,Pedestrian Collisions,Driver,20 to 24,None,Inattentive,1,0,1,0,0,0,0,Yes,0,0,0,0,0,56.0,56.0
43.795584,-79.230312,Intersection Related,Clear,Daylight,Dry,Non-Fatal Injury,Pedestrian Collisions,Pedestrian,10 to 14,Major,,1,0,1,0,0,0,0,Yes,0,0,0,0,0,146.0,132.0
43.679812,-79.416972,Intersection Related,Snow,Daylight,Loose Snow,Non-Fatal Injury,Pedestrian Collisions,Pedestrian,40 to 44,Major,,1,0,1,0,0,0,0,Yes,0,1,1,0,0,96.0,96.0
43.751013,-79.222255,At Intersection,Clear,Daylight,Dry,Non-Fatal Injury,Pedestrian Collisions,Driver,35 to 39,Minor,Normal,1,0,1,0,0,1,0,,0,0,0,0,0,141.0,137.0
43.644942,-79.397632,Non Intersection,Clear,"Dark, artificial",Dry,Non-Fatal Injury,Pedestrian Collisions,Driver,unknown,None,Unknown,1,0,1,0,0,0,0,,0,1,0,0,0,164.0,77.0
43.700087,-79.516155,At Intersection,Clear,"Dawn, artificial",Dry,Non-Fatal Injury,Turning Movement,Motorcycle Driver,35 to 39,Major,Normal,0,0,1,1,0,0,0,,0,1,0,0,0,113.0,113.0
43.761183,-79.300746,Intersection Related,Clear,"Dark, artificial",Dry,Non-Fatal Injury,Angle,Passenger,75 to 79,Minor,,0,0,1,0,0,0,0,Yes,0,1,1,0,0,119.0,119.0
43.761183,-79.300746,Intersection Related,Clear,"Dark, artificial",Dry,Non-Fatal Injury,Angle,Passenger,65 to 69,Minor,,0,0,1,0,0,0,0,Yes,0,1,1,0,0,119.0,119.0
43.711028,-79.377147,Intersection Related,Clear,Daylight,Wet,Fatal,Pedestrian Collisions,Passenger,20 to 24,None,,1,0,1,0,0,0,0,Yes,0,0,0,0,0,56.0,56.0
43.795584,-79.230312,Intersection Related,Clear,Daylight,Dry,Non-Fatal Injury,Pedestrian Collisions,Passenger,15 to 19,None,,1,0,1,0,0,0,0,Yes,0,0,0,0,0,146.0,132.0
43.795138,-79.341251,Intersection Related,Clear,Daylight,Dry,Non-Fatal Injury,Approaching,Driver,45 to 49,Major,Unknown,0,0,1,0,0,0,0,Yes,0,0,0,0,0,46.0,46.0
43.751013,-79.222255,At Intersection,Clear,Daylight,Dry,Non-Fatal Injury,Pedestrian Collisions,Driver,40 to 44,None,Normal,1,0,1,0,0,1,0,,0,0,0,0,0,141.0,137.0
43.644942,-79.397632,Non Intersection,Clear,"Dark, artificial",Dry,Non-Fatal Injury,Pedestrian Collisions,Pedestrian,40 to 44,Major,,1,0,1,0,0,0,0,,0,1,0,0,0,164.0,77.0
43.672461,-79.467586,At Intersection,Clear,Daylight,Dry,Non-Fatal Injury,Pedestrian Collisions,Driver,25 to 29,Minor,Inattentive,1,0,1,0,0,0,0,,0,1,0,0,0,90.0,90.0
43.752082,-79.542362,At Intersection,Clear,"Dark, artificial",Dry,Non-Fatal Injury,Pedestrian Collisions,Driver,60 to 64,None,Normal,1,0,1,0,0,0,0,,0,0,0,0,0,22.0,22.0
43.627577,-79.503116,At Intersection,Clear,Daylight,Dry,Non-Fatal Injury,Pedestrian Collisions,Driver,55 to 59,None,Normal,1,0,0,0,0,1,0,,0,0,0,0,0,16.0,16.0
43.761183,-79.300746,Intersection Related,Clear,"Dark, artificial",Dry,Non-Fatal Injury,Angle,Passenger,65 to 69,Major,,0,0,1,0,0,0,0,Yes,0,1,1,0,0,119.0,119.0
43.711028,-79.377147,Intersection Related,Clear,Daylight,Wet,Fatal,Pedestrian Collisions,Pedestrian,80 to 84,Fatal,,1,0,1,0,0,0,0,Yes,0,0,0,0,0,56.0,56.0
43.795138,-79.341251,Intersection Related,Clear,Daylight,Dry,Non-Fatal Injury,Approaching,Driver,60 to 64,Minor,Normal,0,0,1,0,0,0,0,Yes,0,0,0,0,0,46.0,46.0
43.751013,-79.222255,At Intersection,Clear,Daylight,Dry,Non-Fatal Injury,Pedestrian Collisions,Pedestrian,40 to 44,Major,,1,0,1,0,0,1,0,,0,0,0,0,0,141.0,137.0
43.672461,-79.467586,At Intersection,Clear,Daylight,Dry,Non-Fatal Injury,Pedestrian Collisions,Driver,25 to 29,Minimal,Normal,1,0,1,0,0,0,0,,0,1,0,0,0,90.0,90.0
43.681227,-79.427661,Intersection Related,Clear,Daylight,Dry,Fatal,Pedestrian Collisions,Pedestrian,65 to 69,Fatal,,1,0,1,0,0,0,0,Yes,0,0,0,0,0,94.0,94.0
43.752082,-79.542362,At Intersection,Clear,"Dark, artificial",Dry,Non-Fatal Injury,Pedestrian Collisions,Pedestrian,35 to 39,Major,,1,0,1,0,0,0,0,,0,0,0,0,0,22.0,22.0
43.627577,-79.503116,At Intersection,Clear,Daylight,Dry,Non-Fatal Injury,Pedestrian Collisions,Pedestrian,45 to 49,Major,,1,0,0,0,0,1,0,,0,0,0,0,0,16.0,16.0
43.761183,-79.300746,Intersection Related,Clear,"Dark, artificial",Dry,Non-Fatal Injury,Angle,Passenger,25 to 29,None,,0,0,1,0,0,0,0,Yes,0,1,1,0,0,119.0,119.0
43.676741,-79.463107,Intersection Related,Rain,Dark,Wet,Non-Fatal Injury,Pedestrian Collisions,Driver,unknown,None,Unknown,1,0,1,0,0,0,0,,0,1,0,0,0,91.0,91.0
43.795138,-79.341251,Intersection Related,Clear,Daylight,Dry,Non-Fatal Injury,Approaching,Driver,80 to 84,Minor,Normal,0,0,1,0,0,0,0,Yes,0,0,0,0,0,46.0,46.0
43.775462,-79.521716,At Intersection,Clear,"Dark, artificial",Dry,Non-Fatal Injury,Sideswipe,Driver,unknown,None,Inattentive,0,0,1,0,0,1,0,Yes,0,0,0,0,0,27.0,27.0
43.755477,-79.245387,At Intersection,Clear,"Dark, artificial",Dry,Non-Fatal Injury,Turning Movement,Driver,65 to 69,Minimal,Inattentive,0,0,1,1,0,0,0,Yes,0,1,1,0,0,157.0,127.0
43.672461,-79.467586,At Intersection,Clear,Daylight,Dry,Non-Fatal Injury,Pedestrian Collisions,Pedestrian,40 to 44,Major,,1,0,1,0,0,0,0,,0,1,0,0,0,90.0,90.0
43.737811,-79.248805,At/Near Private Drive,Clear,Daylight,Dry,Non-Fatal Injury,Turning Movement,Driver,55 to 59,None,Normal,0,0,1,1,0,0,0,,0,0,0,0,0,138.0,138.0
43.708262,-79.42094,Intersection Related,Clear,Daylight,Dry,Fatal,Angle,Driver,35 to 39,Fatal,Unknown,0,0,1,0,0,0,0,,1,1,0,0,0,102.0,102.0
43.676741,-79.463107,Intersection Related,Rain,Dark,Wet,Non-Fatal Injury,Pedestrian Collisions,Pedestrian,60 to 64,Major,,1,0,1,0,0,0,0,,0,1,0,0,0,91.0,91.0
43.795138,-79.341251,Intersection Related,Clear,Daylight,Dry,Non-Fatal Injury,Approaching,Passenger,65 to 69,Minor,,0,0,1,0,0,0,0,Yes,0,0,0,0,0,46.0,46.0
43.708262,-79.42094,Intersection Related,Clear,Daylight,Dry,Fatal,Angle,Driver,60 to 64,None,Normal,0,0,1,0,0,0,0,,1,1,0,0,0,102.0,102.0
43.755477,-79.245387,At Intersection,Clear,"Dark, artificial",Dry,Non-Fatal Injury,Turning Movement,Motorcycle Driver,40 to 44,Major,Normal,0,0,1,1,0,0,0,Yes,0,1,1,0,0,157.0,127.0
43.672461,-79.467586,At Intersection,Clear,Daylight,Dry,Non-Fatal Injury,Pedestrian Collisions,Pedestrian,35 to 39,Minor,,1,0,1,0,0,0,0,,0,1,0,0,0,90.0,90.0
43.751265,-79.633502,Non Intersection,Clear,Daylight,Wet,Non-Fatal Injury,Approaching,Driver,25 to 29,Minor,Unknown,0,0,1,0,0,0,0,,0,0,0,0,0,1.0,1.0
43.775462,-79.521716,At Intersection,Clear,"Dark, artificial",Dry,Non-Fatal Injury,Sideswipe,Driver,35 to 39,None,Normal,0,0,1,0,0,1,0,Yes,0,0,0,0,0,27.0,27.0
43.647322,-79.386073,At Intersection,Clear,Daylight,Dry,Non-Fatal Injury,Pedestrian Collisions,Pedestrian,60 to 64,Major,,1,0,0,1,0,0,0,,0,0,0,0,0,170.0,76.0
43.737811,-79.248805,At/Near Private Drive,Clear,Daylight,Dry,Non-Fatal Injury,Turning Movement,Motorcycle Driver,30 to 34,Major,Normal,0,0,1,1,0,0,0,,0,0,0,0,0,138.0,138.0
43.65372,-79.373241,Intersection Related,Clear,Daylight,Dry,Fatal,Pedestrian Collisions,Truck Driver,30 to 34,None,Normal,1,0,0,0,1,0,0,,0,0,0,0,0,73.0,73.0
43.788653,-79.4099,Intersection Related,Clear,Dark,Dry,Fatal,Angle,Driver,60 to 64,None,Unknown,0,0,1,0,0,0,0,,0,1,1,0,0,50.0,50.0
43.755477,-79.245387,At Intersection,Clear,"Dark, artificial",Dry,Non-Fatal Injury,Turning Movement,Motorcycle Passenger,10 to 14,Major,,0,0,1,1,0,0,0,Yes,0,1,1,0,0,157.0,127.0
43.751265,-79.633502,Non Intersection,Clear,Daylight,Wet,Non-Fatal Injury,Approaching,Driver,25 to 29,Major,Normal,0,0,1,0,0,0,0,,0,0,0,0,0,1.0,1.0
43.775462,-79.521716,At Intersection,Clear,"Dark, artificial",Dry,Non-Fatal Injury,Sideswipe,Passenger,65 to 69,Major,,0,0,1,0,0,1,0,Yes,0,0,0,0,0,27.0,27.0
43.647322,-79.386073,At Intersection,Clear,Daylight,Dry,Non-Fatal Injury,Pedestrian Collisions,Motorcycle Driver,50 to 54,None,Normal,1,0,0,1,0,0,0,,0,0,0,0,0,170.0,76.0
43.652915,-79.406276,Non Intersection,Clear,Daylight,Dry,Non-Fatal Injury,Turning Movement,Driver,35 to 39,Minimal,Inattentive,0,0,1,0,0,0,0,Yes,0,0,0,0,0,81.0,81.0
43.788653,-79.4099,Intersection Related,Clear,Dark,Dry,Fatal,Angle,Driver,30 to 34,Fatal,Unknown,0,0,1,0,0,0,0,,0,1,1,0,0,50.0,50.0
43.672461,-79.467586,At Intersection,Clear,Daylight,Dry,Non-Fatal Injury,Pedestrian Collisions,Pedestrian,55 to 59,Minor,,1,0,1,0,0,0,0,,0,1,0,0,0,90.0,90.0
43.65372,-79.373241,Intersection Related,Clear,Daylight,Dry,Fatal,Pedestrian Collisions,Pedestrian,30 to 34,Fatal,,1,0,0,0,1,0,0,,0,0,0,0,0,73.0,73.0
43.795184,-79.237384,Intersection Related,Clear,Daylight,Dry,Non-Fatal Injury,Cyclist Collisions,Driver,50 to 54,None,Normal,0,1,1,0,0,0,0,,0,1,0,0,0,145.0,132.0
43.668948,-79.404765,Intersection Related,Rain,"Dark, artificial",Wet,Non-Fatal Injury,Cyclist Collisions,Cyclist,20 to 24,Major,,0,1,1,0,0,0,0,Yes,0,0,0,0,0,95.0,95.0
43.709174,-79.505519,At Intersection,Clear,Daylight,Dry,Non-Fatal Injury,Turning Movement,Driver,60 to 64,None,Inattentive,0,0,1,1,0,0,0,,0,1,0,0,0,28.0,28.0
43.739379,-79.513202,Intersection Related,Clear,"Dark, artificial",Dry,Fatal,Rear End,Passenger,20 to 24,Fatal,,0,0,1,0,0,0,0,Yes,1,1,0,0,0,25.0,25.0
43.785277,-79.278529,At Intersection,Clear,Daylight,Dry,Non-Fatal Injury,Cyclist Collisions,Cyclist,10 to 14,Major,,0,1,1,0,0,0,0,Yes,0,0,0,0,0,128.0,128.0
43.739379,-79.513202,Intersection Related,Clear,"Dark, artificial",Dry,Fatal,Rear End,Passenger,20 to 24,Fatal,,0,0,1,0,0,0,0,Yes,1,1,0,0,0,25.0,25.0
43.709174,-79.505519,At Intersection,Clear,Daylight,Dry,Non-Fatal Injury,Turning Movement,Motorcycle Driver,20 to 24,Major,Normal,0,0,1,1,0,0,0,,0,1,0,0,0,28.0,28.0
43.652915,-79.406276,Non Intersection,Clear,Daylight,Dry,Non-Fatal Injury,Turning Movement,Driver,35 to 39,None,Normal,0,0,1,0,0,0,0,Yes,0,0,0,0,0,81.0,81.0
43.697261,-79.498981,At Intersection,Clear,Daylight,Dry,Non-Fatal Injury,Angle,Driver,50 to 54,None,Inattentive,0,0,1,1,0,0,0,,1,1,0,0,0,30.0,30.0
43.700984,-79.425548,Intersection Related,Clear,Daylight,Dry,Non-Fatal Injury,Pedestrian Collisions,Driver,30 to 34,None,Normal,1,0,0,0,0,1,0,,0,0,0,0,0,101.0,101.0
43.795184,-79.237384,Intersection Related,Clear,Daylight,Dry,Non-Fatal Injury,Cyclist Collisions,Cyclist,65 to 69,Major,,0,1,1,0,0,0,0,,0,1,0,0,0,145.0,132.0
43.668948,-79.404765,Intersection Related,Rain,"Dark, artificial",Wet,Non-Fatal Injury,Cyclist Collisions,Driver,50 to 54,None,Normal,0,1,1,0,0,0,0,Yes,0,0,0,0,0,95.0,95.0
43.765277,-79.218051,Private Driveway,Clear,Daylight,Dry,Non-Fatal Injury,Pedestrian Collisions,Driver,30 to 34,None,Unknown,1,0,1,0,0,0,0,,0,0,0,0,0,141.0,137.0
43.668948,-79.404765,Intersection Related,Rain,"Dark, artificial",Wet,Non-Fatal Injury,Cyclist Collisions,Passenger,15 to 19,None,,0,1,1,0,0,0,0,Yes,0,0,0,0,0,95.0,95.0
43.697261,-79.498981,At Intersection,Clear,Daylight,Dry,Non-Fatal Injury,Angle,Motorcycle Driver,40 to 44,Major,Normal,0,0,1,1,0,0,0,,1,1,0,0,0,30.0,30.0
43.652915,-79.406276,Non Intersection,Clear,Daylight,Dry,Non-Fatal Injury,Turning Movement,Passenger,25 to 29,Major,,0,0,1,0,0,0,0,Yes,0,0,0,0,0,81.0,81.0
43.785277,-79.278529,At Intersection,Clear,Daylight,Dry,Non-Fatal Injury,Cyclist Collisions,Driver,70 to 74,None,Inattentive,0,1,1,0,0,0,0,Yes,0,0,0,0,0,128.0,128.0
43.739379,-79.513202,Intersection Related,Clear,"Dark, artificial",Dry,Fatal,Rear End,Passenger,15 to 19,Fatal,,0,0,1,0,0,0,0,Yes,1,1,0,0,0,25.0,25.0
43.700984,-79.425548,Intersection Related,Clear,Daylight,Dry,Non-Fatal Injury,Pedestrian Collisions,Pedestrian,20 to 24,Major,,1,0,0,0,0,1,0,,0,0,0,0,0,101.0,101.0
43.765277,-79.218051,Private Driveway,Clear,Daylight,Dry,Non-Fatal Injury,Pedestrian Collisions,Pedestrian,30 to 34,Major,,1,0,1,0,0,0,0,,0,0,0,0,0,141.0,137.0
43.618773,-79.564426,Non Intersection,Clear,Daylight,Dry,Fatal,Approaching,Passenger,65 to 69,Major,,0,0,1,0,0,0,0,Yes,1,1,0,0,0,159.0,14.0
43.732012,-79.589404,At Intersection,Clear,Daylight,Dry,Non-Fatal Injury,Pedestrian Collisions,Driver,65 to 69,None,Inattentive,1,0,1,0,0,0,0,,0,1,0,0,0,2.0,2.0
43.785277,-79.278529,At Intersection,Clear,Daylight,Dry,Non-Fatal Injury,Cyclist Collisions,Passenger,70 to 74,None,,0,1,1,0,0,0,0,Yes,0,0,0,0,0,128.0,128.0
43.652915,-79.406276,Non Intersection,Clear,Daylight,Dry,Non-Fatal Injury,Turning Movement,Passenger,20 to 24,Minor,,0,0,1,0,0,0,0,Yes,0,0,0,0,0,81.0,81.0
43.661376,-79.517581,At Intersection,Clear,Daylight,Dry,Fatal,Turning Movement,Motorcycle Driver,30 to 34,Fatal,Normal,0,0,1,1,0,0,0,Yes,1,1,0,0,0,9.0,9.0
43.741191,-79.502818,Non Intersection,Clear,Daylight,Dry,Non-Fatal Injury,Rear End,Driver,20 to 24,Major,Inattentive,0,0,1,0,0,0,0,,0,1,0,0,0,25.0,25.0
43.739379,-79.513202,Intersection Related,Clear,"Dark, artificial",Dry,Fatal,Rear End,Passenger,20 to 24,Major,,0,0,1,0,0,0,0,Yes,1,1,0,0,0,25.0,25.0
43.618773,-79.564426,Non Intersection,Clear,Daylight,Dry,Fatal,Approaching,Driver,20 to 24,Fatal,Inattentive,0,0,1,0,0,0,0,Yes,1,1,0,0,0,159.0,14.0
43.668948,-79.404765,Intersection Related,Rain,"Dark, artificial",Wet,Non-Fatal Injury,Cyclist Collisions,Passenger,10 to 14,None,,0,1,1,0,0,0,0,Yes,0,0,0,0,0,95.0,95.0
43.732012,-79.589404,At Intersection,Clear,Daylight,Dry,Non-Fatal Injury,Pedestrian Collisions,Pedestrian,65 to 69,Major,,1,0,1,0,0,0,0,,0,1,0,0,0,2.0,2.0
43.781508,-79.494464,At Intersection,Clear,Daylight,Dry,Non-Fatal Injury,Angle,Driver,65 to 69,Major,Inattentive,0,0,1,0,0,0,0,Yes,0,1,1,0,0,27.0,27.0
43.661376,-79.517581,At Intersection,Clear,Daylight,Dry,Fatal,Turning Movement,Driver,15 to 19,Minor,Normal,0,0,1,1,0,0,0,Yes,1,1,0,0,0,9.0,9.0
43.739379,-79.513202,Intersection Related,Clear,"Dark, artificial",Dry,Fatal,Rear End,Driver,20 to 24,Major,Had Been Drinking,0,0,1,0,0,0,0,Yes,1,1,0,0,0,25.0,25.0
43.652671,-79.378078,Intersection Related,Clear,"Dark, artificial",Dry,Non-Fatal Injury,Pedestrian Collisions,Driver,45 to 49,None,Normal,1,0,1,0,0,0,0,,0,0,0,0,0,168.0,75.0
43.764662,-79.573322,,Clear,Daylight,Dry,Fatal,Rear End,Motorcycle Driver,25 to 29,Fatal,Unknown,0,0,0,1,0,0,0,,1,1,0,0,0,21.0,21.0
43.618773,-79.564426,Non Intersection,Clear,Daylight,Dry,Fatal,Approaching,Driver,25 to 29,Major,Normal,0,0,1,0,0,0,0,Yes,1,1,0,0,0,159.0,14.0
43.741191,-79.502818,Non Intersection,Clear,Daylight,Dry,Non-Fatal Injury,Rear End,Driver,65 to 69,Minor,Normal,0,0,1,0,0,0,0,,0,1,0,0,0,25.0,25.0
43.652915,-79.406276,Non Intersection,Clear,Daylight,Dry,Non-Fatal Injury,Turning Movement,Passenger,5 to 9,None,,0,0,1,0,0,0,0,Yes,0,0,0,0,0,81.0,81.0
43.661376,-79.517581,At Intersection,Clear,Daylight,Dry,Fatal,Turning Movement,Passenger,20 to 24,Major,,0,0,1,1,0,0,0,Yes,1,1,0,0,0,9.0,9.0
43.781508,-79.494464,At Intersection,Clear,Daylight,Dry,Non-Fatal Injury,Angle,Driver,65 to 69,Minor,Normal,0,0,1,0,0,0,0,Yes,0,1,1,0,0,27.0,27.0
43.739379,-79.513202,Intersection Related,Clear,"Dark, artificial",Dry,Fatal,Rear End,Driver,45 to 49,Minor,Normal,0,0,1,0,0,0,0,Yes,1,1,0,0,0,25.0,25.0
43.744273,-79.607539,At Intersection,Clear,Daylight,Dry,Non-Fatal Injury,Turning Movement,Driver,40 to 44,Minor,Inattentive,0,0,1,0,1,0,0,Yes,0,0,0,0,0,1.0,1.0
43.650012,-79.386249,At Intersection,Clear,Daylight,Dry,Non-Fatal Injury,Cyclist Collisions,Driver,unknown,None,Inattentive,0,1,1,0,0,0,0,,0,1,0,0,0,170.0,76.0
43.691016,-79.450549,Non Intersection,Clear,Daylight,Dry,Fatal,Pedestrian Collisions,Pedestrian,65 to 69,Fatal,,1,0,1,0,0,0,0,Yes,0,0,0,0,0,109.0,109.0
43.652915,-79.406276,Non Intersection,Clear,Daylight,Dry,Non-Fatal Injury,Turning Movement,Passenger,5 to 9,None,,0,0,1,0,0,0,0,Yes,0,0,0,0,0,81.0,81.0
43.768347,-79.319797,Non Intersection,Clear,Daylight,Dry,Non-Fatal Injury,Cyclist Collisions,Cyclist,25 to 29,None,,0,1,0,1,0,0,0,,0,0,0,0,0,150.0,45.0
43.781508,-79.494464,At Intersection,Clear,Daylight,Dry,Non-Fatal Injury,Angle,Driver,55 to 59,Minor,Normal,0,0,1,0,0,0,0,Yes,0,1,1,0,0,27.0,27.0
43.650843,-79.386615,Non Intersection,Clear,Daylight,Dry,Non-Fatal Injury,Pedestrian Collisions,Driver,35 to 39,None,Inattentive,1,0,1,0,0,0,0,,0,1,0,0,0,170.0,76.0
43.781508,-79.494464,At Intersection,Clear,Daylight,Dry,Non-Fatal Injury,Angle,Passenger,55 to 59,Minor,,0,0,1,0,0,0,0,Yes,0,1,1,0,0,27.0,27.0
43.650012,-79.386249,At Intersection,Clear,Daylight,Dry,Non-Fatal Injury,Cyclist Collisions,Cyclist,25 to 29,Major,,0,1,1,0,0,0,0,,0,1,0,0,0,170.0,76.0
43.768347,-79.319797,Non Intersection,Clear,Daylight,Dry,Non-Fatal Injury,Cyclist Collisions,Motorcycle Driver,55 to 59,Major,Normal,0,1,0,1,0,0,0,,0,0,0,0,0,150.0,45.0
43.652671,-79.378078,Intersection Related,Clear,"Dark, artificial",Dry,Non-Fatal Injury,Pedestrian Collisions,Pedestrian,40 to 44,Major,,1,0,1,0,0,0,0,,0,0,0,0,0,168.0,75.0
43.744273,-79.607539,At Intersection,Clear,Daylight,Dry,Non-Fatal Injury,Turning Movement,Truck Driver,45 to 49,Minimal,Normal,0,0,1,0,1,0,0,Yes,0,0,0,0,0,1.0,1.0
43.650843,-79.386615,Non Intersection,Clear,Daylight,Dry,Non-Fatal Injury,Pedestrian Collisions,Pedestrian,30 to 34,Major,,1,0,1,0,0,0,0,,0,1,0,0,0,170.0,76.0
43.674311,-79.430805,Non Intersection,Clear,Daylight,Dry,Non-Fatal Injury,Pedestrian Collisions,Driver,50 to 54,None,Normal,1,0,1,0,0,0,0,,0,0,0,0,0,94.0,94.0
43.691016,-79.450549,Non Intersection,Clear,Daylight,Dry,Fatal,Pedestrian Collisions,Driver,25 to 29,None,Normal,1,0,1,0,0,0,0,Yes,0,0,0,0,0,109.0,109.0
43.781508,-79.494464,At Intersection,Clear,Daylight,Dry,Non-Fatal Injury,Angle,Passenger,75 to 79,Minor,,0,0,1,0,0,0,0,Yes,0,1,1,0,0,27.0,27.0
43.671214,-79.405658,At/Near Private Drive,Clear,Daylight,Dry,Non-Fatal Injury,Turning Movement,Driver,30 to 34,None,Inattentive,0,0,1,1,0,0,0,Yes,0,1,0,0,0,95.0,95.0
43.697486,-79.262462,Non Intersection,Clear,Dusk,Dry,Non-Fatal Injury,Other,Driver,20 to 24,None,Had Been Drinking,0,0,1,0,0,0,0,Yes,1,1,0,0,0,122.0,122.0
43.671214,-79.405658,At/Near Private Drive,Clear,Daylight,Dry,Non-Fatal Injury,Turning Movement,Motorcycle Driver,20 to 24,Major,Normal,0,0,1,1,0,0,0,Yes,0,1,0,0,0,95.0,95.0
43.651641,-79.485439,At Intersection,Clear,"Dark, artificial",Dry,Non-Fatal Injury,Sideswipe,Driver,20 to 24,None,Normal,0,0,1,1,0,0,0,Yes,0,0,0,0,0,114.0,114.0
43.744273,-79.607539,At Intersection,Clear,Daylight,Dry,Non-Fatal Injury,Turning Movement,Passenger,20 to 24,Major,,0,0,1,0,1,0,0,Yes,0,0,0,0,0,1.0,1.0
43.651641,-79.485439,At Intersection,Clear,"Dark, artificial",Dry,Non-Fatal Injury,Sideswipe,Motorcycle Driver,15 to 19,Major,Normal,0,0,1,1,0,0,0,Yes,0,0,0,0,0,114.0,114.0
43.674311,-79.430805,Non Intersection,Clear,Daylight,Dry,Non-Fatal Injury,Pedestrian Collisions,Pedestrian,20 to 24,Major,,1,0,1,0,0,0,0,,0,0,0,0,0,94.0,94.0
43.697486,-79.262462,Non Intersection,Clear,Dusk,Dry,Non-Fatal Injury,Other,Passenger,20 to 24,Major,,0,0,1,0,0,0,0,Yes,1,1,0,0,0,122.0,122.0
43.781508,-79.494464,At Intersection,Clear,Daylight,Dry,Non-Fatal Injury,Angle,Passenger,50 to 54,Minor,,0,0,1,0,0,0,0,Yes,0,1,1,0,0,27.0,27.0
43.671214,-79.405658,At/Near Private Drive,Clear,Daylight,Dry,Non-Fatal Injury,Turning Movement,Passenger,30 to 34,None,,0,0,1,1,0,0,0,Yes,0,1,0,0,0,95.0,95.0
43.691016,-79.450549,Non Intersection,Clear,Daylight,Dry,Fatal,Pedestrian Collisions,Passenger,30 to 34,None,,1,0,1,0,0,0,0,Yes,0,0,0,0,0,109.0,109.0
43.677939,-79.349582,At Intersection,Clear,Daylight,Dry,Non-Fatal Injury,SMV Other,Truck Driver,45 to 49,None,Normal,0,0,0,0,1,0,0,Yes,0,0,0,0,0,68.0,68.0
43.706721,-79.398357,At Intersection,Clear,"Dark, artificial",Dry,Non-Fatal Injury,Pedestrian Collisions,Driver,15 to 19,Minimal,Medical or Physical Disability,1,0,1,0,0,0,0,Yes,1,1,0,0,1,174.0,104.0
43.775893,-79.320316,At Intersection,Clear,"Dark, artificial",Dry,Fatal,Pedestrian Collisions,Driver,35 to 39,None,Normal,1,0,1,0,0,0,0,,0,0,0,0,0,118.0,118.0
43.727336,-79.26588,At Intersection,Clear,"Dark, artificial",Dry,Non-Fatal Injury,Cyclist Collisions,Cyclist,35 to 39,Major,,0,1,0,0,0,0,1,,0,0,0,0,0,124.0,124.0
43.654246,-79.383167,At Intersection,Clear,Daylight,Dry,Non-Fatal Injury,Turning Movement,Driver,35 to 39,None,Inattentive,0,0,1,1,0,0,0,Yes,0,1,0,0,0,170.0,76.0
43.691016,-79.450549,Non Intersection,Clear,Daylight,Dry,Fatal,Pedestrian Collisions,Passenger,25 to 29,None,,1,0,1,0,0,0,0,Yes,0,0,0,0,0,109.0,109.0
43.651641,-79.485439,At Intersection,Clear,"Dark, artificial",Dry,Non-Fatal Injury,Sideswipe,Passenger,20 to 24,None,,0,0,1,1,0,0,0,Yes,0,0,0,0,0,114.0,114.0
43.770346,-79.371257,At Intersection,Clear,Daylight,Dry,Non-Fatal Injury,Pedestrian Collisions,Driver,85 to 89,None,Inattentive,1,0,1,0,0,0,0,,0,0,0,0,0,52.0,52.0
43.677939,-79.349582,At Intersection,Clear,Daylight,Dry,Non-Fatal Injury,SMV Other,Passenger,45 to 49,Major,,0,0,0,0,1,0,0,Yes,0,0,0,0,0,68.0,68.0
43.706721,-79.398357,At Intersection,Clear,"Dark, artificial",Dry,Non-Fatal Injury,Pedestrian Collisions,Driver,70 to 74,None,Normal,1,0,1,0,0,0,0,Yes,1,1,0,0,1,174.0,104.0