LATITUDE,LONGITUDE,ACCLOC,VISIBILITY,LIGHT,RDSFCOND,ACCLASS,IMPACTYPE,INVTYPE,INVAGE,INJURY,DRIVCOND,PEDESTRIAN,CYCLIST,AUTOMOBILE,MOTORCYCLE,TRUCK,TRSN_CITY_VEH,EMERG_VEH,PASSENGER,SPEEDING,AG_DRIV,REDLIGHT,ALCOHOL,DISABILITY,HOOD_158,HOOD_140
43.734515,-79.447238,At Intersection,Clear,Daylight,Dry,Fatal,Turning Movement,Driver,45 to 49,None,Inattentive,0,0,1,1,0,0,0,,0,1,0,0,0,33.0,33.0
43.651934,-79.570628,Non Intersection,Clear,Daylight,Dry,Non-Fatal Injury,Angle,Passenger,15 to 19,Minor,,0,0,1,0,0,1,0,Yes,0,1,0,0,0,13.0,13.0
43.803004,-79.194843,At Intersection,Clear,Daylight,Dry,Fatal,Rear End,Driver,45 to 49,None,Normal,0,0,1,0,0,1,0,,0,0,0,0,0,144.0,131.0
43.635283,-79.563747,Intersection Related,Clear,Daylight,Dry,Non-Fatal Injury,Pedestrian Collisions,Driver,20 to 24,None,Normal,1,0,1,0,0,0,0,,0,0,0,0,0,12.0,12.0
43.730475,-79.250911,At Intersection,Clear,"Dark, artificial",Dry,Non-Fatal Injury,Pedestrian Collisions,Pedestrian,15 to 19,Major,,1,0,1,0,0,0,0,,0,0,0,0,0,124.0,124.0
43.767161,-79.36362,Intersection Related,Clear,"Dark, artificial",Dry,Non-Fatal Injury,Pedestrian Collisions,Driver,30 to 34,None,Inattentive,1,0,1,0,0,0,0,,0,1,0,0,0,52.0,52.0
43.658881,-79.394641,At Intersection,Clear,Daylight,Dry,Non-Fatal Injury,Cyclist Collisions,Cyclist,25 to 29,Major,,0,1,1,0,0,0,0,,0,1,0,0,0,78.0,78.0
43.67528,-79.45473,Intersection Related,Clear,"Dark, artificial",Dry,Non-Fatal Injury,Cyclist Collisions,Driver,unknown,None,Inattentive,0,1,1,0,0,0,0,,0,1,0,0,0,92.0,92.0
43.658881,-79.394641,At Intersection,Clear,Daylight,Dry,Non-Fatal Injury,Cyclist Collisions,Driver,30 to 34,None,Normal,0,1,1,0,0,0,0,,0,1,0,0,0,78.0,78.0
43.801318,-79.404666,Non Intersection,Rain,"Dark, artificial",Wet,Non-Fatal Injury,Rear End,Passenger,25 to 29,None,,0,0,1,0,0,0,0,Yes,0,1,0,0,0,50.0,50.0
43.651934,-79.570628,Non Intersection,Clear,Daylight,Dry,Non-Fatal Injury,Angle,Passenger,15 to 19,Minor,,0,0,1,0,0,1,0,Yes,0,1,0,0,0,13.0,13.0
43.658438,-79.440212,Non Intersection,Clear,"Dark, artificial",Wet,Non-Fatal Injury,Pedestrian Collisions,Driver,unknown,None,Unknown,1,0,1,0,0,0,0,,0,0,0,0,0,83.0,83.0
43.635283,-79.563747,Intersection Related,Clear,Daylight,Dry,Non-Fatal Injury,Pedestrian Collisions,Pedestrian,80 to 84,Major,,1,0,1,0,0,0,0,,0,0,0,0,0,12.0,12.0
43.730475,-79.250911,At Intersection,Clear,"Dark, artificial",Dry,Non-Fatal Injury,Pedestrian Collisions,Driver,45 to 49,None,Normal,1,0,1,0,0,0,0,,0,0,0,0,0,124.0,124.0
43.767161,-79.36362,Intersection Related,Clear,"Dark, artificial",Dry,Non-Fatal Injury,Pedestrian Collisions,Pedestrian,75 to 79,Major,,1,0,1,0,0,0,0,,0,1,0,0,0,52.0,52.0
43.801318,-79.404666,Non Intersection,Rain,"Dark, artificial",Wet,Non-Fatal Injury,Rear End,Passenger,0 to 4,Minimal,,0,0,1,0,0,0,0,Yes,0,1,0,0,0,50.0,50.0
43.729903,-79.292049,Intersection Related,Clear,"Dark, artificial",Dry,Non-Fatal Injury,Turning Movement,Driver,20 to 24,None,Normal,0,0,1,0,0,0,0,Yes,1,1,1,0,0,119.0,119.0
43.801318,-79.404666,Non Intersection,Rain,"Dark, artificial",Wet,Non-Fatal Injury,Rear End,Driver,30 to 34,Major,Normal,0,0,1,0,0,0,0,Yes,0,1,0,0,0,50.0,50.0
43.788512,-79.145709,At/Near Private Drive,Clear,Daylight,Dry,Non-Fatal Injury,Rear End,Driver,20 to 24,None,Normal,0,0,1,0,0,0,0,,0,1,0,0,0,133.0,133.0
43.67528,-79.45473,Intersection Related,Clear,"Dark, artificial",Dry,Non-Fatal Injury,Cyclist Collisions,Cyclist,40 to 44,Major,,0,1,1,0,0,0,0,,0,1,0,0,0,92.0,92.0
43.801318,-79.404666,Non Intersection,Rain,"Dark, artificial",Wet,Non-Fatal Injury,Rear End,Driver,30 to 34,Minimal,Normal,0,0,1,0,0,0,0,Yes,0,1,0,0,0,50.0,50.0
43.729903,-79.292049,Intersection Related,Clear,"Dark, artificial",Dry,Non-Fatal Injury,Turning Movement,Driver,45 to 49,Major,Normal,0,0,1,0,0,0,0,Yes,1,1,1,0,0,119.0,119.0
43.788512,-79.145709,At/Near Private Drive,Clear,Daylight,Dry,Non-Fatal Injury,Rear End,Driver,25 to 29,Minimal,Normal,0,0,1,0,0,0,0,,0,1,0,0,0,133.0,133.0
43.831568,-79.2457,At Intersection,Clear,"Dark, artificial",Dry,Non-Fatal Injury,SMV Other,Driver,20 to 24,Minor,Had Been Drinking,0,0,1,0,0,0,0,Yes,0,0,0,0,0,144.0,131.0
43.812064,-79.301906,At Intersection,Clear,"Dark, artificial",Dry,Non-Fatal Injury,Cyclist Collisions,Driver,70 to 74,None,Inattentive,0,1,1,0,0,0,0,,0,0,0,0,0,130.0,130.0
43.658438,-79.440212,Non Intersection,Clear,"Dark, artificial",Wet,Non-Fatal Injury,Pedestrian Collisions,Pedestrian,20 to 24,Major,,1,0,1,0,0,0,0,,0,0,0,0,0,83.0,83.0
43.676146,-79.494518,Non Intersection,Clear,Daylight,Dry,Fatal,Cyclist Collisions,Cyclist,70 to 74,Fatal,,0,1,1,0,0,0,0,,0,0,0,0,0,111.0,111.0
43.788512,-79.145709,At/Near Private Drive,Clear,Daylight,Dry,Non-Fatal Injury,Rear End,Driver,60 to 64,Major,Normal,0,0,1,0,0,0,0,,0,1,0,0,0,133.0,133.0
43.708155,-79.565051,At Intersection,Clear,Daylight,Dry,Non-Fatal Injury,Angle,Driver,30 to 34,None,Normal,0,0,1,1,0,0,0,Yes,0,1,0,0,0,1.0,1.0
43.676146,-79.494518,Non Intersection,Clear,Daylight,Dry,Fatal,Cyclist Collisions,Driver,60 to 64,None,Normal,0,1,1,0,0,0,0,,0,0,0,0,0,111.0,111.0
43.756446,-79.341022,At/Near Private Drive,Clear,Daylight,Dry,Fatal,Pedestrian Collisions,Pedestrian,80 to 84,Fatal,,1,0,1,0,0,0,0,,0,0,0,0,0,149.0,45.0
43.801318,-79.404666,Non Intersection,Rain,"Dark, artificial",Wet,Non-Fatal Injury,Rear End,Driver,60 to 64,None,Inattentive,0,0,1,0,0,0,0,Yes,0,1,0,0,0,50.0,50.0
43.812064,-79.301906,At Intersection,Clear,"Dark, artificial",Dry,Non-Fatal Injury,Cyclist Collisions,Cyclist,55 to 59,Major,,0,1,1,0,0,0,0,,0,0,0,0,0,130.0,130.0
43.729903,-79.292049,Intersection Related,Clear,"Dark, artificial",Dry,Non-Fatal Injury,Turning Movement,Passenger,15 to 19,Minor,,0,0,1,0,0,0,0,Yes,1,1,1,0,0,119.0,119.0
43.831568,-79.2457,At Intersection,Clear,"Dark, artificial",Dry,Non-Fatal Injury,SMV Other,Passenger,20 to 24,Major,,0,0,1,0,0,0,0,Yes,0,0,0,0,0,144.0,131.0
43.717608,-79.582813,Non Intersection,Clear,"Dark, artificial",Dry,Non-Fatal Injury,SMV Other,Driver,60 to 64,Major,Inattentive,0,0,1,0,0,0,0,,1,1,0,0,0,1.0,1.0
43.692958,-79.462169,Intersection Related,Clear,"Dark, artificial",Dry,Non-Fatal Injury,Pedestrian Collisions,Driver,unknown,None,Unknown,1,0,1,0,0,0,0,,0,1,0,0,0,109.0,109.0
43.756446,-79.341022,At/Near Private Drive,Clear,Daylight,Dry,Fatal,Pedestrian Collisions,Driver,25 to 29,None,Unknown,1,0,1,0,0,0,0,,0,0,0,0,0,149.0,45.0
43.685794,-79.481639,At Intersection,Clear,Daylight,Dry,Non-Fatal Injury,Turning Movement,Motorcycle Driver,35 to 39,Major,Unknown,0,0,1,1,0,0,0,,1,1,0,0,0,110.0,110.0
43.716109,-79.282733,At Intersection,Clear,"Dark, artificial",Wet,Non-Fatal Injury,Pedestrian Collisions,Driver,35 to 39,None,Inattentive,1,0,1,0,0,0,0,Yes,0,0,0,0,0,120.0,120.0
43.708155,-79.565051,At Intersection,Clear,Daylight,Dry,Non-Fatal Injury,Angle,Motorcycle Driver,60 to 64,Major,Normal,0,0,1,1,0,0,0,Yes,0,1,0,0,0,1.0,1.0
43.678198,-79.34827,Intersection Related,Clear,Daylight,Dry,Non-Fatal Injury,Cyclist Collisions,Driver,unknown,None,Inattentive,0,1,1,0,0,0,0,,0,1,0,0,0,68.0,68.0
43.816786,-79.336421,At Intersection,Clear,Daylight,Dry,Non-Fatal Injury,Pedestrian Collisions,Driver,65 to 69,None,Inattentive,1,0,1,0,0,0,0,,0,1,0,0,0,116.0,116.0
43.702807,-79.503795,At Intersection,Clear,"Dark, artificial",Dry,Non-Fatal Injury,Rear End,Motorcycle Driver,35 to 39,Major,Normal,0,0,1,1,0,0,0,Yes,0,0,0,0,0,30.0,30.0
43.708155,-79.565051,At Intersection,Clear,Daylight,Dry,Non-Fatal Injury,Angle,Passenger,55 to 59,None,,0,0,1,1,0,0,0,Yes,0,1,0,0,0,1.0,1.0
43.692958,-79.462169,Intersection Related,Clear,"Dark, artificial",Dry,Non-Fatal Injury,Pedestrian Collisions,Pedestrian,25 to 29,Major,,1,0,1,0,0,0,0,,0,1,0,0,0,109.0,109.0
43.674712,-79.430972,Intersection Related,Clear,Daylight,Dry,Fatal,Pedestrian Collisions,Driver,50 to 54,None,Inattentive,1,0,1,0,0,0,0,,0,1,0,0,0,94.0,94.0
43.725951,-79.313487,Intersection Related,Clear,"Dark, artificial",Wet,Non-Fatal Injury,Turning Movement,Driver,25 to 29,None,Normal,0,0,1,0,0,0,0,Yes,0,0,0,0,0,43.0,43.0
43.674712,-79.430972,Intersection Related,Clear,Daylight,Dry,Fatal,Pedestrian Collisions,Pedestrian,Over 95,Fatal,,1,0,1,0,0,0,0,,0,1,0,0,0,94.0,94.0
43.716109,-79.282733,At Intersection,Clear,"Dark, artificial",Wet,Non-Fatal Injury,Pedestrian Collisions,Pedestrian,70 to 74,Major,,1,0,1,0,0,0,0,Yes,0,0,0,0,0,120.0,120.0
43.678198,-79.34827,Intersection Related,Clear,Daylight,Dry,Non-Fatal Injury,Cyclist Collisions,Cyclist,20 to 24,Major,,0,1,1,0,0,0,0,,0,1,0,0,0,68.0,68.0
43.702807,-79.503795,At Intersection,Clear,"Dark, artificial",Dry,Non-Fatal Injury,Rear End,Driver,65 to 69,None,Inattentive,0,0,1,1,0,0,0,Yes,0,0,0,0,0,30.0,30.0
43.816786,-79.336421,At Intersection,Clear,Daylight,Dry,Non-Fatal Injury,Pedestrian Collisions,Pedestrian,60 to 64,Major,,1,0,1,0,0,0,0,,0,1,0,0,0,116.0,116.0
43.688643,-79.36375,Non Intersection,Rain,Daylight,Wet,Non-Fatal Injury,SMV Other,Motorcycle Driver,25 to 29,Major,Normal,0,0,0,1,0,0,0,,0,0,0,0,0,56.0,56.0
43.777068,-79.231982,Non Intersection,Rain,Daylight,Wet,Non-Fatal Injury,Pedestrian Collisions,Pedestrian,20 to 24,Major,,1,0,1,0,0,0,0,,0,0,0,0,0,142.0,137.0
43.716109,-79.282733,At Intersection,Clear,"Dark, artificial",Wet,Non-Fatal Injury,Pedestrian Collisions,Passenger,50 to 54,None,,1,0,1,0,0,0,0,Yes,0,0,0,0,0,120.0,120.0
43.777068,-79.231982,Non Intersection,Rain,Daylight,Wet,Non-Fatal Injury,Pedestrian Collisions,Driver,40 to 44,None,Normal,1,0,1,0,0,0,0,,0,0,0,0,0,142.0,137.0
43.685794,-79.481639,At Intersection,Clear,Daylight,Dry,Non-Fatal Injury,Turning Movement,Driver,35 to 39,None,Normal,0,0,1,1,0,0,0,,1,1,0,0,0,110.0,110.0
43.734519,-79.258098,Intersection Related,Clear,Daylight,Dry,Fatal,Pedestrian Collisions,Pedestrian,40 to 44,Fatal,,1,0,1,0,0,0,0,,1,1,1,0,0,124.0,124.0
43.768756,-79.520358,At Intersection,Clear,"Dark, artificial",Dry,Non-Fatal Injury,Turning Movement,Driver,20 to 24,None,Normal,0,0,1,0,0,0,0,,0,1,0,1,0,24.0,24.0
43.618716,-79.506374,At Intersection,Clear,"Dark, artificial",Dry,Non-Fatal Injury,Pedestrian Collisions,Driver,25 to 29,None,Inattentive,1,0,1,0,0,0,0,,0,1,0,0,0,160.0,17.0
43.652568,-79.432521,Intersection Related,Clear,Daylight,Dry,Non-Fatal Injury,Cyclist Collisions,Driver,50 to 54,None,Inattentive,0,1,1,0,0,0,0,,0,1,0,0,0,84.0,84.0
43.725951,-79.313487,Intersection Related,Clear,"Dark, artificial",Wet,Non-Fatal Injury,Turning Movement,Driver,50 to 54,None,Normal,0,0,1,0,0,0,0,Yes,0,0,0,0,0,43.0,43.0
43.650939,-79.43996,At Intersection,Clear,"Dusk, artificial",Dry,Non-Fatal Injury,Pedestrian Collisions,Driver,unknown,None,Unknown,1,0,1,0,0,0,0,,0,0,0,0,0,83.0,83.0
43.646231,-79.559947,Intersection Related,Clear,Daylight,Dry,Non-Fatal Injury,Pedestrian Collisions,Driver,80 to 84,None,Normal,1,0,1,0,0,0,0,Yes,0,0,0,0,0,158.0,14.0
43.702807,-79.503795,At Intersection,Clear,"Dark, artificial",Dry,Non-Fatal Injury,Rear End,Passenger,20 to 24,None,,0,0,1,1,0,0,0,Yes,0,0,0,0,0,30.0,30.0
43.734519,-79.258098,Intersection Related,Clear,Daylight,Dry,Fatal,Pedestrian Collisions,Driver,unknown,None,Unknown,1,0,1,0,0,0,0,,1,1,1,0,0,124.0,124.0
43.725951,-79.313487,Intersection Related,Clear,"Dark, artificial",Wet,Non-Fatal Injury,Turning Movement,Passenger,25 to 29,None,,0,0,1,0,0,0,0,Yes,0,0,0,0,0,43.0,43.0
43.768756,-79.520358,At Intersection,Clear,"Dark, artificial",Dry,Non-Fatal Injury,Turning Movement,Driver,25 to 29,Major,"Ability Impaired, Alcohol",0,0,1,0,0,0,0,,0,1,0,1,0,24.0,24.0
43.618716,-79.506374,At Intersection,Clear,"Dark, artificial",Dry,Non-Fatal Injury,Pedestrian Collisions,Pedestrian,85 to 89,Major,,1,0,1,0,0,0,0,,0,1,0,0,0,160.0,17.0
43.650939,-79.43996,At Intersection,Clear,"Dusk, artificial",Dry,Non-Fatal Injury,Pedestrian Collisions,Pedestrian,25 to 29,Major,,1,0,1,0,0,0,0,,0,0,0,0,0,83.0,83.0
43.646231,-79.559947,Intersection Related,Clear,Daylight,Dry,Non-Fatal Injury,Pedestrian Collisions,Passenger,90 to 94,None,,1,0,1,0,0,0,0,Yes,0,0,0,0,0,158.0,14.0
43.704402,-79.504207,At Intersection,Clear,"Dark, artificial",Dry,Non-Fatal Injury,Turning Movement,Passenger,55 to 59,Minimal,,0,0,1,1,0,0,0,Yes,0,1,0,0,0,28.0,28.0
43.652568,-79.432521,Intersection Related,Clear,Daylight,Dry,Non-Fatal Injury,Cyclist Collisions,Cyclist,65 to 69,Major,,0,1,1,0,0,0,0,,0,1,0,0,0,84.0,84.0
43.725951,-79.313487,Intersection Related,Clear,"Dark, artificial",Wet,Non-Fatal Injury,Turning Movement,Passenger,20 to 24,Minor,,0,0,1,0,0,0,0,Yes,0,0,0,0,0,43.0,43.0
43.717787,-79.299754,Intersection Related,Clear,Daylight,Dry,Non-Fatal Injury,Rear End,Driver,65 to 69,Major,Inattentive,0,0,1,0,0,0,0,Yes,0,0,0,0,0,120.0,120.0
43.65576,-79.598361,At Intersection,Clear,Daylight,Dry,Non-Fatal Injury,Turning Movement,Driver,55 to 59,None,Normal,0,0,1,0,0,0,0,,0,0,0,0,0,11.0,11.0
43.814719,-79.344959,Intersection Related,Clear,Daylight,Dry,Non-Fatal Injury,Rear End,Passenger,75 to 79,None,,0,0,1,0,0,0,0,Yes,1,1,0,0,0,48.0,48.0
43.655352,-79.385181,At Intersection,Clear,Daylight,Dry,Non-Fatal Injury,Cyclist Collisions,Driver,55 to 59,None,Inattentive,0,1,1,0,0,0,0,,0,1,0,0,0,170.0,76.0
43.704402,-79.504207,At Intersection,Clear,"Dark, artificial",Dry,Non-Fatal Injury,Turning Movement,Motorcycle Driver,20 to 24,Major,Normal,0,0,1,1,0,0,0,Yes,0,1,0,0,0,28.0,28.0
43.65576,-79.598361,At Intersection,Clear,Daylight,Dry,Non-Fatal Injury,Turning Movement,Driver,20 to 24,Major,Normal,0,0,1,0,0,0,0,,0,0,0,0,0,11.0,11.0
43.717787,-79.299754,Intersection Related,Clear,Daylight,Dry,Non-Fatal Injury,Rear End,Driver,25 to 29,Minor,Normal,0,0,1,0,0,0,0,Yes,0,0,0,0,0,120.0,120.0
43.725951,-79.313487,Intersection Related,Clear,"Dark, artificial",Wet,Non-Fatal Injury,Turning Movement,Passenger,15 to 19,Major,,0,0,1,0,0,0,0,Yes,0,0,0,0,0,43.0,43.0
43.814719,-79.344959,Intersection Related,Clear,Daylight,Dry,Non-Fatal Injury,Rear End,Passenger,70 to 74,Minor,,0,0,1,0,0,0,0,Yes,1,1,0,0,0,48.0,48.0
43.655352,-79.385181,At Intersection,Clear,Daylight,Dry,Non-Fatal Injury,Cyclist Collisions,Cyclist,25 to 29,Major,,0,1,1,0,0,0,0,,0,1,0,0,0,170.0,76.0
43.704402,-79.504207,At Intersection,Clear,"Dark, artificial",Dry,Non-Fatal Injury,Turning Movement,Driver,50 to 54,Minimal,Inattentive,0,0,1,1,0,0,0,Yes,0,1,0,0,0,28.0,28.0
43.657778,-79.373676,At/Near Private Drive,Clear,Dark,Wet,Fatal,Pedestrian Collisions,Pedestrian,70 to 74,Fatal,,1,0,1,0,0,0,0,,0,0,0,0,0,73.0,73.0
43.717787,-79.299754,Intersection Related,Clear,Daylight,Dry,Non-Fatal Injury,Rear End,Passenger,30 to 34,Minimal,,0,0,1,0,0,0,0,Yes,0,0,0,0,0,120.0,120.0
43.725951,-79.313487,Intersection Related,Clear,"Dark, artificial",Wet,Non-Fatal Injury,Turning Movement,Passenger,50 to 54,Minor,,0,0,1,0,0,0,0,Yes,0,0,0,0,0,43.0,43.0
43.646231,-79.559947,Intersection Related,Clear,Daylight,Dry,Non-Fatal Injury,Pedestrian Collisions,Pedestrian,50 to 54,Major,,1,0,1,0,0,0,0,Yes,0,0,0,0,0,158.0,14.0
43.650077,-79.568996,Non Intersection,Clear,"Dark, artificial",Dry,Non-Fatal Injury,Pedestrian Collisions,Driver,40 to 44,None,Normal,1,0,1,0,0,0,0,Yes,0,0,0,0,0,13.0,13.0
43.657778,-79.373676,At/Near Private Drive,Clear,Dark,Wet,Fatal,Pedestrian Collisions,Driver,35 to 39,None,Normal,1,0,1,0,0,0,0,,0,0,0,0,0,73.0,73.0
43.740336,-79.332057,Non Intersection,Clear,Daylight,Dry,Non-Fatal Injury,Rear End,Motorcycle Driver,45 to 49,Major,Normal,0,0,1,1,0,0,0,,0,0,0,0,0,42.0,42.0
43.658351,-79.370532,Non Intersection,Rain,"Dark, artificial",Wet,Fatal,Pedestrian Collisions,Pedestrian,45 to 49,Fatal,,1,0,1,0,0,0,0,,0,0,0,0,0,73.0,73.0
43.814719,-79.344959,Intersection Related,Clear,Daylight,Dry,Non-Fatal Injury,Rear End,Passenger,30 to 34,None,,0,0,1,0,0,0,0,Yes,1,1,0,0,0,48.0,48.0
43.674872,-79.395358,Non Intersection,Clear,Daylight,Dry,Non-Fatal Injury,Cyclist Collisions,Truck Driver,35 to 39,None,Normal,0,1,0,0,1,0,0,,0,0,0,0,0,95.0,95.0
43.803679,-79.28625,At Intersection,"Fog, Mist, Smoke, Dust","Dark, artificial",Wet,Non-Fatal Injury,Turning Movement,Driver,20 to 24,None,Normal,0,0,1,0,0,0,0,Yes,1,1,0,0,0,129.0,129.0
43.658351,-79.370532,Non Intersection,Rain,"Dark, artificial",Wet,Fatal,Pedestrian Collisions,Driver,unknown,None,Unknown,1,0,1,0,0,0,0,,0,0,0,0,0,73.0,73.0
43.740336,-79.332057,Non Intersection,Clear,Daylight,Dry,Non-Fatal Injury,Rear End,Driver,40 to 44,None,Normal,0,0,1,1,0,0,0,,0,0,0,0,0,42.0,42.0
43.766555,-79.526157,Non Intersection,Clear,Daylight,Other,Non-Fatal Injury,SMV Other,Driver,85 to 89,Major,Inattentive,0,0,1,0,0,0,0,,0,0,0,0,0,24.0,24.0
43.650077,-79.568996,Non Intersection,Clear,"Dark, artificial",Dry,Non-Fatal Injury,Pedestrian Collisions,Passenger,20 to 24,None,,1,0,1,0,0,0,0,Yes,0,0,0,0,0,13.0,13.0
43.80511,-79.22665,At Intersection,Rain,"Dark, artificial",Wet,Non-Fatal Injury,Pedestrian Collisions,Driver,40 to 44,None,Inattentive,1,0,1,0,0,0,0,,0,0,0,0,0,145.0,132.0
43.651053,-79.436054,At Intersection,Clear,"Dark, artificial",Dry,Non-Fatal Injury,Cyclist Collisions,Driver,20 to 24,None,Normal,0,1,1,0,0,0,0,,0,0,0,0,0,84.0,84.0
43.674872,-79.395358,Non Intersection,Clear,Daylight,Dry,Non-Fatal Injury,Cyclist Collisions,Cyclist,20 to 24,Major,,0,1,0,0,1,0,0,,0,0,0,0,0,95.0,95.0
43.734683,-79.446399,At Intersection,Clear,Daylight,Dry,Non-Fatal Injury,Turning Movement,Passenger,65 to 69,Minor,,0,0,1,0,0,1,0,Yes,0,0,0,0,0,33.0,33.0
43.80511,-79.22665,At Intersection,Rain,"Dark, artificial",Wet,Non-Fatal Injury,Pedestrian Collisions,Pedestrian,15 to 19,Major,,1,0,1,0,0,0,0,,0,0,0,0,0,145.0,132.0
43.803679,-79.28625,At Intersection,"Fog, Mist, Smoke, Dust","Dark, artificial",Wet,Non-Fatal Injury,Turning Movement,Driver,20 to 24,Major,Normal,0,0,1,0,0,0,0,Yes,1,1,0,0,0,129.0,129.0
43.649577,-79.431415,At Intersection,Rain,Daylight,Wet,Non-Fatal Injury,Pedestrian Collisions,Driver,30 to 34,None,Normal,1,0,1,0,0,0,0,,0,1,0,0,0,84.0,84.0
43.650077,-79.568996,Non Intersection,Clear,"Dark, artificial",Dry,Non-Fatal Injury,Pedestrian Collisions,Passenger,30 to 34,None,,1,0,1,0,0,0,0,Yes,0,0,0,0,0,13.0,13.0
43.651053,-79.436054,At Intersection,Clear,"Dark, artificial",Dry,Non-Fatal Injury,Cyclist Collisions,Cyclist,30 to 34,Major,,0,1,1,0,0,0,0,,0,0,0,0,0,84.0,84.0
43.814719,-79.344959,Intersection Related,Clear,Daylight,Dry,Non-Fatal Injury,Rear End,Passenger,30 to 34,Minor,,0,0,1,0,0,0,0,Yes,1,1,0,0,0,48.0,48.0
43.665156,-79.451022,Non Intersection,Clear,"Dark, artificial",Dry,Non-Fatal Injury,SMV Unattended Vehicle,Driver,20 to 24,Major,Unknown,0,0,1,0,0,0,0,,0,1,0,0,0,171.0,93.0
43.734683,-79.446399,At Intersection,Clear,Daylight,Dry,Non-Fatal Injury,Turning Movement,Passenger,5 to 9,Minimal,,0,0,1,0,0,1,0,Yes,0,0,0,0,0,33.0,33.0
43.683394,-79.323482,Intersection Related,Clear,Daylight,Dry,Non-Fatal Injury,Cyclist Collisions,Cyclist,60 to 64,Major,,0,1,1,0,0,0,0,,0,0,0,0,0,64.0,66.0
43.688346,-79.474239,At Intersection,Rain,"Dawn, artificial",Wet,Non-Fatal Injury,Pedestrian Collisions,Driver,30 to 34,None,Normal,1,0,1,0,0,0,0,,0,1,0,0,0,110.0,110.0
43.734683,-79.446399,At Intersection,Clear,Daylight,Dry,Non-Fatal Injury,Turning Movement,Passenger,5 to 9,Minimal,,0,0,1,0,0,1,0,Yes,0,0,0,0,0,33.0,33.0
43.734683,-79.446399,At Intersection,Clear,Daylight,Dry,Non-Fatal Injury,Turning Movement,Passenger,35 to 39,Major,,0,0,1,0,0,1,0,Yes,0,0,0,0,0,33.0,33.0
43.803679,-79.28625,At Intersection,"Fog, Mist, Smoke, Dust","Dark, artificial",Wet,Non-Fatal Injury,Turning Movement,Passenger,20 to 24,Minimal,,0,0,1,0,0,0,0,Yes,1,1,0,0,0,129.0,129.0
43.814719,-79.344959,Intersection Related,Clear,Daylight,Dry,Non-Fatal Injury,Rear End,Driver,35 to 39,None,Normal,0,0,1,0,0,0,0,Yes,1,1,0,0,0,48.0,48.0
43.683394,-79.323482,Intersection Related,Clear,Daylight,Dry,Non-Fatal Injury,Cyclist Collisions,Driver,55 to 59,None,Normal,0,1,1,0,0,0,0,,0,0,0,0,0,64.0,66.0
43.688346,-79.474239,At Intersection,Rain,"Dawn, artificial",Wet,Non-Fatal Injury,Pedestrian Collisions,Pedestrian,unknown,Major,,1,0,1,0,0,0,0,,0,1,0,0,0,110.0,110.0
43.650077,-79.568996,Non Intersection,Clear,"Dark, artificial",Dry,Non-Fatal Injury,Pedestrian Collisions,Passenger,10 to 14,None,,1,0,1,0,0,0,0,Yes,0,0,0,0,0,13.0,13.0
43.649577,-79.431415,At Intersection,Rain,Daylight,Wet,Non-Fatal Injury,Pedestrian Collisions,Pedestrian,65 to 69,Major,,1,0,1,0,0,0,0,,0,1,0,0,0,84.0,84.0
43.803679,-79.28625,At Intersection,"Fog, Mist, Smoke, Dust","Dark, artificial",Wet,Non-Fatal Injury,Turning Movement,Passenger,15 to 19,None,,0,0,1,0,0,0,0,Yes,1,1,0,0,0,129.0,129.0
43.753928,-79.265865,Intersection Related,Rain,Daylight,Wet,Non-Fatal Injury,Pedestrian Collisions,Driver,55 to 59,None,Normal,1,0,1,0,0,0,0,,1,1,0,0,0,156.0,127.0
43.73878,-79.245494,Non Intersection,Clear,Daylight,Dry,Non-Fatal Injury,Other,Driver,30 to 34,None,Normal,0,0,0,0,0,1,0,Yes,0,0,0,0,0,138.0,138.0
43.734683,-79.446399,At Intersection,Clear,Daylight,Dry,Non-Fatal Injury,Turning Movement,Driver,30 to 34,None,Normal,0,0,1,0,0,1,0,Yes,0,0,0,0,0,33.0,33.0
43.688971,-79.522189,At/Near Private Drive,Clear,Daylight,Dry,Non-Fatal Injury,Pedestrian Collisions,Driver,35 to 39,None,,1,0,1,0,0,0,0,,0,0,0,0,0,8.0,8.0
43.650077,-79.568996,Non Intersection,Clear,"Dark, artificial",Dry,Non-Fatal Injury,Pedestrian Collisions,Pedestrian,15 to 19,Major,,1,0,1,0,0,0,0,Yes,0,0,0,0,0,13.0,13.0