LATITUDE,LONGITUDE,ACCLOC,VISIBILITY,LIGHT,RDSFCOND,ACCLASS,IMPACTYPE,INVTYPE,INVAGE,INJURY,DRIVCOND,PEDESTRIAN,CYCLIST,AUTOMOBILE,MOTORCYCLE,TRUCK,TRSN_CITY_VEH,EMERG_VEH,PASSENGER,SPEEDING,AG_DRIV,REDLIGHT,ALCOHOL,DISABILITY,HOOD_158,HOOD_140
43.794795,-79.196475,At Intersection,Clear,Daylight,Dry,Non-Fatal Injury,Pedestrian Collisions,Pedestrian,20 to 24,Minor,,1,0,1,0,0,0,0,,0,1,0,0,0,134.0,134.0
43.774478,-79.443141,At Intersection,Clear,"Daylight, artificial",Dry,Non-Fatal Injury,Turning Movement,Motorcycle Driver,45 to 49,Major,Normal,0,0,1,1,0,0,0,,0,0,0,0,0,36.0,36.0
43.659129,-79.393443,At Intersection,Clear,"Dark, artificial",Dry,Non-Fatal Injury,Pedestrian Collisions,Passenger,20 to 24,None,,1,0,1,0,0,0,0,Yes,0,1,0,0,0,78.0,78.0
43.744078,-79.40668,At Intersection,Clear,Daylight,Dry,Non-Fatal Injury,Angle,Driver,55 to 59,None,Normal,0,0,1,1,0,0,0,Yes,0,1,1,0,0,40.0,40.0
43.659129,-79.393443,At Intersection,Clear,"Dark, artificial",Dry,Non-Fatal Injury,Pedestrian Collisions,Pedestrian,25 to 29,Major,,1,0,1,0,0,0,0,Yes,0,1,0,0,0,78.0,78.0
43.686503,-79.401767,Non Intersection,Clear,Daylight,Dry,Non-Fatal Injury,Pedestrian Collisions,Pedestrian,75 to 79,Major,,1,0,0,0,0,1,0,,0,0,0,0,0,96.0,96.0
43.741065,-79.250186,At Intersection,Clear,Dark,Wet,Fatal,Turning Movement,Driver,25 to 29,Fatal,Unknown,0,0,1,0,0,0,0,,1,1,0,0,0,138.0,138.0
43.774478,-79.443141,At Intersection,Clear,"Daylight, artificial",Dry,Non-Fatal Injury,Turning Movement,Driver,unknown,None,Unknown,0,0,1,1,0,0,0,,0,0,0,0,0,36.0,36.0
43.744078,-79.40668,At Intersection,Clear,Daylight,Dry,Non-Fatal Injury,Angle,Passenger,65 to 69,None,,0,0,1,1,0,0,0,Yes,0,1,1,0,0,40.0,40.0
43.823207,-79.263141,At Intersection,Clear,Daylight,Dry,Non-Fatal Injury,Pedestrian Collisions,Driver,65 to 69,None,Normal,1,0,1,0,0,0,0,,0,0,0,0,0,130.0,130.0
43.675795,-79.407451,At Intersection,Clear,Daylight,Dry,Non-Fatal Injury,Turning Movement,Driver,25 to 29,None,Normal,0,0,1,0,0,0,0,,0,1,0,0,0,96.0,96.0
43.636943,-79.445483,Non Intersection,Clear,"Dark, artificial",Wet,Non-Fatal Injury,SMV Other,Driver,60 to 64,Major,Fatigue,0,0,1,0,0,0,0,,1,1,0,0,0,85.0,85.0
43.793753,-79.17908,Intersection Related,Clear,"Daylight, artificial",Dry,Fatal,Pedestrian Collisions,Pedestrian,5 to 9,Fatal,,1,0,1,0,0,0,0,,0,0,0,0,0,134.0,134.0
43.675795,-79.407451,At Intersection,Clear,Daylight,Dry,Non-Fatal Injury,Turning Movement,Driver,10 to 14,Major,Normal,0,0,1,0,0,0,0,,0,1,0,0,0,96.0,96.0
43.765731,-79.28104,At Intersection,Clear,Daylight,Dry,Non-Fatal Injury,Other,Passenger,55 to 59,Major,,0,0,0,0,0,1,0,Yes,0,0,0,0,0,126.0,126.0
43.765731,-79.28104,At Intersection,Clear,Daylight,Dry,Non-Fatal Injury,Other,Driver,35 to 39,None,Normal,0,0,0,0,0,1,0,Yes,0,0,0,0,0,126.0,126.0
43.793753,-79.17908,Intersection Related,Clear,"Daylight, artificial",Dry,Fatal,Pedestrian Collisions,Driver,50 to 54,None,Inattentive,1,0,1,0,0,0,0,,0,0,0,0,0,134.0,134.0
43.711005,-79.399272,At Intersection,Clear,Dusk,Dry,Non-Fatal Injury,Turning Movement,Driver,25 to 29,None,Unknown,0,0,1,1,0,0,0,Yes,0,1,0,0,0,173.0,104.0
43.711005,-79.399272,At Intersection,Clear,Dusk,Dry,Non-Fatal Injury,Turning Movement,Motorcycle Driver,50 to 54,Major,Normal,0,0,1,1,0,0,0,Yes,0,1,0,0,0,173.0,104.0
43.711005,-79.399272,At Intersection,Clear,Dusk,Dry,Non-Fatal Injury,Turning Movement,Motorcycle Passenger,15 to 19,Major,,0,0,1,1,0,0,0,Yes,0,1,0,0,0,173.0,104.0
43.781909,-79.366107,At/Near Private Drive,Clear,Daylight,Dry,Fatal,Angle,Motorcycle Driver,30 to 34,Fatal,Unknown,0,0,1,1,0,0,0,,0,1,0,0,0,47.0,47.0
43.781909,-79.366107,At/Near Private Drive,Clear,Daylight,Dry,Fatal,Angle,Driver,45 to 49,Minimal,Normal,0,0,1,1,0,0,0,,0,1,0,0,0,47.0,47.0
43.745127,-79.582996,Non Intersection,Clear,"Dark, artificial",Dry,Non-Fatal Injury,Approaching,Driver,20 to 24,Minimal,Normal,0,0,1,0,0,0,0,Yes,0,1,0,0,0,2.0,2.0
43.745127,-79.582996,Non Intersection,Clear,"Dark, artificial",Dry,Non-Fatal Injury,Approaching,Driver,50 to 54,Major,Normal,0,0,1,0,0,0,0,Yes,0,1,0,0,0,2.0,2.0
43.745127,-79.582996,Non Intersection,Clear,"Dark, artificial",Dry,Non-Fatal Injury,Approaching,Passenger,35 to 39,Minor,,0,0,1,0,0,0,0,Yes,0,1,0,0,0,2.0,2.0
43.745127,-79.582996,Non Intersection,Clear,"Dark, artificial",Dry,Non-Fatal Injury,Approaching,Passenger,25 to 29,Minor,,0,0,1,0,0,0,0,Yes,0,1,0,0,0,2.0,2.0
43.676657,-79.415744,Intersection Related,Clear,"Dark, artificial",Dry,Non-Fatal Injury,Pedestrian Collisions,Driver,70 to 74,None,Had Been Drinking,1,0,1,0,0,0,0,,0,0,0,0,0,96.0,96.0
43.64049,-79.392963,At Intersection,Clear,Daylight,Dry,Non-Fatal Injury,Pedestrian Collisions,Driver,20 to 24,None,Normal,1,0,1,0,0,0,0,,0,0,0,0,0,165.0,77.0
43.64049,-79.392963,At Intersection,Clear,Daylight,Dry,Non-Fatal Injury,Pedestrian Collisions,Pedestrian,30 to 34,Major,,1,0,1,0,0,0,0,,0,0,0,0,0,165.0,77.0
43.737166,-79.565257,At Intersection,Rain,"Dark, artificial",Wet,Non-Fatal Injury,Turning Movement,Driver,45 to 49,None,Inattentive,0,0,1,1,0,0,0,Yes,0,0,0,0,0,3.0,3.0
43.737166,-79.565257,At Intersection,Rain,"Dark, artificial",Wet,Non-Fatal Injury,Turning Movement,Motorcycle Driver,55 to 59,Major,Normal,0,0,1,1,0,0,0,Yes,0,0,0,0,0,3.0,3.0
43.737166,-79.565257,At Intersection,Rain,"Dark, artificial",Wet,Non-Fatal Injury,Turning Movement,Passenger,45 to 49,Minimal,,0,0,1,1,0,0,0,Yes,0,0,0,0,0,3.0,3.0
43.737166,-79.565257,At Intersection,Rain,"Dark, artificial",Wet,Non-Fatal Injury,Turning Movement,Passenger,5 to 9,None,,0,0,1,1,0,0,0,Yes,0,0,0,0,0,3.0,3.0
43.760802,-79.215762,Non Intersection,Clear,"Dark, artificial",Dry,Fatal,Pedestrian Collisions,Passenger,45 to 49,None,,1,0,1,0,0,0,0,Yes,0,0,0,0,0,141.0,137.0
43.760802,-79.215762,Non Intersection,Clear,"Dark, artificial",Dry,Fatal,Pedestrian Collisions,Pedestrian,80 to 84,Fatal,,1,0,1,0,0,0,0,Yes,0,0,0,0,0,141.0,137.0
43.760802,-79.215762,Non Intersection,Clear,"Dark, artificial",Dry,Fatal,Pedestrian Collisions,Driver,25 to 29,None,Normal,1,0,1,0,0,0,0,Yes,0,0,0,0,0,141.0,137.0
43.760802,-79.215762,Non Intersection,Clear,"Dark, artificial",Dry,Fatal,Pedestrian Collisions,Passenger,20 to 24,None,,1,0,1,0,0,0,0,Yes,0,0,0,0,0,141.0,137.0
43.756503,-79.551357,Non Intersection,Clear,Dawn,Dry,Non-Fatal Injury,SMV Other,Driver,30 to 34,Major,Unknown,0,0,1,0,0,0,0,,1,1,0,0,0,21.0,21.0
43.676657,-79.415744,Intersection Related,Clear,"Dark, artificial",Dry,Non-Fatal Injury,Pedestrian Collisions,Pedestrian,30 to 34,Major,,1,0,1,0,0,0,0,,0,0,0,0,0,96.0,96.0
43.728068,-79.574611,At Intersection,Clear,"Dawn, artificial",Dry,Non-Fatal Injury,Cyclist Collisions,Driver,45 to 49,None,Inattentive,0,1,1,0,0,0,0,,0,0,0,0,0,4.0,4.0
43.728068,-79.574611,At Intersection,Clear,"Dawn, artificial",Dry,Non-Fatal Injury,Cyclist Collisions,Cyclist,60 to 64,Major,,0,1,1,0,0,0,0,,0,0,0,0,0,4.0,4.0
43.65375,-79.393817,At Intersection,Clear,Daylight,Dry,Non-Fatal Injury,Pedestrian Collisions,Pedestrian,40 to 44,Major,,1,0,0,0,1,0,0,,0,0,0,0,0,78.0,78.0
43.65375,-79.393817,At Intersection,Clear,Daylight,Dry,Non-Fatal Injury,Pedestrian Collisions,Truck Driver,60 to 64,None,Normal,1,0,0,0,1,0,0,,0,0,0,0,0,78.0,78.0
43.794589,-79.234897,At Intersection,Rain,Daylight,Wet,Non-Fatal Injury,Turning Movement,Driver,40 to 44,None,Normal,0,0,1,0,0,0,0,Yes,0,0,0,0,0,146.0,132.0
43.794589,-79.234897,At Intersection,Rain,Daylight,Wet,Non-Fatal Injury,Turning Movement,Driver,20 to 24,Major,Normal,0,0,1,0,0,0,0,Yes,0,0,0,0,0,146.0,132.0
43.794589,-79.234897,At Intersection,Rain,Daylight,Wet,Non-Fatal Injury,Turning Movement,Passenger,20 to 24,None,,0,0,1,0,0,0,0,Yes,0,0,0,0,0,146.0,132.0
43.798484,-79.241008,At Intersection,Rain,Daylight,Wet,Non-Fatal Injury,Pedestrian Collisions,Driver,unknown,None,Unknown,1,0,1,0,0,0,0,,0,1,0,0,0,145.0,132.0
43.741427,-79.314204,At Intersection,Clear,Daylight,Dry,Non-Fatal Injury,Rear End,Motorcycle Driver,50 to 54,Major,Normal,0,0,1,1,0,0,0,,0,1,0,0,0,43.0,43.0
43.741427,-79.314204,At Intersection,Clear,Daylight,Dry,Non-Fatal Injury,Rear End,Driver,20 to 24,None,Normal,0,0,1,1,0,0,0,,0,1,0,0,0,43.0,43.0
43.652083,-79.404804,At Intersection,Clear,Daylight,Dry,Non-Fatal Injury,Cyclist Collisions,Cyclist,60 to 64,Major,,0,1,1,0,0,0,0,,0,0,0,0,0,78.0,78.0
43.652083,-79.404804,At Intersection,Clear,Daylight,Dry,Non-Fatal Injury,Cyclist Collisions,Driver,50 to 54,None,Inattentive,0,1,1,0,0,0,0,,0,0,0,0,0,78.0,78.0
43.72465,-79.302608,At Intersection,Rain,"Dark, artificial",Wet,Non-Fatal Injury,Pedestrian Collisions,Pedestrian,65 to 69,Major,,1,0,1,0,0,0,0,,0,1,0,0,0,120.0,120.0
43.72465,-79.302608,At Intersection,Rain,"Dark, artificial",Wet,Non-Fatal Injury,Pedestrian Collisions,Driver,55 to 59,None,Inattentive,1,0,1,0,0,0,0,,0,1,0,0,0,120.0,120.0
43.652369,-79.379222,At Intersection,Clear,Daylight,Dry,Non-Fatal Injury,Other,Passenger,65 to 69,Major,,0,0,0,0,0,1,0,Yes,0,0,0,0,0,168.0,75.0
43.652369,-79.379222,At Intersection,Clear,Daylight,Dry,Non-Fatal Injury,Other,Driver,40 to 44,None,Normal,0,0,0,0,0,1,0,Yes,0,0,0,0,0,168.0,75.0
43.760642,-79.410709,At Intersection,Clear,Daylight,Dry,Non-Fatal Injury,Sideswipe,Driver,55 to 59,None,Inattentive,0,0,1,1,0,0,0,Yes,0,0,0,0,0,153.0,51.0
43.760642,-79.410709,At Intersection,Clear,Daylight,Dry,Non-Fatal Injury,Sideswipe,Motorcycle Driver,50 to 54,Major,Normal,0,0,1,1,0,0,0,Yes,0,0,0,0,0,153.0,51.0
43.760642,-79.410709,At Intersection,Clear,Daylight,Dry,Non-Fatal Injury,Sideswipe,Passenger,55 to 59,None,,0,0,1,1,0,0,0,Yes,0,0,0,0,0,153.0,51.0
43.760642,-79.410709,At Intersection,Clear,Daylight,Dry,Non-Fatal Injury,Sideswipe,Passenger,25 to 29,None,,0,0,1,1,0,0,0,Yes,0,0,0,0,0,153.0,51.0
43.760642,-79.410709,At Intersection,Clear,Daylight,Dry,Non-Fatal Injury,Sideswipe,Passenger,15 to 19,None,,0,0,1,1,0,0,0,Yes,0,0,0,0,0,153.0,51.0
43.760642,-79.410709,At Intersection,Clear,Daylight,Dry,Non-Fatal Injury,Sideswipe,Passenger,15 to 19,None,,0,0,1,1,0,0,0,Yes,0,0,0,0,0,153.0,51.0
43.665332,-79.464519,At Intersection,Clear,Dark,Dry,Non-Fatal Injury,Angle,Driver,55 to 59,Minimal,"Ability Impaired, Alcohol Over .08",0,0,1,0,0,0,0,,1,1,0,1,0,90.0,90.0
43.665332,-79.464519,At Intersection,Clear,Dark,Dry,Non-Fatal Injury,Angle,Driver,60 to 64,Major,Normal,0,0,1,0,0,0,0,,1,1,0,1,0,90.0,90.0
43.773787,-79.442966,At Intersection,Clear,"Daylight, artificial",Dry,Non-Fatal Injury,Angle,Passenger,70 to 74,Major,,0,0,1,0,0,0,0,Yes,0,1,1,0,0,37.0,37.0
43.773787,-79.442966,At Intersection,Clear,"Daylight, artificial",Dry,Non-Fatal Injury,Angle,Passenger,25 to 29,None,,0,0,1,0,0,0,0,Yes,0,1,1,0,0,37.0,37.0
43.773787,-79.442966,At Intersection,Clear,"Daylight, artificial",Dry,Non-Fatal Injury,Angle,Driver,75 to 79,Major,Normal,0,0,1,0,0,0,0,Yes,0,1,1,0,0,37.0,37.0
43.773787,-79.442966,At Intersection,Clear,"Daylight, artificial",Dry,Non-Fatal Injury,Angle,Driver,30 to 34,None,Normal,0,0,1,0,0,0,0,Yes,0,1,1,0,0,37.0,37.0
43.68389,-79.511417,At Intersection,Clear,Daylight,Dry,Non-Fatal Injury,Pedestrian Collisions,Passenger,0 to 4,Minor,,1,0,1,0,0,0,0,Yes,0,1,0,0,0,9.0,9.0
43.68389,-79.511417,At Intersection,Clear,Daylight,Dry,Non-Fatal Injury,Pedestrian Collisions,Passenger,0 to 4,Minor,,1,0,1,0,0,0,0,Yes,0,1,0,0,0,9.0,9.0
43.68389,-79.511417,At Intersection,Clear,Daylight,Dry,Non-Fatal Injury,Pedestrian Collisions,Pedestrian,30 to 34,Minor,,1,0,1,0,0,0,0,Yes,0,1,0,0,0,9.0,9.0
43.68389,-79.511417,At Intersection,Clear,Daylight,Dry,Non-Fatal Injury,Pedestrian Collisions,Driver,25 to 29,None,Normal,1,0,1,0,0,0,0,Yes,0,1,0,0,0,9.0,9.0
43.68389,-79.511417,At Intersection,Clear,Daylight,Dry,Non-Fatal Injury,Pedestrian Collisions,Driver,25 to 29,Major,Normal,1,0,1,0,0,0,0,Yes,0,1,0,0,0,9.0,9.0
43.689715,-79.447826,Non Intersection,Clear,"Dark, artificial",Dry,Non-Fatal Injury,Approaching,Motorcycle Driver,30 to 34,Major,Unknown,0,0,1,1,0,0,0,Yes,1,1,0,0,0,109.0,109.0
43.689715,-79.447826,Non Intersection,Clear,"Dark, artificial",Dry,Non-Fatal Injury,Approaching,Driver,30 to 34,Minor,Normal,0,0,1,1,0,0,0,Yes,1,1,0,0,0,109.0,109.0
43.689715,-79.447826,Non Intersection,Clear,"Dark, artificial",Dry,Non-Fatal Injury,Approaching,Motorcycle Passenger,25 to 29,Major,,0,0,1,1,0,0,0,Yes,1,1,0,0,0,109.0,109.0
43.688647,-79.454875,At Intersection,Clear,Daylight,Dry,Non-Fatal Injury,Cyclist Collisions,Cyclist,30 to 34,Major,,0,1,1,0,0,0,0,,0,0,0,0,0,109.0,109.0
43.688647,-79.454875,At Intersection,Clear,Daylight,Dry,Non-Fatal Injury,Cyclist Collisions,Driver,25 to 29,None,Normal,0,1,1,0,0,0,0,,0,0,0,0,0,109.0,109.0
43.723311,-79.490886,Non Intersection,Clear,Daylight,Dry,Non-Fatal Injury,SMV Unattended Vehicle,Driver,50 to 54,Minimal,Inattentive,0,0,1,0,0,0,0,Yes,0,1,0,0,0,154.0,26.0
43.723311,-79.490886,Non Intersection,Clear,Daylight,Dry,Non-Fatal Injury,SMV Unattended Vehicle,Passenger,50 to 54,Major,,0,0,1,0,0,0,0,Yes,0,1,0,0,0,154.0,26.0
43.723311,-79.490886,Non Intersection,Clear,Daylight,Dry,Non-Fatal Injury,SMV Unattended Vehicle,Other,unknown,None,,0,0,1,0,0,0,0,Yes,0,1,0,0,0,154.0,26.0
43.601058,-79.507938,Intersection Related,Clear,Dark,Dry,Non-Fatal Injury,Pedestrian Collisions,Pedestrian,45 to 49,Major,,1,0,1,0,0,0,0,,0,0,0,0,0,18.0,18.0
43.601058,-79.507938,Intersection Related,Clear,Dark,Dry,Non-Fatal Injury,Pedestrian Collisions,Driver,40 to 44,None,Unknown,1,0,1,0,0,0,0,,0,0,0,0,0,18.0,18.0
43.709212,-79.532375,Non Intersection,Clear,Daylight,Dry,Non-Fatal Injury,Turning Movement,Driver,30 to 34,Major,Inattentive,0,0,1,0,0,0,0,,1,1,0,0,0,23.0,23.0
43.709212,-79.532375,Non Intersection,Clear,Daylight,Dry,Non-Fatal Injury,Turning Movement,Driver,40 to 44,Minimal,Inattentive,0,0,1,0,0,0,0,,1,1,0,0,0,23.0,23.0
43.656199,-79.433948,Non Intersection,Clear,Daylight,Dry,Non-Fatal Injury,SMV Other,Driver,70 to 74,Major,Medical or Physical Disability,0,0,1,0,0,0,0,,0,0,0,0,1,83.0,83.0
43.771422,-79.540614,At Intersection,Rain,"Dark, artificial",Wet,Non-Fatal Injury,Pedestrian Collisions,Passenger,10 to 14,None,,1,0,1,0,0,0,0,Yes,0,0,0,0,0,21.0,21.0
43.718589,-79.350383,Intersection Related,Clear,Daylight,Dry,Fatal,Turning Movement,Driver,85 to 89,Fatal,Inattentive,0,0,1,0,1,0,0,,0,0,0,0,0,42.0,42.0
43.718589,-79.350383,Intersection Related,Clear,Daylight,Dry,Fatal,Turning Movement,Truck Driver,25 to 29,None,Normal,0,0,1,0,1,0,0,,0,0,0,0,0,42.0,42.0
43.650599,-79.387477,Intersection Related,Clear,Daylight,Wet,Non-Fatal Injury,SMV Other,Motorcycle Driver,50 to 54,Major,Normal,0,0,0,1,0,0,0,,0,0,0,0,0,164.0,77.0
43.642554,-79.340259,Non Intersection,Clear,"Dark, artificial",Wet,Non-Fatal Injury,Pedestrian Collisions,Driver,25 to 29,None,Normal,1,0,1,0,0,0,0,Yes,0,0,0,0,0,70.0,70.0
43.642554,-79.340259,Non Intersection,Clear,"Dark, artificial",Wet,Non-Fatal Injury,Pedestrian Collisions,Passenger,20 to 24,None,,1,0,1,0,0,0,0,Yes,0,0,0,0,0,70.0,70.0
43.642554,-79.340259,Non Intersection,Clear,"Dark, artificial",Wet,Non-Fatal Injury,Pedestrian Collisions,Pedestrian,20 to 24,Major,,1,0,1,0,0,0,0,Yes,0,0,0,0,0,70.0,70.0
43.684451,-79.318187,At Intersection,Clear,"Dark, artificial",Dry,Non-Fatal Injury,Turning Movement,Driver,30 to 34,None,Normal,0,0,1,0,0,0,0,Yes,0,0,0,0,0,64.0,64.0
43.684451,-79.318187,At Intersection,Clear,"Dark, artificial",Dry,Non-Fatal Injury,Turning Movement,Driver,35 to 39,Minor,Normal,0,0,1,0,0,0,0,Yes,0,0,0,0,0,64.0,64.0
43.684451,-79.318187,At Intersection,Clear,"Dark, artificial",Dry,Non-Fatal Injury,Turning Movement,Passenger,25 to 29,None,,0,0,1,0,0,0,0,Yes,0,0,0,0,0,64.0,64.0
43.684451,-79.318187,At Intersection,Clear,"Dark, artificial",Dry,Non-Fatal Injury,Turning Movement,Passenger,30 to 34,Minor,,0,0,1,0,0,0,0,Yes,0,0,0,0,0,64.0,64.0
43.684451,-79.318187,At Intersection,Clear,"Dark, artificial",Dry,Non-Fatal Injury,Turning Movement,Passenger,20 to 24,Minor,,0,0,1,0,0,0,0,Yes,0,0,0,0,0,64.0,64.0
43.684451,-79.318187,At Intersection,Clear,"Dark, artificial",Dry,Non-Fatal Injury,Turning Movement,Passenger,25 to 29,Major,,0,0,1,0,0,0,0,Yes,0,0,0,0,0,64.0,64.0
43.652201,-79.401103,Intersection Related,Clear,Daylight,Dry,Non-Fatal Injury,Cyclist Collisions,Driver,20 to 24,None,Normal,0,1,1,0,0,0,0,Yes,0,0,0,0,0,78.0,78.0
43.652201,-79.401103,Intersection Related,Clear,Daylight,Dry,Non-Fatal Injury,Cyclist Collisions,Cyclist,65 to 69,Minor,,0,1,1,0,0,0,0,Yes,0,0,0,0,0,78.0,78.0
43.652201,-79.401103,Intersection Related,Clear,Daylight,Dry,Non-Fatal Injury,Cyclist Collisions,Passenger,20 to 24,None,,0,1,1,0,0,0,0,Yes,0,0,0,0,0,78.0,78.0
43.652201,-79.401103,Intersection Related,Clear,Daylight,Dry,Non-Fatal Injury,Cyclist Collisions,Cyclist Passenger,60 to 64,Major,,0,1,1,0,0,0,0,Yes,0,0,0,0,0,78.0,78.0
43.687316,-79.549732,At Intersection,Clear,Daylight,Dry,Non-Fatal Injury,Angle,Passenger,45 to 49,None,,0,0,1,0,0,1,0,Yes,1,1,1,0,0,7.0,7.0
43.687316,-79.549732,At Intersection,Clear,Daylight,Dry,Non-Fatal Injury,Angle,Driver,25 to 29,Minor,Unknown,0,0,1,0,0,1,0,Yes,1,1,1,0,0,7.0,7.0
43.687316,-79.549732,At Intersection,Clear,Daylight,Dry,Non-Fatal Injury,Angle,Driver,55 to 59,Major,Normal,0,0,1,0,0,1,0,Yes,1,1,1,0,0,7.0,7.0
43.687316,-79.549732,At Intersection,Clear,Daylight,Dry,Non-Fatal Injury,Angle,Driver,45 to 49,None,Normal,0,0,1,0,0,1,0,Yes,1,1,1,0,0,7.0,7.0
43.687316,-79.549732,At Intersection,Clear,Daylight,Dry,Non-Fatal Injury,Angle,Passenger,25 to 29,Minor,,0,0,1,0,0,1,0,Yes,1,1,1,0,0,7.0,7.0
43.699412,-79.321353,Intersection Related,Clear,Daylight,Dry,Non-Fatal Injury,Pedestrian Collisions,Driver,55 to 59,None,Normal,1,0,0,0,0,1,0,,0,0,0,0,0,58.0,58.0
43.699412,-79.321353,Intersection Related,Clear,Daylight,Dry,Non-Fatal Injury,Pedestrian Collisions,Pedestrian,85 to 89,Major,,1,0,0,0,0,1,0,,0,0,0,0,0,58.0,58.0
43.781569,-79.494472,At Intersection,Clear,"Dawn, artificial",Dry,Non-Fatal Injury,Pedestrian Collisions,Driver,unknown,None,Unknown,1,0,1,0,0,0,0,,0,1,0,0,0,27.0,27.0
43.781569,-79.494472,At Intersection,Clear,"Dawn, artificial",Dry,Non-Fatal Injury,Pedestrian Collisions,Pedestrian,35 to 39,Major,,1,0,1,0,0,0,0,,0,1,0,0,0,27.0,27.0
43.666831,-79.402667,At Intersection,Clear,"Dark, artificial",Dry,Non-Fatal Injury,Turning Movement,Driver,30 to 34,None,Inattentive,0,0,1,0,0,0,0,Yes,0,0,0,0,0,79.0,79.0
43.666831,-79.402667,At Intersection,Clear,"Dark, artificial",Dry,Non-Fatal Injury,Turning Movement,Driver,30 to 34,Major,Normal,0,0,1,0,0,0,0,Yes,0,0,0,0,0,79.0,79.0
43.666831,-79.402667,At Intersection,Clear,"Dark, artificial",Dry,Non-Fatal Injury,Turning Movement,Passenger,25 to 29,None,,0,0,1,0,0,0,0,Yes,0,0,0,0,0,79.0,79.0
43.72,-79.500263,Non Intersection,Rain,"Dark, artificial",Wet,Non-Fatal Injury,SMV Other,Driver,15 to 19,Major,Inattentive,0,0,1,0,0,0,0,,1,1,0,0,0,154.0,26.0
43.695166,-79.425861,Non Intersection,Clear,Daylight,Dry,Non-Fatal Injury,Rear End,Driver,unknown,None,Unknown,0,0,1,1,0,0,0,,0,1,0,0,0,106.0,106.0
43.695166,-79.425861,Non Intersection,Clear,Daylight,Dry,Non-Fatal Injury,Rear End,Motorcycle Driver,40 to 44,Major,Normal,0,0,1,1,0,0,0,,0,1,0,0,0,106.0,106.0
43.754775,-79.517047,At Intersection,Clear,Daylight,Dry,Non-Fatal Injury,Pedestrian Collisions,Driver,70 to 74,None,Unknown,1,0,1,0,0,0,0,,0,1,0,0,0,25.0,25.0
43.754775,-79.517047,At Intersection,Clear,Daylight,Dry,Non-Fatal Injury,Pedestrian Collisions,Pedestrian,30 to 34,Major,,1,0,1,0,0,0,0,,0,1,0,0,0,25.0,25.0
43.618323,-79.511287,At Intersection,Clear,"Dark, artificial",Dry,Non-Fatal Injury,Turning Movement,Driver,55 to 59,None,Inattentive,0,0,1,0,0,0,0,Yes,0,0,0,0,0,160.0,17.0
43.701152,-79.520068,Non Intersection,Clear,Daylight,Dry,Non-Fatal Injury,Pedestrian Collisions,Driver,55 to 59,Minimal,Normal,1,0,1,0,0,0,0,,0,0,0,0,0,113.0,113.0
43.618323,-79.511287,At Intersection,Clear,"Dark, artificial",Dry,Non-Fatal Injury,Turning Movement,Driver,35 to 39,Minimal,Normal,0,0,1,0,0,0,0,Yes,0,0,0,0,0,160.0,17.0
43.618323,-79.511287,At Intersection,Clear,"Dark, artificial",Dry,Non-Fatal Injury,Turning Movement,Passenger,85 to 89,Major,,0,0,1,0,0,0,0,Yes,0,0,0,0,0,160.0,17.0
43.618323,-79.511287,At Intersection,Clear,"Dark, artificial",Dry,Non-Fatal Injury,Turning Movement,Passenger,50 to 54,None,,0,0,1,0,0,0,0,Yes,0,0,0,0,0,160.0,17.0
43.618323,-79.511287,At Intersection,Clear,"Dark, artificial",Dry,Non-Fatal Injury,Turning Movement,Passenger,30 to 34,Minor,,0,0,1,0,0,0,0,Yes,0,0,0,0,0,160.0,17.0
43.764628,-79.192264,Non Intersection,Clear,Daylight,Dry,Non-Fatal Injury,Pedestrian Collisions,Driver,55 to 59,None,Normal,1,0,1,0,0,0,0,,0,0,0,0,0,136.0,136.0
43.764628,-79.192264,Non Intersection,Clear,Daylight,Dry,Non-Fatal Injury,Pedestrian Collisions,Pedestrian,20 to 24,Major,,1,0,1,0,0,0,0,,0,0,0,0,0,136.0,136.0
43.691519,-79.570796,At Intersection,Clear,Daylight,Dry,Non-Fatal Injury,Turning Movement,Driver,35 to 39,Minimal,Inattentive,0,0,1,0,0,0,0,,0,1,0,0,0,1.0,1.0
43.691519,-79.570796,At Intersection,Clear,Daylight,Dry,Non-Fatal Injury,Turning Movement,Driver,40 to 44,Major,Normal,0,0,1,0,0,0,0,,0,1,0,0,0,1.0,1.0
43.785807,-79.417026,At/Near Private Drive,Clear,Daylight,Dry,Non-Fatal Injury,Other,Driver - Not Hit,unknown,,,0,0,1,0,0,1,0,Yes,0,0,0,0,0,50.0,50.0
43.785807,-79.417026,At/Near Private Drive,Clear,Daylight,Dry,Non-Fatal Injury,Other,Driver,25 to 29,None,Normal,0,0,1,0,0,1,0,Yes,0,0,0,0,0,50.0,50.0