LATITUDE,LONGITUDE,ACCLOC,VISIBILITY,LIGHT,RDSFCOND,ACCLASS,IMPACTYPE,INVTYPE,INVAGE,INJURY,DRIVCOND,PEDESTRIAN,CYCLIST,AUTOMOBILE,MOTORCYCLE,TRUCK,TRSN_CITY_VEH,EMERG_VEH,PASSENGER,SPEEDING,AG_DRIV,REDLIGHT,ALCOHOL,DISABILITY,HOOD_158,HOOD_140
43.704878,-79.494052,At Intersection,Clear,Daylight,Dry,Non-Fatal Injury,Turning Movement,Motorcycle Passenger,20 to 24,Major,,0,0,0,1,1,0,0,Yes,0,0,0,0,0,30.0,30.0
43.703753,-79.452434,Intersection Related,Clear,"Dark, artificial",Wet,Non-Fatal Injury,Pedestrian Collisions,Pedestrian,65 to 69,Major,,1,0,1,0,0,0,0,,0,0,0,0,0,31.0,31.0
43.845545,-79.211932,Non Intersection,Clear,Dark,Ice,Non-Fatal Injury,Approaching,Passenger,50 to 54,Major,,0,0,1,0,0,0,0,Yes,1,1,0,0,0,144.0,131.0
43.721755,-79.274471,At Intersection,Clear,Daylight,Dry,Non-Fatal Injury,Turning Movement,Passenger,55 to 59,Major,,0,0,1,0,0,0,0,Yes,1,1,0,0,0,124.0,124.0
43.715869,-79.444942,At Intersection,Clear,Daylight,Dry,Fatal,Pedestrian Collisions,Pedestrian,40 to 44,Fatal,,1,0,0,0,1,0,0,,0,0,0,0,0,31.0,31.0
43.656871,-79.364963,At Intersection,Clear,"Dark, artificial",Dry,Non-Fatal Injury,Angle,Passenger,20 to 24,Minor,,0,0,1,0,0,0,0,Yes,1,1,1,0,0,72.0,72.0
43.637206,-79.469287,Non Intersection,Rain,"Daylight, artificial",Wet,Fatal,Pedestrian Collisions,Pedestrian,50 to 54,Fatal,,1,0,0,0,0,1,0,,0,0,0,0,0,87.0,87.0
43.622428,-79.503055,Non Intersection,Clear,"Dark, artificial",Dry,Non-Fatal Injury,Sideswipe,Driver,20 to 24,None,Unknown,0,0,1,0,0,0,0,Yes,1,1,0,0,0,160.0,17.0
43.758837,-79.52151,Non Intersection,Clear,Daylight,Dry,Fatal,Pedestrian Collisions,Pedestrian,60 to 64,Major,,1,0,1,0,0,0,0,,0,0,0,0,0,24.0,24.0
43.784629,-79.481014,At Intersection,Rain,"Dark, artificial",Wet,Non-Fatal Injury,Cyclist Collisions,Driver,20 to 24,None,Inattentive,0,1,1,0,0,0,0,,0,0,0,0,0,27.0,27.0
43.753451,-79.448031,At Intersection,Clear,Dark,Dry,Fatal,Turning Movement,Motorcycle Driver,30 to 34,Fatal,Inattentive,0,0,1,1,0,0,0,,0,1,1,0,0,33.0,33.0
43.845545,-79.211932,Non Intersection,Clear,Dark,Ice,Non-Fatal Injury,Approaching,Passenger,50 to 54,Minor,,0,0,1,0,0,0,0,Yes,1,1,0,0,0,144.0,131.0
43.758383,-79.267612,Non Intersection,Clear,Dark,Dry,Fatal,Pedestrian Collisions,Driver,50 to 54,None,Normal,1,0,1,0,0,0,0,,0,1,0,0,0,156.0,127.0
43.656871,-79.364963,At Intersection,Clear,"Dark, artificial",Dry,Non-Fatal Injury,Angle,Passenger,20 to 24,Major,,0,0,1,0,0,0,0,Yes,1,1,1,0,0,72.0,72.0
43.715869,-79.444942,At Intersection,Clear,Daylight,Dry,Fatal,Pedestrian Collisions,Driver,unknown,None,Unknown,1,0,0,0,1,0,0,,0,0,0,0,0,31.0,31.0
43.66408,-79.343036,Non Intersection,Rain,Dawn,Wet,Non-Fatal Injury,Cyclist Collisions,Driver,25 to 29,None,Inattentive,0,1,1,0,0,0,0,,0,0,0,0,0,70.0,70.0
43.69525,-79.450084,Non Intersection,Clear,Daylight,Dry,Fatal,Pedestrian Collisions,Pedestrian,75 to 79,Fatal,,1,0,0,0,1,0,0,,0,0,0,0,0,107.0,107.0
43.622428,-79.503055,Non Intersection,Clear,"Dark, artificial",Dry,Non-Fatal Injury,Sideswipe,Driver,15 to 19,Major,Normal,0,0,1,0,0,0,0,Yes,1,1,0,0,0,160.0,17.0
43.758837,-79.52151,Non Intersection,Clear,Daylight,Dry,Fatal,Pedestrian Collisions,Driver,25 to 29,None,Normal,1,0,1,0,0,0,0,,0,0,0,0,0,24.0,24.0
43.784629,-79.481014,At Intersection,Rain,"Dark, artificial",Wet,Non-Fatal Injury,Cyclist Collisions,Cyclist,15 to 19,Major,,0,1,1,0,0,0,0,,0,0,0,0,0,27.0,27.0
43.653449,-79.514003,Intersection Related,Clear,Daylight,Dry,Non-Fatal Injury,Approaching,Driver,35 to 39,Minor,Unknown,0,0,1,0,0,0,0,,0,1,0,0,0,15.0,15.0
43.758383,-79.267612,Non Intersection,Clear,Dark,Dry,Fatal,Pedestrian Collisions,Pedestrian,55 to 59,Fatal,,1,0,1,0,0,0,0,,0,1,0,0,0,156.0,127.0
43.66408,-79.343036,Non Intersection,Rain,Dawn,Wet,Non-Fatal Injury,Cyclist Collisions,Cyclist,20 to 24,Major,,0,1,1,0,0,0,0,,0,0,0,0,0,70.0,70.0
43.656871,-79.364963,At Intersection,Clear,"Dark, artificial",Dry,Non-Fatal Injury,Angle,Other,unknown,,,0,0,1,0,0,0,0,Yes,1,1,1,0,0,72.0,72.0
43.782843,-79.391666,At Intersection,Snow,"Dark, artificial",Wet,Non-Fatal Injury,Approaching,Driver,35 to 39,Major,"Ability Impaired, Drugs",0,0,1,0,0,0,0,,0,0,0,0,0,52.0,52.0
43.622428,-79.503055,Non Intersection,Clear,"Dark, artificial",Dry,Non-Fatal Injury,Sideswipe,Passenger,15 to 19,Minimal,,0,0,1,0,0,0,0,Yes,1,1,0,0,0,160.0,17.0
43.811759,-79.258502,Intersection Related,Clear,"Dark, artificial",Dry,Non-Fatal Injury,Pedestrian Collisions,Driver,80 to 84,None,Normal,1,0,1,0,0,0,0,,0,0,0,0,0,130.0,130.0
43.653449,-79.514003,Intersection Related,Clear,Daylight,Dry,Non-Fatal Injury,Approaching,Driver,15 to 19,None,Normal,0,0,1,0,0,0,0,,0,1,0,0,0,15.0,15.0
43.767333,-79.560573,Non Intersection,Clear,Daylight,Dry,Non-Fatal Injury,Pedestrian Collisions,Truck Driver,55 to 59,None,Normal,1,0,0,0,1,0,0,,0,0,0,0,0,21.0,21.0
43.758837,-79.52151,Non Intersection,Clear,Daylight,Dry,Fatal,Pedestrian Collisions,Pedestrian,60 to 64,Fatal,,1,0,1,0,0,0,0,,0,0,0,0,0,24.0,24.0
43.807639,-79.376056,At Intersection,Clear,Daylight,Dry,Fatal,Turning Movement,Driver,40 to 44,Minimal,Normal,0,0,1,1,0,0,0,,1,1,0,0,0,49.0,49.0
43.69525,-79.450084,Non Intersection,Clear,Daylight,Dry,Fatal,Pedestrian Collisions,Driver,25 to 29,None,Normal,1,0,0,0,1,0,0,,0,0,0,0,0,107.0,107.0
43.753451,-79.448031,At Intersection,Clear,Dark,Dry,Fatal,Turning Movement,Driver,85 to 89,Minimal,Inattentive,0,0,1,1,0,0,0,,0,1,1,0,0,33.0,33.0
43.782843,-79.391666,At Intersection,Snow,"Dark, artificial",Wet,Non-Fatal Injury,Approaching,Driver,20 to 24,Minor,Normal,0,0,1,0,0,0,0,,0,0,0,0,0,52.0,52.0
43.622428,-79.503055,Non Intersection,Clear,"Dark, artificial",Dry,Non-Fatal Injury,Sideswipe,Passenger,15 to 19,Major,,0,0,1,0,0,0,0,Yes,1,1,0,0,0,160.0,17.0
43.811759,-79.258502,Intersection Related,Clear,"Dark, artificial",Dry,Non-Fatal Injury,Pedestrian Collisions,Pedestrian,65 to 69,Major,,1,0,1,0,0,0,0,,0,0,0,0,0,130.0,130.0
43.653449,-79.514003,Intersection Related,Clear,Daylight,Dry,Non-Fatal Injury,Approaching,Driver,70 to 74,Major,Normal,0,0,1,0,0,0,0,,0,1,0,0,0,15.0,15.0
43.767333,-79.560573,Non Intersection,Clear,Daylight,Dry,Non-Fatal Injury,Pedestrian Collisions,Pedestrian,50 to 54,Major,,1,0,0,0,1,0,0,,0,0,0,0,0,21.0,21.0
43.807639,-79.376056,At Intersection,Clear,Daylight,Dry,Fatal,Turning Movement,Motorcycle Driver,25 to 29,Fatal,Unknown,0,0,1,1,0,0,0,,1,1,0,0,0,49.0,49.0
43.694689,-79.27637,At Intersection,Clear,"Dark, artificial",Dry,Non-Fatal Injury,Pedestrian Collisions,Driver,unknown,None,Unknown,1,0,1,0,0,0,0,,0,1,0,0,0,121.0,121.0
43.683478,-79.322536,Non Intersection,Clear,"Daylight, artificial",Dry,Non-Fatal Injury,Pedestrian Collisions,Driver,40 to 44,None,Normal,1,0,1,0,0,0,0,Yes,0,0,0,0,0,64.0,64.0
43.782843,-79.391666,At Intersection,Snow,"Dark, artificial",Wet,Non-Fatal Injury,Approaching,Driver,25 to 29,None,Normal,0,0,1,0,0,0,0,,0,0,0,0,0,52.0,52.0
43.690436,-79.291484,Intersection Related,Clear,"Dark, artificial",Dry,Non-Fatal Injury,Turning Movement,Driver,50 to 54,None,Inattentive,0,0,1,1,0,0,0,,0,0,0,0,0,61.0,61.0
43.684085,-79.52737,At Intersection,Clear,"Daylight, artificial",Dry,Non-Fatal Injury,Pedestrian Collisions,Driver,30 to 34,None,Normal,1,0,1,0,0,0,0,,0,1,0,0,0,8.0,8.0
43.78377,-79.470104,At Intersection,Clear,Daylight,Dry,Non-Fatal Injury,Pedestrian Collisions,Driver,80 to 84,None,Normal,1,0,1,0,0,0,0,,0,1,0,0,0,34.0,34.0
43.651099,-79.38129,At Intersection,Clear,Daylight,Dry,Non-Fatal Injury,Pedestrian Collisions,Driver,55 to 59,None,Normal,1,0,0,0,0,1,0,,0,0,0,0,0,170.0,76.0
43.675326,-79.320293,At Intersection,Clear,Daylight,Dry,Non-Fatal Injury,SMV Other,Driver,30 to 34,None,Had Been Drinking,0,0,1,0,0,0,0,Yes,1,1,0,0,0,64.0,64.0
43.694689,-79.27637,At Intersection,Clear,"Dark, artificial",Dry,Non-Fatal Injury,Pedestrian Collisions,Pedestrian,65 to 69,Major,,1,0,1,0,0,0,0,,0,1,0,0,0,121.0,121.0
43.659239,-79.347896,Non Intersection,Drifting Snow,"Dark, artificial",Loose Snow,Non-Fatal Injury,Cyclist Collisions,Driver,unknown,None,Unknown,0,1,1,0,0,0,0,,0,0,0,0,0,70.0,70.0
43.747023,-79.311496,Non Intersection,Clear,"Dark, artificial",Dry,Non-Fatal Injury,Rear End,Motorcycle Driver,20 to 24,Major,Normal,0,0,1,1,0,0,0,,1,1,0,0,0,119.0,119.0
43.683478,-79.322536,Non Intersection,Clear,"Daylight, artificial",Dry,Non-Fatal Injury,Pedestrian Collisions,Passenger,35 to 39,None,,1,0,1,0,0,0,0,Yes,0,0,0,0,0,64.0,64.0
43.690436,-79.291484,Intersection Related,Clear,"Dark, artificial",Dry,Non-Fatal Injury,Turning Movement,Motorcycle Driver,25 to 29,Major,Normal,0,0,1,1,0,0,0,,0,0,0,0,0,61.0,61.0
43.747023,-79.311496,Non Intersection,Clear,"Dark, artificial",Dry,Non-Fatal Injury,Rear End,Driver,25 to 29,None,Normal,0,0,1,1,0,0,0,,1,1,0,0,0,119.0,119.0
43.659239,-79.347896,Non Intersection,Drifting Snow,"Dark, artificial",Loose Snow,Non-Fatal Injury,Cyclist Collisions,Cyclist,40 to 44,Major,,0,1,1,0,0,0,0,,0,0,0,0,0,70.0,70.0
43.684085,-79.52737,At Intersection,Clear,"Daylight, artificial",Dry,Non-Fatal Injury,Pedestrian Collisions,Pedestrian,65 to 69,Major,,1,0,1,0,0,0,0,,0,1,0,0,0,8.0,8.0
43.78377,-79.470104,At Intersection,Clear,Daylight,Dry,Non-Fatal Injury,Pedestrian Collisions,Pedestrian,20 to 24,Major,,1,0,1,0,0,0,0,,0,1,0,0,0,34.0,34.0
43.651099,-79.38129,At Intersection,Clear,Daylight,Dry,Non-Fatal Injury,Pedestrian Collisions,Pedestrian,50 to 54,Major,,1,0,0,0,0,1,0,,0,0,0,0,0,170.0,76.0
43.675326,-79.320293,At Intersection,Clear,Daylight,Dry,Non-Fatal Injury,SMV Other,Passenger,25 to 29,Major,,0,0,1,0,0,0,0,Yes,1,1,0,0,0,64.0,64.0
43.663756,-79.410678,At Intersection,Clear,"Dark, artificial",Dry,Fatal,Pedestrian Collisions,Pedestrian,65 to 69,Fatal,,1,0,0,0,1,0,0,,0,1,0,0,0,79.0,79.0
43.727519,-79.241809,Non Intersection,Clear,Daylight,Dry,Non-Fatal Injury,Pedestrian Collisions,Driver,20 to 24,None,Unknown,1,0,1,0,0,0,0,,0,0,0,0,0,123.0,123.0
43.756449,-79.551196,At/Near Private Drive,Clear,Daylight,Dry,Non-Fatal Injury,Turning Movement,Driver,15 to 19,None,Normal,0,0,1,1,0,0,0,,0,1,0,0,0,21.0,21.0
43.683478,-79.322536,Non Intersection,Clear,"Daylight, artificial",Dry,Non-Fatal Injury,Pedestrian Collisions,Pedestrian,55 to 59,Major,,1,0,1,0,0,0,0,Yes,0,0,0,0,0,64.0,64.0
43.695372,-79.520099,Non Intersection,Clear,Daylight,Dry,Fatal,Turning Movement,Driver,45 to 49,None,Normal,0,0,1,1,0,0,0,,0,1,0,0,0,8.0,8.0
43.663756,-79.410678,At Intersection,Clear,"Dark, artificial",Dry,Fatal,Pedestrian Collisions,Driver,55 to 59,None,Unknown,1,0,0,0,1,0,0,,0,1,0,0,0,79.0,79.0
43.727519,-79.241809,Non Intersection,Clear,Daylight,Dry,Non-Fatal Injury,Pedestrian Collisions,Pedestrian,0 to 4,Major,,1,0,1,0,0,0,0,,0,0,0,0,0,123.0,123.0
43.756449,-79.551196,At/Near Private Drive,Clear,Daylight,Dry,Non-Fatal Injury,Turning Movement,Motorcycle Driver,35 to 39,Major,Normal,0,0,1,1,0,0,0,,0,1,0,0,0,21.0,21.0
43.711745,-79.580135,Non Intersection,Clear,"Dark, artificial",Dry,Non-Fatal Injury,Pedestrian Collisions,Driver,65 to 69,None,Normal,1,0,1,0,0,0,0,,0,0,0,0,0,1.0,1.0
43.668891,-79.404735,At Intersection,Clear,Dark,Dry,Non-Fatal Injury,Cyclist Collisions,Cyclist,20 to 24,Major,,0,1,1,0,0,0,0,,0,0,0,0,0,95.0,95.0
43.652239,-79.405978,At Intersection,Clear,"Dark, artificial",Dry,Non-Fatal Injury,Pedestrian Collisions,Driver,70 to 74,None,Unknown,1,0,1,0,0,0,0,,0,0,0,0,0,78.0,78.0
43.780196,-79.413219,Non Intersection,Clear,Daylight,Dry,Fatal,Pedestrian Collisions,Pedestrian,65 to 69,Fatal,,1,0,1,0,0,0,0,,0,0,0,0,0,151.0,51.0
43.695372,-79.520099,Non Intersection,Clear,Daylight,Dry,Fatal,Turning Movement,Motorcycle Driver,45 to 49,Fatal,Unknown,0,0,1,1,0,0,0,,0,1,0,0,0,8.0,8.0
43.711745,-79.580135,Non Intersection,Clear,"Dark, artificial",Dry,Non-Fatal Injury,Pedestrian Collisions,Pedestrian,25 to 29,Major,,1,0,1,0,0,0,0,,0,0,0,0,0,1.0,1.0
43.742572,-79.307369,Intersection Related,Clear,Daylight,Dry,Non-Fatal Injury,Sideswipe,Motorcycle Driver,25 to 29,Major,Normal,0,0,1,1,0,0,0,Yes,1,1,0,0,0,119.0,119.0
43.668891,-79.404735,At Intersection,Clear,Dark,Dry,Non-Fatal Injury,Cyclist Collisions,Driver,25 to 29,None,Normal,0,1,1,0,0,0,0,,0,0,0,0,0,95.0,95.0
43.695372,-79.520099,Non Intersection,Clear,Daylight,Dry,Fatal,Turning Movement,Driver,55 to 59,None,Normal,0,0,1,1,0,0,0,,0,1,0,0,0,8.0,8.0
43.780196,-79.413219,Non Intersection,Clear,Daylight,Dry,Fatal,Pedestrian Collisions,Driver,35 to 39,Minor,Unknown,1,0,1,0,0,0,0,,0,0,0,0,0,151.0,51.0
43.702204,-79.359363,Non Intersection,Clear,"Dark, artificial",Dry,Fatal,SMV Other,Driver,20 to 24,Fatal,Unknown,0,0,1,0,0,0,0,Yes,1,1,0,0,0,56.0,56.0
43.654719,-79.388271,At Intersection,Clear,Daylight,Dry,Non-Fatal Injury,Pedestrian Collisions,Driver,60 to 64,None,Unknown,1,0,1,0,0,0,0,,0,0,0,0,0,170.0,76.0
43.761187,-79.268703,Non Intersection,Clear,Daylight,Dry,Non-Fatal Injury,Rear End,Driver,45 to 49,Major,Inattentive,0,0,1,0,0,0,0,Yes,0,0,0,0,0,156.0,127.0
43.742572,-79.307369,Intersection Related,Clear,Daylight,Dry,Non-Fatal Injury,Sideswipe,Driver,40 to 44,None,Normal,0,0,1,1,0,0,0,Yes,1,1,0,0,0,119.0,119.0
43.763205,-79.291911,Non Intersection,Clear,"Dawn, artificial",Dry,Fatal,Pedestrian Collisions,Driver,unknown,None,,1,0,1,0,0,1,0,,0,0,0,0,0,119.0,119.0
43.749873,-79.552272,At Intersection,Clear,Dusk,Dry,Non-Fatal Injury,Pedestrian Collisions,Driver,unknown,None,Unknown,1,0,1,0,0,0,0,,0,1,0,0,0,22.0,22.0
43.652239,-79.405978,At Intersection,Clear,"Dark, artificial",Dry,Non-Fatal Injury,Pedestrian Collisions,Pedestrian,60 to 64,Major,,1,0,1,0,0,0,0,,0,0,0,0,0,78.0,78.0
43.780631,-79.131595,At Intersection,Clear,"Dark, artificial",Dry,Non-Fatal Injury,SMV Other,Driver,20 to 24,Major,Unknown,0,0,1,0,0,0,0,Yes,1,1,0,0,0,143.0,131.0
43.702204,-79.359363,Non Intersection,Clear,"Dark, artificial",Dry,Fatal,SMV Other,Passenger,20 to 24,None,,0,0,1,0,0,0,0,Yes,1,1,0,0,0,56.0,56.0
43.654719,-79.388271,At Intersection,Clear,Daylight,Dry,Non-Fatal Injury,Pedestrian Collisions,Pedestrian,35 to 39,Major,,1,0,1,0,0,0,0,,0,0,0,0,0,170.0,76.0
43.763205,-79.291911,Non Intersection,Clear,"Dawn, artificial",Dry,Fatal,Pedestrian Collisions,Pedestrian,30 to 34,Major,,1,0,1,0,0,1,0,,0,0,0,0,0,119.0,119.0
43.742572,-79.307369,Intersection Related,Clear,Daylight,Dry,Non-Fatal Injury,Sideswipe,Passenger,35 to 39,None,,0,0,1,1,0,0,0,Yes,1,1,0,0,0,119.0,119.0
43.763205,-79.291911,Non Intersection,Clear,"Dawn, artificial",Dry,Fatal,Pedestrian Collisions,Driver,45 to 49,Minor,Unknown,1,0,1,0,0,1,0,,0,0,0,0,0,119.0,119.0
43.719008,-79.508113,Intersection Related,Clear,Daylight,Dry,Non-Fatal Injury,Turning Movement,Driver,25 to 29,None,Inattentive,0,0,1,0,0,0,0,Yes,0,0,0,0,0,154.0,26.0
43.761187,-79.268703,Non Intersection,Clear,Daylight,Dry,Non-Fatal Injury,Rear End,Driver,40 to 44,None,Normal,0,0,1,0,0,0,0,Yes,0,0,0,0,0,156.0,127.0
43.749873,-79.552272,At Intersection,Clear,Dusk,Dry,Non-Fatal Injury,Pedestrian Collisions,Pedestrian,35 to 39,Major,,1,0,1,0,0,0,0,,0,1,0,0,0,22.0,22.0
43.826819,-79.275867,Intersection Related,Rain,"Dark, artificial",Wet,Non-Fatal Injury,Pedestrian Collisions,Driver,80 to 84,None,Normal,1,0,1,0,0,0,0,,0,0,0,0,0,130.0,130.0
43.641841,-79.401851,At Intersection,Snow,"Dark, artificial",Packed Snow,Non-Fatal Injury,Pedestrian Collisions,Driver,25 to 29,None,Normal,1,0,1,0,0,0,0,,0,0,0,0,0,164.0,77.0
43.780631,-79.131595,At Intersection,Clear,"Dark, artificial",Dry,Non-Fatal Injury,SMV Other,Passenger,20 to 24,Minor,,0,0,1,0,0,0,0,Yes,1,1,0,0,0,143.0,131.0
43.809878,-79.257671,At Intersection,Clear,Daylight,Dry,Non-Fatal Injury,Turning Movement,Driver,35 to 39,Major,Normal,0,0,0,0,1,0,0,,0,1,0,0,0,129.0,129.0
43.696479,-79.290447,At Intersection,Rain,"Dawn, artificial",Wet,Non-Fatal Injury,Pedestrian Collisions,Driver,70 to 74,None,Normal,1,0,1,0,0,0,0,,0,0,0,0,0,121.0,121.0
43.763205,-79.291911,Non Intersection,Clear,"Dawn, artificial",Dry,Fatal,Pedestrian Collisions,Pedestrian,55 to 59,Fatal,,1,0,1,0,0,1,0,,0,0,0,0,0,119.0,119.0
43.696479,-79.290447,At Intersection,Rain,"Dawn, artificial",Wet,Non-Fatal Injury,Pedestrian Collisions,Pedestrian,25 to 29,Major,,1,0,1,0,0,0,0,,0,0,0,0,0,121.0,121.0
43.809878,-79.257671,At Intersection,Clear,Daylight,Dry,Non-Fatal Injury,Turning Movement,Truck Driver,60 to 64,None,Normal,0,0,0,0,1,0,0,,0,1,0,0,0,129.0,129.0
43.742572,-79.307369,Intersection Related,Clear,Daylight,Dry,Non-Fatal Injury,Sideswipe,Passenger,70 to 74,None,,0,0,1,1,0,0,0,Yes,1,1,0,0,0,119.0,119.0
43.636008,-79.468021,Non Intersection,Clear,"Dark, artificial",Dry,Non-Fatal Injury,SMV Other,Motorcycle Driver,25 to 29,Major,Inattentive,0,0,0,1,0,0,0,,0,0,0,0,0,85.0,85.0
43.761187,-79.268703,Non Intersection,Clear,Daylight,Dry,Non-Fatal Injury,Rear End,Driver,30 to 34,Minimal,Normal,0,0,1,0,0,0,0,Yes,0,0,0,0,0,156.0,127.0
43.826819,-79.275867,Intersection Related,Rain,"Dark, artificial",Wet,Non-Fatal Injury,Pedestrian Collisions,Pedestrian,15 to 19,Major,,1,0,1,0,0,0,0,,0,0,0,0,0,130.0,130.0
43.641841,-79.401851,At Intersection,Snow,"Dark, artificial",Packed Snow,Non-Fatal Injury,Pedestrian Collisions,Pedestrian,40 to 44,Major,,1,0,1,0,0,0,0,,0,0,0,0,0,164.0,77.0
43.719008,-79.508113,Intersection Related,Clear,Daylight,Dry,Non-Fatal Injury,Turning Movement,Driver,25 to 29,None,Normal,0,0,1,0,0,0,0,Yes,0,0,0,0,0,154.0,26.0
43.765837,-79.191051,Intersection Related,Clear,"Daylight, artificial",Dry,Non-Fatal Injury,Pedestrian Collisions,Driver,unknown,None,Unknown,1,0,1,0,0,0,0,,1,1,0,0,0,136.0,136.0
43.780528,-79.446277,Intersection Related,Clear,Daylight,Dry,Non-Fatal Injury,SMV Other,Driver,30 to 34,Major,"Ability Impaired, Drugs",0,0,1,0,0,0,0,,1,1,0,0,0,35.0,35.0
43.656424,-79.347522,Intersection Related,Clear,"Dark, artificial",Dry,Non-Fatal Injury,SMV Other,Driver,25 to 29,Major,Unknown,0,0,1,0,0,0,0,,1,1,0,0,0,70.0,70.0
43.761187,-79.268703,Non Intersection,Clear,Daylight,Dry,Non-Fatal Injury,Rear End,Passenger,40 to 44,Minimal,,0,0,1,0,0,0,0,Yes,0,0,0,0,0,156.0,127.0
43.647261,-79.379688,At Intersection,Clear,"Dark, artificial",Wet,Non-Fatal Injury,Pedestrian Collisions,Driver,60 to 64,None,Normal,1,0,1,0,0,0,0,,0,0,0,0,0,170.0,76.0
43.742572,-79.307369,Intersection Related,Clear,Daylight,Dry,Non-Fatal Injury,Sideswipe,Passenger,0 to 4,None,,0,0,1,1,0,0,0,Yes,1,1,0,0,0,119.0,119.0
43.635577,-79.474414,Non Intersection,Clear,Daylight,Dry,Non-Fatal Injury,SMV Other,Driver,25 to 29,Major,Unknown,0,0,1,0,0,0,0,,1,1,0,0,0,87.0,87.0
43.719008,-79.508113,Intersection Related,Clear,Daylight,Dry,Non-Fatal Injury,Turning Movement,Driver,40 to 44,None,Normal,0,0,1,0,0,0,0,Yes,0,0,0,0,0,154.0,26.0
43.745352,-79.572002,Non Intersection,Snow,"Dark, artificial",Loose Snow,Non-Fatal Injury,Approaching,Driver,35 to 39,None,Normal,0,0,1,0,0,0,0,Yes,0,0,0,0,0,3.0,3.0
43.765837,-79.191051,Intersection Related,Clear,"Daylight, artificial",Dry,Non-Fatal Injury,Pedestrian Collisions,Pedestrian,10 to 14,Major,,1,0,1,0,0,0,0,,1,1,0,0,0,136.0,136.0
43.647261,-79.379688,At Intersection,Clear,"Dark, artificial",Wet,Non-Fatal Injury,Pedestrian Collisions,Pedestrian,50 to 54,Major,,1,0,1,0,0,0,0,,0,0,0,0,0,170.0,76.0
43.742572,-79.307369,Intersection Related,Clear,Daylight,Dry,Non-Fatal Injury,Sideswipe,Passenger,0 to 4,None,,0,0,1,1,0,0,0,Yes,1,1,0,0,0,119.0,119.0
43.761187,-79.268703,Non Intersection,Clear,Daylight,Dry,Non-Fatal Injury,Rear End,Passenger,10 to 14,None,,0,0,1,0,0,0,0,Yes,0,0,0,0,0,156.0,127.0
43.761939,-79.194705,At Intersection,Clear,Daylight,Dry,Non-Fatal Injury,Turning Movement,Motorcycle Driver,15 to 19,Major,Normal,0,0,1,1,0,0,0,Yes,1,1,0,0,0,136.0,136.0
43.745352,-79.572002,Non Intersection,Snow,"Dark, artificial",Loose Snow,Non-Fatal Injury,Approaching,Driver,55 to 59,Minor,Normal,0,0,1,0,0,0,0,Yes,0,0,0,0,0,3.0,3.0
43.719008,-79.508113,Intersection Related,Clear,Daylight,Dry,Non-Fatal Injury,Turning Movement,Passenger,25 to 29,Major,,0,0,1,0,0,0,0,Yes,0,0,0,0,0,154.0,26.0
43.700087,-79.516155,At Intersection,Clear,Dark,Dry,Non-Fatal Injury,Pedestrian Collisions,Driver,75 to 79,None,Inattentive,1,0,1,0,0,0,0,,0,1,0,0,0,113.0,113.0
43.836573,-79.231487,Intersection Related,Clear,Daylight,Dry,Non-Fatal Injury,Pedestrian Collisions,Driver,40 to 44,None,Normal,1,0,0,0,0,1,0,,0,0,0,0,0,144.0,131.0
43.642409,-79.373027,Intersection Related,Clear,"Dark, artificial",Dry,Non-Fatal Injury,Turning Movement,Motorcycle Driver,30 to 34,Major,Normal,0,0,1,1,0,0,0,,0,0,0,0,0,166.0,77.0
43.700087,-79.516155,At Intersection,Clear,Dark,Dry,Non-Fatal Injury,Pedestrian Collisions,Pedestrian,55 to 59,Major,,1,0,1,0,0,0,0,,0,1,0,0,0,113.0,113.0
43.65232,-79.363742,Non Intersection,Clear,"Dark, artificial",Dry,Non-Fatal Injury,SMV Other,Driver,20 to 24,None,Unknown,0,0,1,0,0,0,0,Yes,1,1,0,0,0,73.0,73.0
43.719008,-79.508113,Intersection Related,Clear,Daylight,Dry,Non-Fatal Injury,Turning Movement,Passenger,unknown,None,,0,0,1,0,0,0,0,Yes,0,0,0,0,0,154.0,26.0
43.761187,-79.268703,Non Intersection,Clear,Daylight,Dry,Non-Fatal Injury,Rear End,Passenger,10 to 14,None,,0,0,1,0,0,0,0,Yes,0,0,0,0,0,156.0,127.0
43.761939,-79.194705,At Intersection,Clear,Daylight,Dry,Non-Fatal Injury,Turning Movement,Driver,30 to 34,None,Normal,0,0,1,1,0,0,0,Yes,1,1,0,0,0,136.0,136.0