LATITUDE,LONGITUDE,ACCLOC,VISIBILITY,LIGHT,RDSFCOND,ACCLASS,IMPACTYPE,INVTYPE,INVAGE,INJURY,DRIVCOND,PEDESTRIAN,CYCLIST,AUTOMOBILE,MOTORCYCLE,TRUCK,TRSN_CITY_VEH,EMERG_VEH,PASSENGER,SPEEDING,AG_DRIV,REDLIGHT,ALCOHOL,DISABILITY,HOOD_158,HOOD_140
43.822432,-79.273952,At Intersection,Clear,Dark,Dry,Non-Fatal Injury,Pedestrian Collisions,Passenger,20 to 24,None,,1,0,1,0,0,0,0,Yes,0,1,0,0,0,130.0,130.0
43.705699,-79.452884,At Intersection,Clear,Daylight,Dry,Non-Fatal Injury,Turning Movement,Motorcycle Passenger,20 to 24,None,,0,0,1,1,0,0,0,Yes,0,1,0,0,0,31.0,31.0
43.669802,-79.388393,Non Intersection,Clear,"Dark, artificial",Dry,Non-Fatal Injury,Cyclist Collisions,Cyclist,40 to 44,Major,,0,1,1,0,0,0,0,,0,0,0,0,0,169.0,76.0
43.642134,-79.4286,At Intersection,Clear,"Dark, artificial",Dry,Non-Fatal Injury,Cyclist Collisions,Cyclist,45 to 49,Major,,0,1,1,0,0,0,0,,0,1,0,0,0,85.0,85.0
43.685912,-79.290714,At Intersection,Clear,Daylight,Dry,Non-Fatal Injury,Pedestrian Collisions,Passenger,15 to 19,None,,1,0,1,0,0,0,0,Yes,1,1,0,0,0,62.0,62.0
43.685912,-79.290714,At Intersection,Clear,Daylight,Dry,Non-Fatal Injury,Pedestrian Collisions,Pedestrian,20 to 24,Major,,1,0,1,0,0,0,0,Yes,1,1,0,0,0,62.0,62.0
43.737002,-79.259242,Non Intersection,Snow,"Dark, artificial",Wet,Non-Fatal Injury,Approaching,Driver,40 to 44,Major,"Ability Impaired, Alcohol",0,0,1,0,0,0,0,,0,0,0,1,0,138.0,138.0
43.822432,-79.273952,At Intersection,Clear,Dark,Dry,Non-Fatal Injury,Pedestrian Collisions,Pedestrian,30 to 34,Major,,1,0,1,0,0,0,0,Yes,0,1,0,0,0,130.0,130.0
43.65148,-79.409679,At Intersection,Clear,Daylight,Dry,Non-Fatal Injury,Cyclist Collisions,Driver,70 to 74,None,Normal,0,1,1,0,0,0,0,Yes,0,1,0,0,0,81.0,81.0
43.725577,-79.297481,At Intersection,Rain,"Dark, artificial",Wet,Non-Fatal Injury,Pedestrian Collisions,Driver,55 to 59,None,Normal,1,0,1,0,0,0,0,Yes,0,1,0,0,0,120.0,120.0
43.65148,-79.409679,At Intersection,Clear,Daylight,Dry,Non-Fatal Injury,Cyclist Collisions,Cyclist,65 to 69,Major,,0,1,1,0,0,0,0,Yes,0,1,0,0,0,81.0,81.0
43.650347,-79.388606,At Intersection,Clear,Daylight,Dry,Non-Fatal Injury,Pedestrian Collisions,Driver,30 to 34,None,Normal,1,0,1,0,0,0,0,Yes,0,1,1,0,0,164.0,77.0
43.616923,-79.518802,At Intersection,Clear,Daylight,Dry,Non-Fatal Injury,Cyclist Collisions,Cyclist,50 to 54,Major,,0,1,1,0,0,0,0,,0,0,0,0,0,160.0,17.0
43.768191,-79.522922,At Intersection,Clear,"Dark, artificial",Wet,Non-Fatal Injury,Pedestrian Collisions,Pedestrian,65 to 69,Major,,1,0,1,0,0,0,0,,0,1,0,0,0,24.0,24.0
43.651065,-79.47626,At Intersection,Clear,Daylight,Dry,Non-Fatal Injury,Cyclist Collisions,Driver,75 to 79,None,Normal,0,1,1,0,0,0,0,,0,1,0,0,0,87.0,87.0
43.737002,-79.259242,Non Intersection,Snow,"Dark, artificial",Wet,Non-Fatal Injury,Approaching,Driver,30 to 34,Minor,Normal,0,0,1,0,0,0,0,,0,0,0,1,0,138.0,138.0
43.674464,-79.327205,At Intersection,Clear,Daylight,Dry,Non-Fatal Injury,Pedestrian Collisions,Driver,60 to 64,None,Normal,1,0,1,0,0,0,0,,0,0,0,0,0,65.0,65.0
43.725577,-79.297481,At Intersection,Rain,"Dark, artificial",Wet,Non-Fatal Injury,Pedestrian Collisions,Passenger,40 to 44,None,,1,0,1,0,0,0,0,Yes,0,1,0,0,0,120.0,120.0
43.674464,-79.327205,At Intersection,Clear,Daylight,Dry,Non-Fatal Injury,Pedestrian Collisions,Pedestrian,0 to 4,Major,,1,0,1,0,0,0,0,,0,0,0,0,0,65.0,65.0
43.65148,-79.409679,At Intersection,Clear,Daylight,Dry,Non-Fatal Injury,Cyclist Collisions,Passenger,60 to 64,None,,0,1,1,0,0,0,0,Yes,0,1,0,0,0,81.0,81.0
43.683486,-79.276981,Intersection Related,Rain,"Dark, artificial",Wet,Non-Fatal Injury,Approaching,Driver,30 to 34,Minor,"Ability Impaired, Alcohol Over .08",0,0,1,0,0,0,0,Yes,0,0,0,1,0,122.0,122.0
43.785887,-79.353244,Non Intersection,Clear,"Dark, artificial",Other,Non-Fatal Injury,SMV Other,Driver,20 to 24,Major,Inattentive,0,0,1,0,0,0,0,Yes,1,1,0,0,0,47.0,47.0
43.616923,-79.518802,At Intersection,Clear,Daylight,Dry,Non-Fatal Injury,Cyclist Collisions,Driver,70 to 74,None,Normal,0,1,1,0,0,0,0,,0,0,0,0,0,160.0,17.0
43.650347,-79.388606,At Intersection,Clear,Daylight,Dry,Non-Fatal Injury,Pedestrian Collisions,Passenger,0 to 4,None,,1,0,1,0,0,0,0,Yes,0,1,1,0,0,164.0,77.0
43.674407,-79.563129,At Intersection,Clear,Daylight,Dry,Non-Fatal Injury,Rear End,Truck Driver,55 to 59,None,Normal,0,0,1,0,1,0,0,Yes,0,1,0,0,0,10.0,10.0
43.651065,-79.47626,At Intersection,Clear,Daylight,Dry,Non-Fatal Injury,Cyclist Collisions,Cyclist,30 to 34,Major,,0,1,1,0,0,0,0,,0,1,0,0,0,87.0,87.0
43.650347,-79.388606,At Intersection,Clear,Daylight,Dry,Non-Fatal Injury,Pedestrian Collisions,Pedestrian,60 to 64,Major,,1,0,1,0,0,0,0,Yes,0,1,1,0,0,164.0,77.0
43.725577,-79.297481,At Intersection,Rain,"Dark, artificial",Wet,Non-Fatal Injury,Pedestrian Collisions,Passenger,10 to 14,None,,1,0,1,0,0,0,0,Yes,0,1,0,0,0,120.0,120.0
43.65148,-79.409694,Intersection Related,Clear,Daylight,Dry,Non-Fatal Injury,SMV Other,Driver,65 to 69,Major,Medical or Physical Disability,0,0,1,0,0,0,0,,0,0,0,0,1,81.0,81.0
43.725577,-79.297481,At Intersection,Rain,"Dark, artificial",Wet,Non-Fatal Injury,Pedestrian Collisions,Passenger,10 to 14,None,,1,0,1,0,0,0,0,Yes,0,1,0,0,0,120.0,120.0
43.674407,-79.563129,At Intersection,Clear,Daylight,Dry,Non-Fatal Injury,Rear End,Driver,65 to 69,Minor,Normal,0,0,1,0,1,0,0,Yes,0,1,0,0,0,10.0,10.0
43.667052,-79.305064,Non Intersection,Clear,"Dark, artificial",Dry,Non-Fatal Injury,SMV Unattended Vehicle,Driver,25 to 29,Major,Unknown,0,0,1,0,0,0,0,Yes,1,1,0,0,0,63.0,63.0
43.614146,-79.55611,At Intersection,Clear,Daylight,Dry,Fatal,Turning Movement,Driver,15 to 19,None,Normal,0,0,1,1,0,0,0,Yes,0,1,0,0,0,159.0,14.0
43.683486,-79.276981,Intersection Related,Rain,"Dark, artificial",Wet,Non-Fatal Injury,Approaching,Driver,20 to 24,Major,Normal,0,0,1,0,0,0,0,Yes,0,0,0,1,0,122.0,122.0
43.692973,-79.262294,At Intersection,Clear,Daylight,Dry,Non-Fatal Injury,Pedestrian Collisions,Driver,45 to 49,None,Normal,1,0,1,0,0,0,0,,0,1,0,0,0,122.0,122.0
43.785887,-79.353244,Non Intersection,Clear,"Dark, artificial",Other,Non-Fatal Injury,SMV Other,Passenger,20 to 24,None,,0,0,1,0,0,0,0,Yes,1,1,0,0,0,47.0,47.0
43.779563,-79.345691,At Intersection,Clear,Daylight,Dry,Non-Fatal Injury,Pedestrian Collisions,Driver,75 to 79,None,Inattentive,1,0,1,0,0,0,0,,0,0,0,0,0,47.0,47.0
43.692973,-79.262294,At Intersection,Clear,Daylight,Dry,Non-Fatal Injury,Pedestrian Collisions,Pedestrian,65 to 69,Major,,1,0,1,0,0,0,0,,0,1,0,0,0,122.0,122.0
43.65148,-79.409694,Intersection Related,Clear,Daylight,Dry,Non-Fatal Injury,SMV Other,Other,unknown,None,,0,0,1,0,0,0,0,,0,0,0,0,1,81.0,81.0
43.667052,-79.305064,Non Intersection,Clear,"Dark, artificial",Dry,Non-Fatal Injury,SMV Unattended Vehicle,Passenger,20 to 24,Minor,,0,0,1,0,0,0,0,Yes,1,1,0,0,0,63.0,63.0
43.674407,-79.563129,At Intersection,Clear,Daylight,Dry,Non-Fatal Injury,Rear End,Passenger,65 to 69,Major,,0,0,1,0,1,0,0,Yes,0,1,0,0,0,10.0,10.0
43.614146,-79.55611,At Intersection,Clear,Daylight,Dry,Fatal,Turning Movement,Motorcycle Driver,75 to 79,Fatal,Normal,0,0,1,1,0,0,0,Yes,0,1,0,0,0,159.0,14.0
43.785887,-79.353244,Non Intersection,Clear,"Dark, artificial",Other,Non-Fatal Injury,SMV Other,Passenger,20 to 24,Minor,,0,0,1,0,0,0,0,Yes,1,1,0,0,0,47.0,47.0
43.614146,-79.55611,At Intersection,Clear,Daylight,Dry,Fatal,Turning Movement,Passenger,15 to 19,None,,0,0,1,1,0,0,0,Yes,0,1,0,0,0,159.0,14.0
43.725577,-79.297481,At Intersection,Rain,"Dark, artificial",Wet,Non-Fatal Injury,Pedestrian Collisions,Pedestrian,40 to 44,Major,,1,0,1,0,0,0,0,Yes,0,1,0,0,0,120.0,120.0
43.779563,-79.345691,At Intersection,Clear,Daylight,Dry,Non-Fatal Injury,Pedestrian Collisions,Pedestrian,75 to 79,Major,,1,0,1,0,0,0,0,,0,0,0,0,0,47.0,47.0
43.683486,-79.276981,Intersection Related,Rain,"Dark, artificial",Wet,Non-Fatal Injury,Approaching,Passenger,25 to 29,Major,,0,0,1,0,0,0,0,Yes,0,0,0,1,0,122.0,122.0
43.680205,-79.43246,At Intersection,Clear,"Dark, artificial",Dry,Non-Fatal Injury,Pedestrian Collisions,Driver,65 to 69,None,Normal,1,0,1,0,0,0,0,,0,0,0,0,0,94.0,94.0
43.660144,-79.382587,Non Intersection,Clear,Daylight,Wet,Non-Fatal Injury,Pedestrian Collisions,Driver,45 to 49,None,Inattentive,1,0,1,0,0,0,0,,0,0,0,0,0,168.0,75.0
43.816447,-79.282207,Non Intersection,Rain,"Dark, artificial",Wet,Fatal,SMV Other,Driver,15 to 19,Fatal,Unknown,0,0,1,0,0,0,0,Yes,1,1,0,0,0,130.0,130.0
43.663443,-79.385959,At/Near Private Drive,Clear,Daylight,Dry,Non-Fatal Injury,Cyclist Collisions,Driver,60 to 64,None,Other,0,1,1,0,0,0,0,,0,0,0,0,0,169.0,76.0
43.661914,-79.425617,At Intersection,Clear,"Dark, artificial",Dry,Non-Fatal Injury,Turning Movement,Motorcycle Driver,20 to 24,Major,Other,0,0,0,1,0,1,0,,1,1,0,0,0,80.0,80.0
43.785887,-79.353244,Non Intersection,Clear,"Dark, artificial",Other,Non-Fatal Injury,SMV Other,Passenger,20 to 24,Minor,,0,0,1,0,0,0,0,Yes,1,1,0,0,0,47.0,47.0
43.683486,-79.276981,Intersection Related,Rain,"Dark, artificial",Wet,Non-Fatal Injury,Approaching,Passenger,20 to 24,Major,,0,0,1,0,0,0,0,Yes,0,0,0,1,0,122.0,122.0
43.661441,-79.409732,At Intersection,Clear,Dark,Dry,Non-Fatal Injury,Pedestrian Collisions,Driver,55 to 59,None,Normal,1,0,1,0,0,0,0,Yes,0,0,0,0,0,79.0,79.0
43.661914,-79.425617,At Intersection,Clear,"Dark, artificial",Dry,Non-Fatal Injury,Turning Movement,Driver,30 to 34,None,Inattentive,0,0,0,1,0,1,0,,1,1,0,0,0,80.0,80.0
43.816447,-79.282207,Non Intersection,Rain,"Dark, artificial",Wet,Fatal,SMV Other,Passenger,10 to 14,Major,,0,0,1,0,0,0,0,Yes,1,1,0,0,0,130.0,130.0
43.680205,-79.43246,At Intersection,Clear,"Dark, artificial",Dry,Non-Fatal Injury,Pedestrian Collisions,Pedestrian,45 to 49,Major,,1,0,1,0,0,0,0,,0,0,0,0,0,94.0,94.0
43.779563,-79.345691,At Intersection,Clear,Daylight,Dry,Non-Fatal Injury,Pedestrian Collisions,Pedestrian,70 to 74,Minor,,1,0,1,0,0,0,0,,0,0,0,0,0,47.0,47.0
43.660144,-79.382587,Non Intersection,Clear,Daylight,Wet,Non-Fatal Injury,Pedestrian Collisions,Pedestrian,75 to 79,Major,,1,0,1,0,0,0,0,,0,0,0,0,0,168.0,75.0
43.663443,-79.385959,At/Near Private Drive,Clear,Daylight,Dry,Non-Fatal Injury,Cyclist Collisions,Cyclist,30 to 34,Major,,0,1,1,0,0,0,0,,0,0,0,0,0,169.0,76.0
43.726569,-79.482028,At Intersection,Clear,"Dark, artificial",Dry,Non-Fatal Injury,Turning Movement,Driver,30 to 34,None,Normal,0,0,1,0,0,0,0,Yes,0,1,0,0,0,155.0,26.0
43.688468,-79.565227,At Intersection,Clear,Daylight,Dry,Non-Fatal Injury,SMV Other,Driver,70 to 74,Major,Normal,0,0,1,0,0,0,0,,0,0,0,0,0,7.0,7.0
43.755698,-79.314487,At Intersection,Clear,Daylight,Dry,Non-Fatal Injury,Turning Movement,Driver,45 to 49,None,Normal,0,0,1,0,0,0,0,,0,1,0,0,0,119.0,119.0
43.650134,-79.480426,At Intersection,Clear,Daylight,Wet,Non-Fatal Injury,Pedestrian Collisions,Truck Driver,35 to 39,None,Inattentive,1,0,0,0,1,0,0,Yes,0,1,0,0,0,87.0,87.0
43.721755,-79.274471,At Intersection,Clear,Daylight,Dry,Non-Fatal Injury,Cyclist Collisions,Cyclist,20 to 24,Major,,0,1,1,0,0,0,0,Yes,0,0,0,0,0,124.0,124.0
43.661441,-79.409732,At Intersection,Clear,Dark,Dry,Non-Fatal Injury,Pedestrian Collisions,Passenger,20 to 24,None,,1,0,1,0,0,0,0,Yes,0,0,0,0,0,79.0,79.0
43.75495,-79.245265,Non Intersection,Clear,"Dark, artificial",Dry,Non-Fatal Injury,Pedestrian Collisions,Driver,20 to 24,None,Unknown,1,0,1,0,0,0,0,,0,0,0,0,0,157.0,127.0
43.807955,-79.266467,At Intersection,Clear,"Dark, artificial",Dry,Non-Fatal Injury,Pedestrian Collisions,Driver,25 to 29,None,Normal,1,0,1,0,0,0,0,,0,0,0,0,0,129.0,129.0
43.636378,-79.444034,Non Intersection,Clear,Daylight,Dry,Non-Fatal Injury,Approaching,Driver,25 to 29,Major,Inattentive,0,0,1,0,1,0,0,,1,1,0,0,0,85.0,85.0
43.726569,-79.482028,At Intersection,Clear,"Dark, artificial",Dry,Non-Fatal Injury,Turning Movement,Driver,15 to 19,Major,Normal,0,0,1,0,0,0,0,Yes,0,1,0,0,0,155.0,26.0
43.661441,-79.409732,At Intersection,Clear,Dark,Dry,Non-Fatal Injury,Pedestrian Collisions,Passenger,20 to 24,None,,1,0,1,0,0,0,0,Yes,0,0,0,0,0,79.0,79.0
43.721755,-79.274471,At Intersection,Clear,Daylight,Dry,Non-Fatal Injury,Cyclist Collisions,Driver,25 to 29,None,Normal,0,1,1,0,0,0,0,Yes,0,0,0,0,0,124.0,124.0
43.807955,-79.266467,At Intersection,Clear,"Dark, artificial",Dry,Non-Fatal Injury,Pedestrian Collisions,Pedestrian,35 to 39,Major,,1,0,1,0,0,0,0,,0,0,0,0,0,129.0,129.0
43.75495,-79.245265,Non Intersection,Clear,"Dark, artificial",Dry,Non-Fatal Injury,Pedestrian Collisions,Pedestrian,20 to 24,Major,,1,0,1,0,0,0,0,,0,0,0,0,0,157.0,127.0
43.755698,-79.314487,At Intersection,Clear,Daylight,Dry,Non-Fatal Injury,Turning Movement,Driver,30 to 34,Major,Normal,0,0,1,0,0,0,0,,0,1,0,0,0,119.0,119.0
43.816447,-79.282207,Non Intersection,Rain,"Dark, artificial",Wet,Fatal,SMV Other,Passenger,15 to 19,Minor,,0,0,1,0,0,0,0,Yes,1,1,0,0,0,130.0,130.0
43.650134,-79.480426,At Intersection,Clear,Daylight,Wet,Non-Fatal Injury,Pedestrian Collisions,Passenger,15 to 19,None,,1,0,0,0,1,0,0,Yes,0,1,0,0,0,87.0,87.0
43.726569,-79.482028,At Intersection,Clear,"Dark, artificial",Dry,Non-Fatal Injury,Turning Movement,Passenger,15 to 19,None,,0,0,1,0,0,0,0,Yes,0,1,0,0,0,155.0,26.0
43.661441,-79.409732,At Intersection,Clear,Dark,Dry,Non-Fatal Injury,Pedestrian Collisions,Pedestrian,10 to 14,Major,,1,0,1,0,0,0,0,Yes,0,0,0,0,0,79.0,79.0
43.761832,-79.465358,Non Intersection,Clear,"Dusk, artificial",Dry,Non-Fatal Injury,Pedestrian Collisions,Driver,60 to 64,None,Normal,1,0,1,0,0,0,0,,0,0,0,0,0,34.0,34.0
43.636378,-79.444034,Non Intersection,Clear,Daylight,Dry,Non-Fatal Injury,Approaching,Truck Driver,60 to 64,None,Normal,0,0,1,0,1,0,0,,1,1,0,0,0,85.0,85.0
43.677485,-79.351924,Intersection Related,Clear,"Dark, artificial",Dry,Non-Fatal Injury,Turning Movement,Driver,30 to 34,Major,Medical or Physical Disability,0,0,1,0,0,0,0,Yes,0,1,0,0,1,68.0,68.0
43.809794,-79.366481,Non Intersection,Clear,Daylight,Dry,Non-Fatal Injury,Rear End,Motorcycle Driver,45 to 49,Major,Inattentive,0,0,1,1,0,0,0,,0,0,0,0,0,48.0,48.0
43.650134,-79.480426,At Intersection,Clear,Daylight,Wet,Non-Fatal Injury,Pedestrian Collisions,Pedestrian,60 to 64,Major,,1,0,0,0,1,0,0,Yes,0,1,0,0,0,87.0,87.0
43.719145,-79.603442,At Intersection,Clear,"Dark, artificial",Dry,Non-Fatal Injury,Pedestrian Collisions,Driver,unknown,None,Unknown,1,0,1,0,0,0,0,,0,1,0,0,0,1.0,1.0
43.761832,-79.465358,Non Intersection,Clear,"Dusk, artificial",Dry,Non-Fatal Injury,Pedestrian Collisions,Pedestrian,20 to 24,Major,,1,0,1,0,0,0,0,,0,0,0,0,0,34.0,34.0
43.721755,-79.274471,At Intersection,Clear,Daylight,Dry,Non-Fatal Injury,Cyclist Collisions,Passenger,20 to 24,Minimal,,0,1,1,0,0,0,0,Yes,0,0,0,0,0,124.0,124.0
43.663294,-79.426227,Non Intersection,Clear,Daylight,Dry,Fatal,Pedestrian Collisions,Driver,30 to 34,None,Normal,1,0,1,0,0,0,0,,0,1,0,0,0,172.0,93.0
43.687167,-79.271663,At Intersection,Clear,Daylight,Dry,Non-Fatal Injury,Sideswipe,Motorcycle Driver,25 to 29,Major,Inattentive,0,0,1,1,0,0,0,,0,0,0,0,0,122.0,122.0
43.677485,-79.351924,Intersection Related,Clear,"Dark, artificial",Dry,Non-Fatal Injury,Turning Movement,Driver,25 to 29,None,Normal,0,0,1,0,0,0,0,Yes,0,1,0,0,1,68.0,68.0
43.719145,-79.603442,At Intersection,Clear,"Dark, artificial",Dry,Non-Fatal Injury,Pedestrian Collisions,Pedestrian,55 to 59,Major,,1,0,1,0,0,0,0,,0,1,0,0,0,1.0,1.0
43.715853,-79.444942,At Intersection,Clear,"Dark, artificial",Dry,Fatal,Pedestrian Collisions,Driver,50 to 54,Minor,Inattentive,1,0,0,0,0,1,0,,0,0,0,0,0,31.0,31.0
43.726569,-79.482028,At Intersection,Clear,"Dark, artificial",Dry,Non-Fatal Injury,Turning Movement,Passenger,15 to 19,None,,0,0,1,0,0,0,0,Yes,0,1,0,0,0,155.0,26.0
43.663294,-79.426227,Non Intersection,Clear,Daylight,Dry,Fatal,Pedestrian Collisions,Pedestrian,Over 95,Fatal,,1,0,1,0,0,0,0,,0,1,0,0,0,172.0,93.0
43.677485,-79.351924,Intersection Related,Clear,"Dark, artificial",Dry,Non-Fatal Injury,Turning Movement,Other,15 to 19,None,,0,0,1,0,0,0,0,Yes,0,1,0,0,1,68.0,68.0
43.687167,-79.271663,At Intersection,Clear,Daylight,Dry,Non-Fatal Injury,Sideswipe,Driver,35 to 39,None,Normal,0,0,1,1,0,0,0,,0,0,0,0,0,122.0,122.0
43.715853,-79.444942,At Intersection,Clear,"Dark, artificial",Dry,Fatal,Pedestrian Collisions,Pedestrian,55 to 59,Fatal,,1,0,0,0,0,1,0,,0,0,0,0,0,31.0,31.0
43.809794,-79.366481,Non Intersection,Clear,Daylight,Dry,Non-Fatal Injury,Rear End,Driver,50 to 54,None,Normal,0,0,1,1,0,0,0,,0,0,0,0,0,48.0,48.0
43.804549,-79.320133,At Intersection,Rain,"Dark, artificial",Wet,Non-Fatal Injury,Pedestrian Collisions,Driver,85 to 89,None,Normal,1,0,1,0,0,0,0,,0,0,0,0,0,148.0,117.0
43.726569,-79.482028,At Intersection,Clear,"Dark, artificial",Dry,Non-Fatal Injury,Turning Movement,Passenger,15 to 19,None,,0,0,1,0,0,0,0,Yes,0,1,0,0,0,155.0,26.0
43.779563,-79.345691,At Intersection,Clear,"Dark, artificial",Dry,Non-Fatal Injury,Pedestrian Collisions,Driver,45 to 49,None,Normal,1,0,1,0,0,0,0,,0,0,0,0,0,47.0,47.0
43.686923,-79.48949,Intersection Related,Clear,Daylight,Loose Sand or Gravel,Non-Fatal Injury,Sideswipe,Driver,45 to 49,None,Inattentive,0,0,1,0,0,0,0,,0,0,0,0,0,115.0,115.0
43.817473,-79.24496,Non Intersection,Clear,"Dark, artificial",Dry,Non-Fatal Injury,Rear End,Motorcycle Driver,20 to 24,Major,Unknown,0,0,1,1,0,0,0,Yes,1,1,0,0,0,144.0,131.0
43.726924,-79.457614,At Intersection,Clear,"Dark, artificial",Dry,Non-Fatal Injury,Angle,Driver,30 to 34,None,Inattentive,0,0,1,0,0,0,0,Yes,0,1,1,0,0,31.0,31.0
43.660288,-79.361743,At Intersection,Clear,Daylight,Dry,Fatal,Pedestrian Collisions,Pedestrian,35 to 39,Fatal,,1,0,1,0,0,0,0,,0,0,0,0,0,72.0,72.0
43.782813,-79.436504,At Intersection,Clear,Daylight,Dry,Non-Fatal Injury,Pedestrian Collisions,Driver,45 to 49,None,Unknown,1,0,1,0,0,0,0,,0,1,0,0,0,36.0,36.0
43.779563,-79.345691,At Intersection,Clear,"Dark, artificial",Dry,Non-Fatal Injury,Pedestrian Collisions,Pedestrian,50 to 54,Major,,1,0,1,0,0,0,0,,0,0,0,0,0,47.0,47.0
43.737422,-79.432498,At/Near Private Drive,Clear,Daylight,Dry,Non-Fatal Injury,Turning Movement,Driver,15 to 19,Major,Unknown,0,0,1,0,0,0,0,,0,1,0,0,0,38.0,38.0
43.804549,-79.320133,At Intersection,Rain,"Dark, artificial",Wet,Non-Fatal Injury,Pedestrian Collisions,Driver,60 to 64,None,Normal,1,0,1,0,0,0,0,,0,0,0,0,0,148.0,117.0
43.817473,-79.24496,Non Intersection,Clear,"Dark, artificial",Dry,Non-Fatal Injury,Rear End,Driver,25 to 29,None,Normal,0,0,1,1,0,0,0,Yes,1,1,0,0,0,144.0,131.0
43.677485,-79.351924,Intersection Related,Clear,"Dark, artificial",Dry,Non-Fatal Injury,Turning Movement,Passenger,45 to 49,Minor,,0,0,1,0,0,0,0,Yes,0,1,0,0,1,68.0,68.0
43.660288,-79.361743,At Intersection,Clear,Daylight,Dry,Fatal,Pedestrian Collisions,Driver,40 to 44,None,"Ability Impaired, Drugs",1,0,1,0,0,0,0,,0,0,0,0,0,72.0,72.0
43.726924,-79.457614,At Intersection,Clear,"Dark, artificial",Dry,Non-Fatal Injury,Angle,Driver,50 to 54,Minor,Normal,0,0,1,0,0,0,0,Yes,0,1,1,0,0,31.0,31.0
43.782813,-79.436504,At Intersection,Clear,Daylight,Dry,Non-Fatal Injury,Pedestrian Collisions,Pedestrian,65 to 69,Major,,1,0,1,0,0,0,0,,0,1,0,0,0,36.0,36.0
43.707854,-79.427013,At Intersection,Clear,"Dark, artificial",Dry,Non-Fatal Injury,Pedestrian Collisions,Driver,25 to 29,None,Inattentive,1,0,1,0,0,0,0,,0,0,0,0,0,102.0,102.0
43.686923,-79.48949,Intersection Related,Clear,Daylight,Loose Sand or Gravel,Non-Fatal Injury,Sideswipe,Driver,45 to 49,Major,Normal,0,0,1,0,0,0,0,,0,0,0,0,0,115.0,115.0
43.680533,-79.336284,Non Intersection,Clear,Daylight,Dry,Non-Fatal Injury,Turning Movement,Driver,70 to 74,None,Normal,0,0,1,1,0,0,0,Yes,0,0,0,0,0,69.0,69.0
43.598124,-79.51691,At Intersection,Rain,"Dark, artificial",Wet,Non-Fatal Injury,Pedestrian Collisions,Driver,40 to 44,None,Normal,1,0,1,0,0,0,0,,0,0,0,0,0,18.0,18.0
43.726924,-79.457614,At Intersection,Clear,"Dark, artificial",Dry,Non-Fatal Injury,Angle,Passenger,70 to 74,Major,,0,0,1,0,0,0,0,Yes,0,1,1,0,0,31.0,31.0
43.655394,-79.388561,At Intersection,Clear,Daylight,Dry,Non-Fatal Injury,Angle,Driver,30 to 34,None,Normal,0,0,1,1,0,0,0,,0,1,0,0,0,170.0,76.0
43.707854,-79.427013,At Intersection,Clear,"Dark, artificial",Dry,Non-Fatal Injury,Pedestrian Collisions,Pedestrian,30 to 34,Major,,1,0,1,0,0,0,0,,0,0,0,0,0,102.0,102.0
43.737422,-79.432498,At/Near Private Drive,Clear,Daylight,Dry,Non-Fatal Injury,Turning Movement,Driver,30 to 34,Minor,Normal,0,0,1,0,0,0,0,,0,1,0,0,0,38.0,38.0
43.817473,-79.24496,Non Intersection,Clear,"Dark, artificial",Dry,Non-Fatal Injury,Rear End,Motorcycle Passenger,20 to 24,Major,,0,0,1,1,0,0,0,Yes,1,1,0,0,0,144.0,131.0
43.804549,-79.320133,At Intersection,Rain,"Dark, artificial",Wet,Non-Fatal Injury,Pedestrian Collisions,Driver,unknown,None,Unknown,1,0,1,0,0,0,0,,0,0,0,0,0,148.0,117.0
43.714774,-79.260837,At Intersection,Clear,Dark,Wet,Non-Fatal Injury,Pedestrian Collisions,Driver,unknown,None,Inattentive,1,0,1,0,0,0,0,,0,0,0,0,0,120.0,120.0
43.680533,-79.336284,Non Intersection,Clear,Daylight,Dry,Non-Fatal Injury,Turning Movement,Motorcycle Driver,45 to 49,Major,Normal,0,0,1,1,0,0,0,Yes,0,0,0,0,0,69.0,69.0
43.800658,-79.143306,At/Near Private Drive,Clear,"Dark, artificial",Dry,Non-Fatal Injury,Turning Movement,Driver,50 to 54,None,Unknown,0,0,1,0,0,0,0,,0,1,0,0,0,143.0,131.0
43.637671,-79.433238,At Intersection,Clear,"Dark, artificial",Dry,Non-Fatal Injury,Pedestrian Collisions,Driver,65 to 69,None,Normal,1,0,1,0,0,0,0,Yes,0,0,0,0,0,85.0,85.0