LATITUDE,LONGITUDE,ACCLOC,VISIBILITY,LIGHT,RDSFCOND,ACCLASS,IMPACTYPE,INVTYPE,INVAGE,INJURY,DRIVCOND,PEDESTRIAN,CYCLIST,AUTOMOBILE,MOTORCYCLE,TRUCK,TRSN_CITY_VEH,EMERG_VEH,PASSENGER,SPEEDING,AG_DRIV,REDLIGHT,ALCOHOL,DISABILITY,HOOD_158,HOOD_140
43.793036,-79.331371,Intersection Related,Clear,Daylight,Dry,Fatal,Approaching,Driver,55 to 59,Minor,Unknown,0,0,1,0,0,0,0,,1,1,0,0,0,147.0,117.0
43.740515,-79.261867,At/Near Private Drive,Clear,"Dark, artificial",Dry,Non-Fatal Injury,SMV Other,Driver,25 to 29,Minor,Had Been Drinking,0,0,1,0,0,0,0,Yes,1,1,0,0,0,138.0,138.0
43.793036,-79.331371,Intersection Related,Clear,Daylight,Dry,Fatal,Approaching,Driver,40 to 44,Fatal,Normal,0,0,1,0,0,0,0,,1,1,0,0,0,147.0,117.0
43.801196,-79.296558,At Intersection,Clear,Daylight,Dry,Non-Fatal Injury,Angle,Driver,35 to 39,None,Normal,0,0,1,1,0,0,0,,0,1,1,0,0,148.0,117.0
43.656603,-79.382831,Non Intersection,Rain,"Dark, artificial",Wet,Non-Fatal Injury,Pedestrian Collisions,Passenger,unknown,None,,1,0,1,0,0,0,0,Yes,0,0,0,0,0,170.0,76.0
43.71408,-79.445865,At Intersection,Clear,Daylight,Dry,Non-Fatal Injury,Cyclist Collisions,Cyclist,30 to 34,Major,,0,1,1,0,0,0,0,,0,1,0,0,0,31.0,31.0
43.75466,-79.266162,Non Intersection,Clear,Daylight,Dry,Non-Fatal Injury,Pedestrian Collisions,Driver,20 to 24,None,Unknown,1,0,1,0,0,0,0,Yes,0,0,0,0,0,156.0,127.0
43.681536,-79.476711,At Intersection,Clear,"Dark, artificial",Wet,Non-Fatal Injury,Pedestrian Collisions,Truck Driver,60 to 64,None,Normal,1,0,0,0,1,0,0,Yes,0,1,0,0,0,111.0,111.0
43.660742,-79.385814,At Intersection,Clear,Daylight,Dry,Non-Fatal Injury,Pedestrian Collisions,Pedestrian,50 to 54,Major,,1,0,1,0,0,0,0,Yes,0,1,1,0,0,170.0,76.0
43.740515,-79.261867,At/Near Private Drive,Clear,"Dark, artificial",Dry,Non-Fatal Injury,SMV Other,Passenger,20 to 24,Major,,0,0,1,0,0,0,0,Yes,1,1,0,0,0,138.0,138.0
43.736979,-79.59064,Non Intersection,Clear,"Dark, artificial",Dry,Non-Fatal Injury,Approaching,Passenger,10 to 14,Minor,,0,0,1,0,0,0,0,Yes,0,1,0,1,0,2.0,2.0
43.642176,-79.565959,At Intersection,Clear,Daylight,Dry,Non-Fatal Injury,SMV Other,Driver,25 to 29,Major,Unknown,0,0,1,0,0,0,0,,0,0,0,0,0,13.0,13.0
43.647265,-79.399349,At Intersection,Clear,Daylight,Dry,Non-Fatal Injury,Pedestrian Collisions,Truck Driver,35 to 39,None,Unknown,1,0,0,0,1,0,0,,0,0,0,0,0,164.0,77.0
43.656603,-79.382831,Non Intersection,Rain,"Dark, artificial",Wet,Non-Fatal Injury,Pedestrian Collisions,Pedestrian,60 to 64,Major,,1,0,1,0,0,0,0,Yes,0,0,0,0,0,170.0,76.0
43.648566,-79.386577,At Intersection,Clear,"Dark, artificial",Dry,Non-Fatal Injury,Pedestrian Collisions,Driver,35 to 39,None,Normal,1,0,1,0,0,0,0,Yes,0,0,0,0,0,170.0,76.0
43.681536,-79.476711,At Intersection,Clear,"Dark, artificial",Wet,Non-Fatal Injury,Pedestrian Collisions,Passenger,40 to 44,None,,1,0,0,0,1,0,0,Yes,0,1,0,0,0,111.0,111.0
43.6622,-79.31483,At Intersection,Clear,Dusk,Dry,Non-Fatal Injury,Rear End,Driver,50 to 54,Major,Unknown,0,0,1,1,0,0,0,,0,1,0,0,0,70.0,70.0
43.736979,-79.59064,Non Intersection,Clear,"Dark, artificial",Dry,Non-Fatal Injury,Approaching,Passenger,0 to 4,None,,0,0,1,0,0,0,0,Yes,0,1,0,1,0,2.0,2.0
43.759955,-79.571773,At Intersection,Clear,Daylight,Dry,Fatal,Pedestrian Collisions,Driver,25 to 29,None,Inattentive,1,0,1,0,0,0,0,,0,1,0,0,0,21.0,21.0
43.702132,-79.335933,Non Intersection,Clear,Dark,Dry,Non-Fatal Injury,Approaching,Driver,20 to 24,Major,Unknown,0,0,1,0,0,0,0,Yes,0,0,0,0,0,58.0,58.0
43.647265,-79.399349,At Intersection,Clear,Daylight,Dry,Non-Fatal Injury,Pedestrian Collisions,Pedestrian,45 to 49,Major,,1,0,0,0,1,0,0,,0,0,0,0,0,164.0,77.0
43.648566,-79.386577,At Intersection,Clear,"Dark, artificial",Dry,Non-Fatal Injury,Pedestrian Collisions,Passenger,35 to 39,None,,1,0,1,0,0,0,0,Yes,0,0,0,0,0,170.0,76.0
43.75466,-79.266162,Non Intersection,Clear,Daylight,Dry,Non-Fatal Injury,Pedestrian Collisions,Driver,40 to 44,None,Normal,1,0,1,0,0,0,0,Yes,0,0,0,0,0,156.0,127.0
43.786063,-79.139377,At Intersection,Clear,Daylight,Dry,Non-Fatal Injury,Pedestrian Collisions,Driver,65 to 69,None,Normal,1,0,1,0,0,0,0,,0,1,0,0,0,133.0,133.0
43.6622,-79.31483,At Intersection,Clear,Dusk,Dry,Non-Fatal Injury,Rear End,Motorcycle Driver,50 to 54,Major,Normal,0,0,1,1,0,0,0,,0,1,0,0,0,70.0,70.0
43.681536,-79.476711,At Intersection,Clear,"Dark, artificial",Wet,Non-Fatal Injury,Pedestrian Collisions,Pedestrian,55 to 59,Major,,1,0,0,0,1,0,0,Yes,0,1,0,0,0,111.0,111.0
43.736979,-79.59064,Non Intersection,Clear,"Dark, artificial",Dry,Non-Fatal Injury,Approaching,Other,35 to 39,Major,,0,0,1,0,0,0,0,Yes,0,1,0,1,0,2.0,2.0
43.759955,-79.571773,At Intersection,Clear,Daylight,Dry,Fatal,Pedestrian Collisions,Pedestrian,70 to 74,Fatal,,1,0,1,0,0,0,0,,0,1,0,0,0,21.0,21.0
43.702132,-79.335933,Non Intersection,Clear,Dark,Dry,Non-Fatal Injury,Approaching,Driver,40 to 44,Minor,Normal,0,0,1,0,0,0,0,Yes,0,0,0,0,0,58.0,58.0
43.638205,-79.388637,At Intersection,Clear,Daylight,Dry,Non-Fatal Injury,Approaching,Driver,30 to 34,Minimal,Normal,0,0,1,0,0,1,0,Yes,1,1,0,0,0,165.0,77.0
43.648566,-79.386577,At Intersection,Clear,"Dark, artificial",Dry,Non-Fatal Injury,Pedestrian Collisions,Pedestrian,25 to 29,Major,,1,0,1,0,0,0,0,Yes,0,0,0,0,0,170.0,76.0
43.75466,-79.266162,Non Intersection,Clear,Daylight,Dry,Non-Fatal Injury,Pedestrian Collisions,Driver,40 to 44,None,Normal,1,0,1,0,0,0,0,Yes,0,0,0,0,0,156.0,127.0
43.786063,-79.139377,At Intersection,Clear,Daylight,Dry,Non-Fatal Injury,Pedestrian Collisions,Pedestrian,45 to 49,Major,,1,0,1,0,0,0,0,,0,1,0,0,0,133.0,133.0
43.708571,-79.298282,At Intersection,Clear,Daylight,Dry,Non-Fatal Injury,Angle,Driver,85 to 89,Minimal,Inattentive,0,0,1,1,0,0,0,,0,1,0,0,0,54.0,54.0
43.702132,-79.335933,Non Intersection,Clear,Dark,Dry,Non-Fatal Injury,Approaching,Passenger,25 to 29,Minor,,0,0,1,0,0,0,0,Yes,0,0,0,0,0,58.0,58.0
43.676657,-79.415744,At Intersection,Clear,Daylight,Dry,Non-Fatal Injury,Rear End,Truck Driver,35 to 39,None,Normal,0,0,0,0,1,1,0,Yes,0,1,0,0,0,96.0,96.0
43.781642,-79.401424,Intersection Related,Clear,"Dark, artificial",Dry,Non-Fatal Injury,Pedestrian Collisions,Driver,unknown,None,Unknown,1,0,0,0,0,0,0,,0,0,0,0,0,152.0,51.0
43.815394,-79.324634,Non Intersection,Clear,Daylight,Wet,Fatal,Pedestrian Collisions,Pedestrian,85 to 89,Fatal,,1,0,1,0,0,0,0,,0,0,0,0,0,116.0,116.0
43.75466,-79.266162,Non Intersection,Clear,Daylight,Dry,Non-Fatal Injury,Pedestrian Collisions,Pedestrian,35 to 39,Major,,1,0,1,0,0,0,0,Yes,0,0,0,0,0,156.0,127.0
43.685877,-79.499263,Non Intersection,Clear,Daylight,Dry,Non-Fatal Injury,Pedestrian Collisions,Driver,20 to 24,None,Normal,1,0,1,0,0,0,0,,0,0,0,0,0,115.0,115.0
43.638205,-79.388637,At Intersection,Clear,Daylight,Dry,Non-Fatal Injury,Approaching,Passenger,30 to 34,Major,,0,0,1,0,0,1,0,Yes,1,1,0,0,0,165.0,77.0
43.708571,-79.298282,At Intersection,Clear,Daylight,Dry,Non-Fatal Injury,Angle,Motorcycle Driver,55 to 59,Major,Normal,0,0,1,1,0,0,0,,0,1,0,0,0,54.0,54.0
43.736979,-79.59064,Non Intersection,Clear,"Dark, artificial",Dry,Non-Fatal Injury,Approaching,Driver,25 to 29,Minor,"Ability Impaired, Alcohol Over .08",0,0,1,0,0,0,0,Yes,0,1,0,1,0,2.0,2.0
43.702132,-79.335933,Non Intersection,Clear,Dark,Dry,Non-Fatal Injury,Approaching,Passenger,25 to 29,Major,,0,0,1,0,0,0,0,Yes,0,0,0,0,0,58.0,58.0
43.676657,-79.415744,At Intersection,Clear,Daylight,Dry,Non-Fatal Injury,Rear End,Driver,25 to 29,Minimal,Normal,0,0,0,0,1,1,0,Yes,0,1,0,0,0,96.0,96.0
43.781642,-79.401424,Intersection Related,Clear,"Dark, artificial",Dry,Non-Fatal Injury,Pedestrian Collisions,Pedestrian,65 to 69,Major,,1,0,0,0,0,0,0,,0,0,0,0,0,152.0,51.0
43.815394,-79.324634,Non Intersection,Clear,Daylight,Wet,Fatal,Pedestrian Collisions,Driver,50 to 54,None,Normal,1,0,1,0,0,0,0,,0,0,0,0,0,116.0,116.0
43.75466,-79.266162,Non Intersection,Clear,Daylight,Dry,Non-Fatal Injury,Pedestrian Collisions,Driver,55 to 59,None,Normal,1,0,1,0,0,0,0,Yes,0,0,0,0,0,156.0,127.0
43.638205,-79.388637,At Intersection,Clear,Daylight,Dry,Non-Fatal Injury,Approaching,Driver,25 to 29,Minor,Unknown,0,0,1,0,0,1,0,Yes,1,1,0,0,0,165.0,77.0
43.667624,-79.342769,At Intersection,Clear,Daylight,Dry,Non-Fatal Injury,Cyclist Collisions,Cyclist,55 to 59,Major,,0,1,1,0,0,0,0,Yes,0,0,0,0,0,70.0,70.0
43.736979,-79.59064,Non Intersection,Clear,"Dark, artificial",Dry,Non-Fatal Injury,Approaching,Driver,40 to 44,Minor,Normal,0,0,1,0,0,0,0,Yes,0,1,0,1,0,2.0,2.0
43.824164,-79.246722,Non Intersection,Clear,"Dark, artificial",Dry,Non-Fatal Injury,SMV Other,Driver,20 to 24,Major,"Ability Impaired, Alcohol",0,0,1,0,0,0,0,,0,0,0,1,0,144.0,131.0
43.605952,-79.547092,At Intersection,Clear,"Dark, artificial",Dry,Non-Fatal Injury,Turning Movement,Driver,50 to 54,None,Normal,0,0,1,1,0,0,0,Yes,0,1,0,0,0,20.0,20.0
43.685877,-79.499263,Non Intersection,Clear,Daylight,Dry,Non-Fatal Injury,Pedestrian Collisions,Pedestrian,10 to 14,Major,,1,0,1,0,0,0,0,,0,0,0,0,0,115.0,115.0
43.75466,-79.266162,Non Intersection,Clear,Daylight,Dry,Non-Fatal Injury,Pedestrian Collisions,Passenger,20 to 24,None,,1,0,1,0,0,0,0,Yes,0,0,0,0,0,156.0,127.0
43.658259,-79.352199,At Intersection,Clear,Daylight,Dry,Non-Fatal Injury,Pedestrian Collisions,Driver,70 to 74,None,Inattentive,1,0,1,0,0,0,0,,0,1,0,0,0,70.0,70.0
43.668597,-79.338092,At/Near Private Drive,Clear,Daylight,Wet,Non-Fatal Injury,Pedestrian Collisions,Truck Driver,50 to 54,None,Normal,1,0,0,0,1,0,0,,0,1,0,0,0,70.0,70.0
43.676657,-79.415744,At Intersection,Clear,Daylight,Dry,Non-Fatal Injury,Rear End,Passenger,25 to 29,None,,0,0,0,0,1,1,0,Yes,0,1,0,0,0,96.0,96.0
43.75466,-79.266162,Non Intersection,Clear,Daylight,Dry,Non-Fatal Injury,Pedestrian Collisions,Passenger,20 to 24,None,,1,0,1,0,0,0,0,Yes,0,0,0,0,0,156.0,127.0
43.695811,-79.319873,At Intersection,Clear,"Dark, artificial",Wet,Non-Fatal Injury,Angle,Driver,50 to 54,Major,Normal,0,0,1,0,0,0,1,Yes,1,1,0,0,0,59.0,59.0
43.667624,-79.342769,At Intersection,Clear,Daylight,Dry,Non-Fatal Injury,Cyclist Collisions,Driver,35 to 39,None,Normal,0,1,1,0,0,0,0,Yes,0,0,0,0,0,70.0,70.0
43.814654,-79.34518,At/Near Private Drive,Clear,Daylight,Dry,Non-Fatal Injury,SMV Other,Driver,75 to 79,Minimal,Inattentive,0,0,1,0,0,0,0,Yes,0,0,0,0,0,48.0,48.0
43.605952,-79.547092,At Intersection,Clear,"Dark, artificial",Dry,Non-Fatal Injury,Turning Movement,Motorcycle Driver,50 to 54,Major,Normal,0,0,1,1,0,0,0,Yes,0,1,0,0,0,20.0,20.0
43.68801,-79.394099,At Intersection,Clear,Daylight,Dry,Non-Fatal Injury,Pedestrian Collisions,Driver,20 to 24,None,Unknown,1,0,1,0,0,0,0,,0,1,0,0,0,98.0,98.0
43.75466,-79.266162,Non Intersection,Clear,Daylight,Dry,Non-Fatal Injury,Pedestrian Collisions,Passenger,20 to 24,None,,1,0,1,0,0,0,0,Yes,0,0,0,0,0,156.0,127.0
43.667624,-79.342769,At Intersection,Clear,Daylight,Dry,Non-Fatal Injury,Cyclist Collisions,Passenger,15 to 19,None,,0,1,1,0,0,0,0,Yes,0,0,0,0,0,70.0,70.0
43.814654,-79.34518,At/Near Private Drive,Clear,Daylight,Dry,Non-Fatal Injury,SMV Other,Driver,30 to 34,Minimal,Normal,0,0,1,0,0,0,0,Yes,0,0,0,0,0,48.0,48.0
43.658259,-79.352199,At Intersection,Clear,Daylight,Dry,Non-Fatal Injury,Pedestrian Collisions,Pedestrian,70 to 74,Major,,1,0,1,0,0,0,0,,0,1,0,0,0,70.0,70.0
43.668597,-79.338092,At/Near Private Drive,Clear,Daylight,Wet,Non-Fatal Injury,Pedestrian Collisions,Pedestrian,70 to 74,Major,,1,0,0,0,1,0,0,,0,1,0,0,0,70.0,70.0
43.676657,-79.415744,At Intersection,Clear,Daylight,Dry,Non-Fatal Injury,Rear End,Passenger,40 to 44,Major,,0,0,0,0,1,1,0,Yes,0,1,0,0,0,96.0,96.0
43.605952,-79.547092,At Intersection,Clear,"Dark, artificial",Dry,Non-Fatal Injury,Turning Movement,Motorcycle Passenger,10 to 14,Minor,,0,0,1,1,0,0,0,Yes,0,1,0,0,0,20.0,20.0
43.76932,-79.464435,At/Near Private Drive,Clear,"Dark, artificial",Dry,Non-Fatal Injury,Turning Movement,Driver,65 to 69,Minimal,Inattentive,0,0,1,1,0,0,0,,0,1,0,0,0,34.0,34.0
43.658251,-79.385585,Intersection Related,Rain,"Dark, artificial",Wet,Non-Fatal Injury,Pedestrian Collisions,Driver,30 to 34,None,"Ability Impaired, Alcohol Over .08",1,0,1,0,0,0,0,,0,1,0,1,0,170.0,76.0
43.695811,-79.319873,At Intersection,Clear,"Dark, artificial",Wet,Non-Fatal Injury,Angle,Driver,30 to 34,None,Normal,0,0,1,0,0,0,1,Yes,1,1,0,0,0,59.0,59.0
43.676131,-79.358829,At Intersection,Clear,Daylight,Dry,Non-Fatal Injury,Sideswipe,Driver,unknown,None,Unknown,0,0,1,0,0,0,0,,0,0,0,0,0,68.0,68.0
43.676657,-79.415744,At Intersection,Clear,Daylight,Dry,Non-Fatal Injury,Rear End,Passenger,60 to 64,Minimal,,0,0,0,0,1,1,0,Yes,0,1,0,0,0,96.0,96.0
43.76932,-79.464435,At/Near Private Drive,Clear,"Dark, artificial",Dry,Non-Fatal Injury,Turning Movement,Motorcycle Driver,55 to 59,Major,Normal,0,0,1,1,0,0,0,,0,1,0,0,0,34.0,34.0
43.658251,-79.385585,Intersection Related,Rain,"Dark, artificial",Wet,Non-Fatal Injury,Pedestrian Collisions,Pedestrian,50 to 54,Major,,1,0,1,0,0,0,0,,0,1,0,1,0,170.0,76.0
43.814654,-79.34518,At/Near Private Drive,Clear,Daylight,Dry,Non-Fatal Injury,SMV Other,Passenger,50 to 54,None,,0,0,1,0,0,0,0,Yes,0,0,0,0,0,48.0,48.0
43.68801,-79.394099,At Intersection,Clear,Daylight,Dry,Non-Fatal Injury,Pedestrian Collisions,Pedestrian,45 to 49,Major,,1,0,1,0,0,0,0,,0,1,0,0,0,98.0,98.0
43.655188,-79.358905,At Intersection,Clear,Daylight,Dry,Non-Fatal Injury,Cyclist Collisions,Driver,50 to 54,None,Normal,0,1,1,0,0,0,0,,0,1,0,0,0,73.0,73.0
43.639266,-79.451267,At Intersection,Clear,Daylight,Dry,Non-Fatal Injury,Pedestrian Collisions,Driver,30 to 34,None,Normal,1,0,1,0,0,0,0,Yes,0,0,0,0,0,87.0,87.0
43.695811,-79.319873,At Intersection,Clear,"Dark, artificial",Wet,Non-Fatal Injury,Angle,Other,unknown,None,,0,0,1,0,0,0,1,Yes,1,1,0,0,0,59.0,59.0
43.655188,-79.358905,At Intersection,Clear,Daylight,Dry,Non-Fatal Injury,Cyclist Collisions,Cyclist,55 to 59,Major,,0,1,1,0,0,0,0,,0,1,0,0,0,73.0,73.0
43.694541,-79.486064,At Intersection,Clear,"Dark, artificial",Dry,Non-Fatal Injury,Pedestrian Collisions,Driver,45 to 49,None,Normal,1,0,1,0,0,0,0,Yes,0,0,0,0,0,112.0,112.0
43.676131,-79.358829,At Intersection,Clear,Daylight,Dry,Non-Fatal Injury,Sideswipe,Driver,65 to 69,Major,Normal,0,0,1,0,0,0,0,,0,0,0,0,0,68.0,68.0
43.694541,-79.486064,At Intersection,Clear,"Dark, artificial",Dry,Non-Fatal Injury,Pedestrian Collisions,Passenger,5 to 9,None,,1,0,1,0,0,0,0,Yes,0,0,0,0,0,112.0,112.0
43.65261,-79.378055,At Intersection,Clear,Daylight,Dry,Fatal,Pedestrian Collisions,Driver,40 to 44,None,Unknown,1,0,0,0,1,0,0,,0,0,0,0,0,168.0,75.0
43.644652,-79.416263,At Intersection,Clear,Daylight,Dry,Non-Fatal Injury,Cyclist Collisions,Driver,35 to 39,None,Unknown,0,1,1,0,0,0,0,,0,1,0,0,0,162.0,82.0
43.814654,-79.34518,At/Near Private Drive,Clear,Daylight,Dry,Non-Fatal Injury,SMV Other,Passenger,85 to 89,Major,,0,0,1,0,0,0,0,Yes,0,0,0,0,0,48.0,48.0
43.639266,-79.451267,At Intersection,Clear,Daylight,Dry,Non-Fatal Injury,Pedestrian Collisions,Passenger,25 to 29,None,,1,0,1,0,0,0,0,Yes,0,0,0,0,0,87.0,87.0
43.829867,-79.253429,At Intersection,Clear,Dark,Dry,Non-Fatal Injury,Pedestrian Collisions,Driver,15 to 19,None,Normal,1,0,1,0,0,0,0,,0,0,0,0,0,130.0,130.0
43.695811,-79.319873,At Intersection,Clear,"Dark, artificial",Wet,Non-Fatal Injury,Angle,Passenger,80 to 84,Minor,,0,0,1,0,0,0,1,Yes,1,1,0,0,0,59.0,59.0
43.647936,-79.386333,At Intersection,Clear,Daylight,Dry,Non-Fatal Injury,Cyclist Collisions,Driver,unknown,None,Inattentive,0,1,1,0,0,0,0,,0,1,0,0,0,170.0,76.0
43.695811,-79.319873,At Intersection,Clear,"Dark, artificial",Wet,Non-Fatal Injury,Angle,Passenger,75 to 79,Minor,,0,0,1,0,0,0,1,Yes,1,1,0,0,0,59.0,59.0
43.673464,-79.463008,At Intersection,Clear,"Dark, artificial",Dry,Non-Fatal Injury,Pedestrian Collisions,Driver,20 to 24,None,Normal,1,0,1,0,0,0,0,,0,1,0,0,0,91.0,91.0
43.694541,-79.486064,At Intersection,Clear,"Dark, artificial",Dry,Non-Fatal Injury,Pedestrian Collisions,Pedestrian,45 to 49,Major,,1,0,1,0,0,0,0,Yes,0,0,0,0,0,112.0,112.0
43.816859,-79.304042,At/Near Private Drive,Clear,Dusk,Dry,Non-Fatal Injury,Cyclist Collisions,Driver,60 to 64,None,Normal,0,1,1,0,0,0,0,Yes,0,1,0,0,0,130.0,130.0
43.65261,-79.378055,At Intersection,Clear,Daylight,Dry,Fatal,Pedestrian Collisions,Pedestrian,55 to 59,Fatal,,1,0,0,0,1,0,0,,0,0,0,0,0,168.0,75.0
43.644652,-79.416263,At Intersection,Clear,Daylight,Dry,Non-Fatal Injury,Cyclist Collisions,Cyclist,unknown,Major,,0,1,1,0,0,0,0,,0,1,0,0,0,162.0,82.0
43.829867,-79.253429,At Intersection,Clear,Dark,Dry,Non-Fatal Injury,Pedestrian Collisions,Pedestrian,35 to 39,Major,,1,0,1,0,0,0,0,,0,0,0,0,0,130.0,130.0
43.639266,-79.451267,At Intersection,Clear,Daylight,Dry,Non-Fatal Injury,Pedestrian Collisions,Pedestrian,35 to 39,Major,,1,0,1,0,0,0,0,Yes,0,0,0,0,0,87.0,87.0
43.647936,-79.386333,At Intersection,Clear,Daylight,Dry,Non-Fatal Injury,Cyclist Collisions,Cyclist,20 to 24,Major,,0,1,1,0,0,0,0,,0,1,0,0,0,170.0,76.0
43.695811,-79.319873,At Intersection,Clear,"Dark, artificial",Wet,Non-Fatal Injury,Angle,Passenger,55 to 59,Minor,,0,0,1,0,0,0,1,Yes,1,1,0,0,0,59.0,59.0
43.673464,-79.463008,At Intersection,Clear,"Dark, artificial",Dry,Non-Fatal Injury,Pedestrian Collisions,Pedestrian,30 to 34,Major,,1,0,1,0,0,0,0,,0,1,0,0,0,91.0,91.0
43.616381,-79.533878,Non Intersection,Clear,Daylight,Dry,Non-Fatal Injury,Rear End,Truck Driver,50 to 54,None,Normal,0,0,1,0,1,0,0,,1,1,0,0,0,20.0,20.0
43.599944,-79.508594,At Intersection,Clear,Daylight,Dry,Non-Fatal Injury,Pedestrian Collisions,Driver,40 to 44,None,Inattentive,1,0,1,0,0,0,0,,0,1,0,0,0,18.0,18.0
43.74047,-79.245509,At/Near Private Drive,Clear,"Dark, artificial",Dry,Non-Fatal Injury,Turning Movement,Passenger,25 to 29,Major,,0,0,1,0,0,0,0,Yes,1,1,0,0,0,138.0,138.0
43.747695,-79.562312,At Intersection,Other,Dark,Other,Fatal,Pedestrian Collisions,Driver,60 to 64,None,Normal,1,0,1,0,0,0,0,,0,0,0,0,0,22.0,22.0
43.816859,-79.304042,At/Near Private Drive,Clear,Dusk,Dry,Non-Fatal Injury,Cyclist Collisions,Cyclist,70 to 74,Major,,0,1,1,0,0,0,0,Yes,0,1,0,0,0,130.0,130.0
43.663993,-79.369281,At Intersection,Clear,Daylight,Dry,Non-Fatal Injury,Cyclist Collisions,Driver,25 to 29,None,Inattentive,0,1,1,0,0,0,0,,0,1,0,0,0,73.0,71.0
43.616381,-79.533878,Non Intersection,Clear,Daylight,Dry,Non-Fatal Injury,Rear End,Driver,55 to 59,Major,Normal,0,0,1,0,1,0,0,,1,1,0,0,0,20.0,20.0
43.636084,-79.567912,At Intersection,Clear,Daylight,Dry,Non-Fatal Injury,Pedestrian Collisions,Driver,unknown,None,Unknown,1,0,1,0,0,0,0,,0,1,0,0,0,12.0,13.0
43.81956,-79.324397,At Intersection,Clear,Daylight,Dry,Non-Fatal Injury,Cyclist Collisions,Cyclist,80 to 84,Major,,0,1,1,0,0,0,0,,0,0,0,0,0,116.0,116.0
43.695811,-79.319873,At Intersection,Clear,"Dark, artificial",Wet,Non-Fatal Injury,Angle,Other,40 to 44,None,,0,0,1,0,0,0,1,Yes,1,1,0,0,0,59.0,59.0
43.599944,-79.508594,At Intersection,Clear,Daylight,Dry,Non-Fatal Injury,Pedestrian Collisions,Pedestrian,80 to 84,Major,,1,0,1,0,0,0,0,,0,1,0,0,0,18.0,18.0
43.652915,-79.364742,At Intersection,Clear,Daylight,Dry,Non-Fatal Injury,Cyclist Collisions,Cyclist,60 to 64,Major,,0,1,1,0,0,0,0,Yes,0,0,0,0,0,73.0,73.0
43.747695,-79.562312,At Intersection,Other,Dark,Other,Fatal,Pedestrian Collisions,Pedestrian,80 to 84,Fatal,,1,0,1,0,0,0,0,,0,0,0,0,0,22.0,22.0
43.816859,-79.304042,At/Near Private Drive,Clear,Dusk,Dry,Non-Fatal Injury,Cyclist Collisions,Driver,35 to 39,None,Normal,0,1,1,0,0,0,0,Yes,0,1,0,0,0,130.0,130.0
43.663993,-79.369281,At Intersection,Clear,Daylight,Dry,Non-Fatal Injury,Cyclist Collisions,Driver,60 to 64,None,Normal,0,1,1,0,0,0,0,,0,1,0,0,0,73.0,71.0
43.616381,-79.533878,Non Intersection,Clear,Daylight,Dry,Non-Fatal Injury,Rear End,Driver,55 to 59,Major,Normal,0,0,1,0,1,0,0,,1,1,0,0,0,20.0,20.0
43.636084,-79.567912,At Intersection,Clear,Daylight,Dry,Non-Fatal Injury,Pedestrian Collisions,Pedestrian,35 to 39,Major,,1,0,1,0,0,0,0,,0,1,0,0,0,12.0,13.0
43.81956,-79.324397,At Intersection,Clear,Daylight,Dry,Non-Fatal Injury,Cyclist Collisions,Driver,45 to 49,None,Normal,0,1,1,0,0,0,0,,0,0,0,0,0,116.0,116.0
43.647521,-79.529773,Non Intersection,Clear,"Dark, artificial",Dry,Fatal,Pedestrian Collisions,Driver,40 to 44,None,Had Been Drinking,1,0,1,0,0,0,0,,0,0,0,0,0,159.0,14.0
43.654887,-79.337398,At Intersection,Rain,"Dark, artificial",Wet,Non-Fatal Injury,Pedestrian Collisions,Driver,30 to 34,Major,Normal,1,0,1,0,0,0,0,,0,1,0,0,0,70.0,70.0
43.74047,-79.245509,At/Near Private Drive,Clear,"Dark, artificial",Dry,Non-Fatal Injury,Turning Movement,Driver,20 to 24,None,Normal,0,0,1,0,0,0,0,Yes,1,1,0,0,0,138.0,138.0
43.652915,-79.364742,At Intersection,Clear,Daylight,Dry,Non-Fatal Injury,Cyclist Collisions,Driver,25 to 29,None,Normal,0,1,1,0,0,0,0,Yes,0,0,0,0,0,73.0,73.0
43.771086,-79.186321,Non Intersection,Clear,Dark,Dry,Fatal,Pedestrian Collisions,Driver,60 to 64,None,Normal,1,0,1,0,0,0,0,,0,0,0,0,0,136.0,136.0
43.746276,-79.345851,At Intersection,Clear,Daylight,Dry,Non-Fatal Injury,Turning Movement,Driver,60 to 64,None,Normal,0,0,1,0,0,0,0,Yes,0,0,0,0,0,42.0,42.0
43.663993,-79.369281,At Intersection,Clear,Daylight,Dry,Non-Fatal Injury,Cyclist Collisions,Cyclist,30 to 34,Major,,0,1,1,0,0,0,0,,0,1,0,0,0,73.0,71.0
43.647521,-79.529773,Non Intersection,Clear,"Dark, artificial",Dry,Fatal,Pedestrian Collisions,Pedestrian,75 to 79,Fatal,,1,0,1,0,0,0,0,,0,0,0,0,0,159.0,14.0