LATITUDE,LONGITUDE,ACCLOC,VISIBILITY,LIGHT,RDSFCOND,ACCLASS,IMPACTYPE,INVTYPE,INVAGE,INJURY,DRIVCOND,PEDESTRIAN,CYCLIST,AUTOMOBILE,MOTORCYCLE,TRUCK,TRSN_CITY_VEH,EMERG_VEH,PASSENGER,SPEEDING,AG_DRIV,REDLIGHT,ALCOHOL,DISABILITY,HOOD_158,HOOD_140
43.694651,-79.343074,At Intersection,Clear,"Dark, artificial",Dry,Non-Fatal Injury,Pedestrian Collisions,Driver,unknown,None,Unknown,1,0,1,0,0,0,0,,0,0,0,0,0,58.0,58.0
43.784159,-79.288745,Non Intersection,Clear,Dawn,Dry,Non-Fatal Injury,Pedestrian Collisions,Passenger,60 to 64,None,,1,0,1,0,0,0,0,Yes,0,0,0,0,0,118.0,128.0
43.795935,-79.429225,At Intersection,Clear,"Dark, artificial",Dry,Non-Fatal Injury,Pedestrian Collisions,Pedestrian,60 to 64,Major,,1,0,1,0,0,0,0,,0,1,0,0,0,36.0,36.0
43.784159,-79.288745,Non Intersection,Clear,Dawn,Dry,Non-Fatal Injury,Pedestrian Collisions,Pedestrian,55 to 59,Major,,1,0,1,0,0,0,0,Yes,0,0,0,0,0,118.0,128.0
43.681163,-79.333301,Non Intersection,Clear,Dark,Dry,Non-Fatal Injury,Pedestrian Collisions,Driver,45 to 49,None,Normal,1,0,1,0,0,0,0,,0,0,0,0,0,69.0,69.0
43.706359,-79.465266,At Intersection,Clear,Daylight,Dry,Fatal,Pedestrian Collisions,Pedestrian,20 to 24,Minor,,1,0,1,0,0,0,0,,0,0,0,0,0,31.0,31.0
43.678321,-79.464778,At Intersection,Clear,Daylight,Dry,Non-Fatal Injury,Pedestrian Collisions,Pedestrian,0 to 4,Major,,1,0,1,0,0,0,0,,0,1,0,0,0,91.0,91.0
43.694651,-79.343074,At Intersection,Clear,"Dark, artificial",Dry,Non-Fatal Injury,Pedestrian Collisions,Pedestrian,20 to 24,Major,,1,0,1,0,0,0,0,,0,0,0,0,0,58.0,58.0
43.777594,-79.417827,At Intersection,Rain,"Daylight, artificial",Wet,Non-Fatal Injury,Cyclist Collisions,Cyclist,60 to 64,Minimal,,0,1,1,0,0,0,0,,0,0,0,0,0,37.0,37.0
43.704459,-79.341594,At/Near Private Drive,Clear,Daylight,Dry,Non-Fatal Injury,Angle,Driver,65 to 69,None,Normal,0,0,1,0,0,0,0,Yes,0,0,0,0,0,55.0,55.0
43.681163,-79.333301,Non Intersection,Clear,Dark,Dry,Non-Fatal Injury,Pedestrian Collisions,Pedestrian,70 to 74,Major,,1,0,1,0,0,0,0,,0,0,0,0,0,69.0,69.0
43.758959,-79.310153,At Intersection,Clear,Daylight,Dry,Non-Fatal Injury,Pedestrian Collisions,Driver,30 to 34,None,Unknown,1,0,1,0,0,0,0,Yes,0,0,0,0,0,119.0,119.0
43.683776,-79.564822,Intersection Related,Clear,Daylight,Dry,Non-Fatal Injury,Turning Movement,Driver,65 to 69,None,Inattentive,0,0,1,1,0,0,0,,0,1,0,0,0,7.0,7.0
43.777594,-79.417827,At Intersection,Rain,"Daylight, artificial",Wet,Non-Fatal Injury,Cyclist Collisions,Driver,45 to 49,Major,Normal,0,1,1,0,0,0,0,,0,0,0,0,0,37.0,37.0
43.676577,-79.448985,Non Intersection,Clear,Daylight,Dry,Non-Fatal Injury,Pedestrian Collisions,Driver,40 to 44,None,Normal,1,0,1,0,0,0,0,,0,0,0,0,0,92.0,92.0
43.704459,-79.341594,At/Near Private Drive,Clear,Daylight,Dry,Non-Fatal Injury,Angle,Driver,30 to 34,None,Normal,0,0,1,0,0,0,0,Yes,0,0,0,0,0,55.0,55.0
43.739848,-79.245494,At Intersection,Clear,Daylight,Dry,Non-Fatal Injury,Turning Movement,Motorcycle Driver,35 to 39,Major,Unknown,0,0,1,1,0,0,0,,0,1,1,0,0,138.0,138.0
43.683776,-79.564822,Intersection Related,Clear,Daylight,Dry,Non-Fatal Injury,Turning Movement,Motorcycle Driver,25 to 29,Major,Normal,0,0,1,1,0,0,0,,0,1,0,0,0,7.0,7.0
43.778659,-79.307864,At Intersection,Rain,"Dark, artificial",Wet,Non-Fatal Injury,Pedestrian Collisions,Driver,45 to 49,None,Inattentive,1,0,1,0,0,0,0,,0,1,0,0,0,118.0,118.0
43.739848,-79.245494,At Intersection,Clear,Daylight,Dry,Non-Fatal Injury,Turning Movement,Driver,50 to 54,None,Normal,0,0,1,1,0,0,0,,0,1,1,0,0,138.0,138.0
43.758959,-79.310153,At Intersection,Clear,Daylight,Dry,Non-Fatal Injury,Pedestrian Collisions,Pedestrian,35 to 39,Major,,1,0,1,0,0,0,0,Yes,0,0,0,0,0,119.0,119.0
43.676577,-79.448985,Non Intersection,Clear,Daylight,Dry,Non-Fatal Injury,Pedestrian Collisions,Pedestrian,80 to 84,Major,,1,0,1,0,0,0,0,,0,0,0,0,0,92.0,92.0
43.704459,-79.341594,At/Near Private Drive,Clear,Daylight,Dry,Non-Fatal Injury,Angle,Passenger,55 to 59,None,,0,0,1,0,0,0,0,Yes,0,0,0,0,0,55.0,55.0
43.659022,-79.382076,Intersection Related,Clear,"Dark, artificial",Dry,Non-Fatal Injury,SMV Other,Motorcycle Driver,30 to 34,Major,Normal,0,0,0,1,0,0,0,Yes,0,0,0,0,0,168.0,75.0
43.778659,-79.307864,At Intersection,Rain,"Dark, artificial",Wet,Non-Fatal Injury,Pedestrian Collisions,Pedestrian,25 to 29,Major,,1,0,1,0,0,0,0,,0,1,0,0,0,118.0,118.0
43.68389,-79.511417,At Intersection,Clear,Daylight,Dry,Non-Fatal Injury,Cyclist Collisions,Driver,35 to 39,None,Normal,0,1,1,0,0,0,0,,0,1,0,0,0,9.0,9.0
43.658438,-79.384853,At Intersection,Clear,Daylight,Dry,Non-Fatal Injury,Pedestrian Collisions,Driver,50 to 54,None,Inattentive,1,0,1,0,0,0,0,,0,1,1,0,0,170.0,76.0
43.758959,-79.310153,At Intersection,Clear,Daylight,Dry,Non-Fatal Injury,Pedestrian Collisions,Pedestrian,55 to 59,Major,,1,0,1,0,0,0,0,Yes,0,0,0,0,0,119.0,119.0
43.704459,-79.341594,At/Near Private Drive,Clear,Daylight,Dry,Non-Fatal Injury,Angle,Passenger,30 to 34,Major,,0,0,1,0,0,0,0,Yes,0,0,0,0,0,55.0,55.0
43.659022,-79.382076,Intersection Related,Clear,"Dark, artificial",Dry,Non-Fatal Injury,SMV Other,Motorcycle Passenger,30 to 34,Major,,0,0,0,1,0,0,0,Yes,0,0,0,0,0,168.0,75.0
43.789179,-79.329547,At Intersection,Rain,"Dark, artificial",Wet,Non-Fatal Injury,Pedestrian Collisions,Driver,20 to 24,None,Inattentive,1,0,1,0,0,0,0,,0,0,0,0,0,147.0,117.0
43.68389,-79.511417,At Intersection,Clear,Daylight,Dry,Non-Fatal Injury,Cyclist Collisions,Cyclist,10 to 14,Major,,0,1,1,0,0,0,0,,0,1,0,0,0,9.0,9.0
43.658438,-79.384853,At Intersection,Clear,Daylight,Dry,Non-Fatal Injury,Pedestrian Collisions,Driver,25 to 29,None,Normal,1,0,1,0,0,0,0,,0,1,1,0,0,170.0,76.0
43.758959,-79.310153,At Intersection,Clear,Daylight,Dry,Non-Fatal Injury,Pedestrian Collisions,Pedestrian,0 to 4,Major,,1,0,1,0,0,0,0,Yes,0,0,0,0,0,119.0,119.0
43.789179,-79.329547,At Intersection,Rain,"Dark, artificial",Wet,Non-Fatal Injury,Pedestrian Collisions,Pedestrian,30 to 34,Major,,1,0,1,0,0,0,0,,0,0,0,0,0,147.0,117.0
43.816489,-79.236324,Non Intersection,Clear,Dark,Dry,Non-Fatal Injury,SMV Other,Motorcycle Driver,35 to 39,Major,Unknown,0,0,0,1,0,0,0,,0,0,0,0,0,144.0,131.0
43.783492,-79.433727,At Intersection,Rain,Dark,Wet,Non-Fatal Injury,Rear End,Driver,35 to 39,Major,Normal,0,0,1,0,0,0,0,,0,0,0,0,0,36.0,36.0
43.658438,-79.384853,At Intersection,Clear,Daylight,Dry,Non-Fatal Injury,Pedestrian Collisions,Pedestrian,25 to 29,Major,,1,0,1,0,0,0,0,,0,1,1,0,0,170.0,76.0
43.758959,-79.310153,At Intersection,Clear,Daylight,Dry,Non-Fatal Injury,Pedestrian Collisions,Passenger,40 to 44,None,,1,0,1,0,0,0,0,Yes,0,0,0,0,0,119.0,119.0
43.792048,-79.42683,At Intersection,Clear,Daylight,Dry,Non-Fatal Injury,Cyclist Collisions,Cyclist,10 to 14,Major,,0,1,1,0,0,0,0,,0,0,0,0,0,36.0,36.0
43.783492,-79.433727,At Intersection,Rain,Dark,Wet,Non-Fatal Injury,Rear End,Driver,35 to 39,None,Normal,0,0,1,0,0,0,0,,0,0,0,0,0,36.0,36.0
43.686686,-79.595523,At Intersection,Clear,"Dark, artificial",Dry,Non-Fatal Injury,Angle,Driver,45 to 49,Major,Normal,0,0,1,0,0,1,0,,1,1,1,0,0,1.0,1.0
43.654608,-79.433322,Intersection Related,Clear,Daylight,Dry,Fatal,Cyclist Collisions,Cyclist,20 to 24,Fatal,,0,1,1,0,0,0,0,,0,1,0,0,0,83.0,83.0
43.768782,-79.466884,At Intersection,Clear,"Dark, artificial",Dry,Non-Fatal Injury,Turning Movement,Driver,10 to 14,None,Normal,0,0,1,0,1,1,0,Yes,1,1,0,0,0,34.0,34.0
43.691519,-79.570796,At Intersection,Clear,Dark,Dry,Non-Fatal Injury,Pedestrian Collisions,Driver,20 to 24,None,Normal,1,0,1,0,0,0,0,Yes,0,0,0,0,0,1.0,1.0
43.792048,-79.42683,At Intersection,Clear,Daylight,Dry,Non-Fatal Injury,Cyclist Collisions,Driver,80 to 84,None,Normal,0,1,1,0,0,0,0,,0,0,0,0,0,36.0,36.0
43.781603,-79.320125,At Intersection,Clear,Daylight,Dry,Non-Fatal Injury,Angle,Driver,40 to 44,None,Inattentive,0,0,1,0,0,0,0,Yes,0,1,1,0,0,118.0,118.0
43.686686,-79.595523,At Intersection,Clear,"Dark, artificial",Dry,Non-Fatal Injury,Angle,Driver,60 to 64,None,Normal,0,0,1,0,0,1,0,,1,1,1,0,0,1.0,1.0
43.654608,-79.433322,Intersection Related,Clear,Daylight,Dry,Fatal,Cyclist Collisions,Driver,35 to 39,None,Inattentive,0,1,1,0,0,0,0,,0,1,0,0,0,83.0,83.0
43.654608,-79.433322,Intersection Related,Clear,Daylight,Dry,Fatal,Cyclist Collisions,Driver,30 to 34,None,Inattentive,0,1,1,0,0,0,0,,0,1,0,0,0,83.0,83.0
43.809523,-79.243236,Non Intersection,Clear,"Dusk, artificial",Dry,Fatal,Pedestrian Collisions,Pedestrian,35 to 39,Fatal,,1,0,0,0,1,0,0,,0,0,0,0,0,145.0,132.0
43.809523,-79.243236,Non Intersection,Clear,"Dusk, artificial",Dry,Fatal,Pedestrian Collisions,Truck Driver,45 to 49,None,Inattentive,1,0,0,0,1,0,0,,0,0,0,0,0,145.0,132.0
43.822402,-79.312221,At Intersection,Clear,Daylight,Dry,Non-Fatal Injury,Pedestrian Collisions,Driver,50 to 54,None,Inattentive,1,0,1,0,0,0,0,,0,1,0,0,0,116.0,116.0
43.822402,-79.312221,At Intersection,Clear,Daylight,Dry,Non-Fatal Injury,Pedestrian Collisions,Pedestrian,55 to 59,Major,,1,0,1,0,0,0,0,,0,1,0,0,0,116.0,116.0
43.755477,-79.245387,At Intersection,Clear,"Dark, artificial",Dry,Non-Fatal Injury,Pedestrian Collisions,Driver,45 to 49,None,Inattentive,1,0,1,0,0,0,0,,1,1,1,0,0,157.0,127.0
43.755477,-79.245387,At Intersection,Clear,"Dark, artificial",Dry,Non-Fatal Injury,Pedestrian Collisions,Pedestrian,30 to 34,Major,,1,0,1,0,0,0,0,,1,1,1,0,0,157.0,127.0
43.647303,-79.525783,Overpass or Bridge,Clear,Dark,Dry,Non-Fatal Injury,SMV Other,Driver,unknown,None,Inattentive,0,0,1,0,0,0,0,Yes,1,1,0,0,0,159.0,14.0
43.647303,-79.525783,Overpass or Bridge,Clear,Dark,Dry,Non-Fatal Injury,SMV Other,Passenger,25 to 29,Major,,0,0,1,0,0,0,0,Yes,1,1,0,0,0,159.0,14.0
43.782408,-79.234088,Non Intersection,Clear,"Dark, artificial",Wet,Non-Fatal Injury,Cyclist Collisions,Driver,35 to 39,None,Inattentive,0,1,1,0,0,0,0,,0,1,0,0,0,142.0,137.0
43.782408,-79.234088,Non Intersection,Clear,"Dark, artificial",Wet,Non-Fatal Injury,Cyclist Collisions,Cyclist,30 to 34,Major,,0,1,1,0,0,0,0,,0,1,0,0,0,142.0,137.0
43.754725,-79.600589,Non Intersection,Clear,"Dark, artificial",Dry,Fatal,SMV Other,Driver,25 to 29,Fatal,Unknown,0,0,1,0,0,0,0,,0,0,0,0,0,1.0,1.0
43.712023,-79.411685,Intersection Related,Clear,"Dark, artificial",Dry,Non-Fatal Injury,SMV Other,Driver,35 to 39,Major,Inattentive,0,0,1,0,0,0,0,,0,1,0,0,0,103.0,103.0
43.643267,-79.572444,At Intersection,Clear,"Dusk, artificial",Dry,Non-Fatal Injury,Pedestrian Collisions,Driver,40 to 44,None,Normal,1,0,1,0,0,0,0,Yes,0,1,0,0,0,13.0,13.0
43.643267,-79.572444,At Intersection,Clear,"Dusk, artificial",Dry,Non-Fatal Injury,Pedestrian Collisions,Pedestrian,65 to 69,Major,,1,0,1,0,0,0,0,Yes,0,1,0,0,0,13.0,13.0
43.643267,-79.572444,At Intersection,Clear,"Dusk, artificial",Dry,Non-Fatal Injury,Pedestrian Collisions,Passenger,80 to 84,None,,1,0,1,0,0,0,0,Yes,0,1,0,0,0,13.0,13.0
43.643267,-79.572444,At Intersection,Clear,"Dusk, artificial",Dry,Non-Fatal Injury,Pedestrian Collisions,Passenger,70 to 74,None,,1,0,1,0,0,0,0,Yes,0,1,0,0,0,13.0,13.0
43.643267,-79.572444,At Intersection,Clear,"Dusk, artificial",Dry,Non-Fatal Injury,Pedestrian Collisions,Passenger,5 to 9,None,,1,0,1,0,0,0,0,Yes,0,1,0,0,0,13.0,13.0
43.643267,-79.572444,At Intersection,Clear,"Dusk, artificial",Dry,Non-Fatal Injury,Pedestrian Collisions,Passenger,35 to 39,None,,1,0,1,0,0,0,0,Yes,0,1,0,0,0,13.0,13.0
43.757769,-79.224674,At Intersection,Clear,"Dark, artificial",Wet,Non-Fatal Injury,SMV Other,Driver,15 to 19,Major,Normal,0,0,1,0,0,0,0,Yes,0,0,0,0,0,141.0,137.0
43.757769,-79.224674,At Intersection,Clear,"Dark, artificial",Wet,Non-Fatal Injury,SMV Other,Passenger,15 to 19,Major,,0,0,1,0,0,0,0,Yes,0,0,0,0,0,141.0,137.0
43.746749,-79.287921,At Intersection,Clear,Daylight,Dry,Fatal,Pedestrian Collisions,Truck Driver,50 to 54,None,Normal,1,0,0,0,1,0,0,,0,1,0,0,0,119.0,119.0
43.746749,-79.287921,At Intersection,Clear,Daylight,Dry,Fatal,Pedestrian Collisions,Pedestrian,40 to 44,Fatal,,1,0,0,0,1,0,0,,0,1,0,0,0,119.0,119.0
43.690203,-79.277072,Non Intersection,Clear,Daylight,Dry,Fatal,Pedestrian Collisions,Pedestrian,30 to 34,Fatal,,1,0,1,0,0,0,0,,0,1,0,0,0,122.0,122.0
43.690203,-79.277072,Non Intersection,Clear,Daylight,Dry,Fatal,Pedestrian Collisions,Driver,20 to 24,None,Inattentive,1,0,1,0,0,0,0,,0,1,0,0,0,122.0,122.0
43.758177,-79.335841,At Intersection,Clear,Dark,Dry,Non-Fatal Injury,Turning Movement,Driver,45 to 49,Major,Normal,0,0,1,0,0,0,0,Yes,0,1,0,0,0,149.0,45.0
43.758177,-79.335841,At Intersection,Clear,Dark,Dry,Non-Fatal Injury,Turning Movement,Driver,20 to 24,None,Normal,0,0,1,0,0,0,0,Yes,0,1,0,0,0,149.0,45.0
43.758177,-79.335841,At Intersection,Clear,Dark,Dry,Non-Fatal Injury,Turning Movement,Passenger,20 to 24,None,,0,0,1,0,0,0,0,Yes,0,1,0,0,0,149.0,45.0
43.65129,-79.526355,At Intersection,Rain,"Dark, artificial",Wet,Non-Fatal Injury,SMV Other,Driver,15 to 19,Major,"Ability Impaired, Alcohol Over .08",0,0,1,0,0,0,0,Yes,1,1,0,1,0,15.0,15.0
43.65129,-79.526355,At Intersection,Rain,"Dark, artificial",Wet,Non-Fatal Injury,SMV Other,Passenger,15 to 19,Major,,0,0,1,0,0,0,0,Yes,1,1,0,1,0,15.0,15.0
43.65129,-79.526355,At Intersection,Rain,"Dark, artificial",Wet,Non-Fatal Injury,SMV Other,Passenger,15 to 19,Major,,0,0,1,0,0,0,0,Yes,1,1,0,1,0,15.0,15.0
43.669074,-79.378078,Intersection Related,Rain,Dark,Wet,Non-Fatal Injury,Pedestrian Collisions,Driver,unknown,None,Unknown,1,0,1,0,0,0,0,,0,1,0,0,0,74.0,74.0
43.669074,-79.378078,Intersection Related,Rain,Dark,Wet,Non-Fatal Injury,Pedestrian Collisions,Pedestrian,unknown,Major,,1,0,1,0,0,0,0,,0,1,0,0,0,74.0,74.0
43.641318,-79.579822,Non Intersection,Snow,"Dark, artificial",Loose Snow,Non-Fatal Injury,SMV Other,Driver,50 to 54,Major,Normal,0,0,1,0,0,0,0,Yes,0,1,0,0,0,12.0,12.0
43.641318,-79.579822,Non Intersection,Snow,"Dark, artificial",Loose Snow,Non-Fatal Injury,SMV Other,Passenger,65 to 69,Minor,,0,0,1,0,0,0,0,Yes,0,1,0,0,0,12.0,12.0
43.748946,-79.277301,Non Intersection,Clear,Daylight,Dry,Non-Fatal Injury,Rear End,Driver,55 to 59,Minor,Inattentive,0,0,1,0,0,0,0,Yes,1,1,0,0,0,126.0,126.0
43.748946,-79.277301,Non Intersection,Clear,Daylight,Dry,Non-Fatal Injury,Rear End,Driver,35 to 39,None,Normal,0,0,1,0,0,0,0,Yes,1,1,0,0,0,126.0,126.0
43.748946,-79.277301,Non Intersection,Clear,Daylight,Dry,Non-Fatal Injury,Rear End,Passenger,35 to 39,Major,,0,0,1,0,0,0,0,Yes,1,1,0,0,0,126.0,126.0
43.748946,-79.277301,Non Intersection,Clear,Daylight,Dry,Non-Fatal Injury,Rear End,Passenger,unknown,Minimal,,0,0,1,0,0,0,0,Yes,1,1,0,0,0,126.0,126.0
43.658408,-79.370212,Non Intersection,Rain,"Dark, artificial",Wet,Non-Fatal Injury,Pedestrian Collisions,Driver,40 to 44,None,Normal,1,0,1,0,0,0,0,,0,0,0,0,0,73.0,73.0
43.658408,-79.370212,Non Intersection,Rain,"Dark, artificial",Wet,Non-Fatal Injury,Pedestrian Collisions,Pedestrian,70 to 74,Major,,1,0,1,0,0,0,0,,0,0,0,0,0,73.0,73.0
43.783213,-79.288211,Intersection Related,Rain,"Dark, artificial",Wet,Fatal,Pedestrian Collisions,Driver,35 to 39,None,Unknown,1,0,1,0,0,0,0,,0,0,0,0,0,128.0,128.0
43.783213,-79.288211,Intersection Related,Rain,"Dark, artificial",Wet,Fatal,Pedestrian Collisions,Pedestrian,55 to 59,Fatal,,1,0,1,0,0,0,0,,0,0,0,0,0,128.0,128.0
43.744704,-79.486408,Non Intersection,Clear,Daylight,Dry,Fatal,Angle,Driver,20 to 24,Major,Unknown,0,0,1,0,0,0,0,Yes,1,1,0,0,0,155.0,26.0
43.744704,-79.486408,Non Intersection,Clear,Daylight,Dry,Fatal,Angle,Driver,40 to 44,Minimal,Normal,0,0,1,0,0,0,0,Yes,1,1,0,0,0,155.0,26.0
43.744704,-79.486408,Non Intersection,Clear,Daylight,Dry,Fatal,Angle,Passenger,35 to 39,Minor,,0,0,1,0,0,0,0,Yes,1,1,0,0,0,155.0,26.0
43.744704,-79.486408,Non Intersection,Clear,Daylight,Dry,Fatal,Angle,Passenger,10 to 14,Minor,,0,0,1,0,0,0,0,Yes,1,1,0,0,0,155.0,26.0
43.744704,-79.486408,Non Intersection,Clear,Daylight,Dry,Fatal,Angle,Passenger,5 to 9,Minor,,0,0,1,0,0,0,0,Yes,1,1,0,0,0,155.0,26.0
43.744704,-79.486408,Non Intersection,Clear,Daylight,Dry,Fatal,Angle,Driver,65 to 69,Fatal,Normal,0,0,1,0,0,0,0,Yes,1,1,0,0,0,155.0,26.0
43.638014,-79.444782,Non Intersection,Clear,Daylight,Dry,Non-Fatal Injury,Pedestrian Collisions,Driver,50 to 54,None,Normal,1,0,0,0,0,1,0,,0,0,0,0,0,85.0,85.0
43.638014,-79.444782,Non Intersection,Clear,Daylight,Dry,Non-Fatal Injury,Pedestrian Collisions,Pedestrian,30 to 34,Major,,1,0,0,0,0,1,0,,0,0,0,0,0,85.0,85.0
43.745558,-79.209689,Non Intersection,Clear,Dark,Dry,Non-Fatal Injury,Rear End,Driver,35 to 39,Major,"Ability Impaired, Alcohol",0,0,1,0,0,1,0,Yes,1,1,0,1,0,139.0,139.0
43.745558,-79.209689,Non Intersection,Clear,Dark,Dry,Non-Fatal Injury,Rear End,Driver,55 to 59,Minor,Normal,0,0,1,0,0,1,0,Yes,1,1,0,1,0,139.0,139.0
43.745558,-79.209689,Non Intersection,Clear,Dark,Dry,Non-Fatal Injury,Rear End,Passenger,20 to 24,Minor,,0,0,1,0,0,1,0,Yes,1,1,0,1,0,139.0,139.0
43.745558,-79.209689,Non Intersection,Clear,Dark,Dry,Non-Fatal Injury,Rear End,Passenger,35 to 39,Minor,,0,0,1,0,0,1,0,Yes,1,1,0,1,0,139.0,139.0
43.745558,-79.209689,Non Intersection,Clear,Dark,Dry,Non-Fatal Injury,Rear End,Passenger,15 to 19,Minor,,0,0,1,0,0,1,0,Yes,1,1,0,1,0,139.0,139.0
43.744063,-79.577297,Non Intersection,Clear,"Dark, artificial",Wet,Fatal,Pedestrian Collisions,Pedestrian,40 to 44,Fatal,,1,0,1,0,0,0,0,,0,0,0,0,0,3.0,3.0
43.744063,-79.577297,Non Intersection,Clear,"Dark, artificial",Wet,Fatal,Pedestrian Collisions,Driver,60 to 64,None,Normal,1,0,1,0,0,0,0,,0,0,0,0,0,3.0,3.0
43.798731,-79.239833,Non Intersection,Clear,Daylight,Wet,Non-Fatal Injury,SMV Other,Driver,20 to 24,Major,Normal,0,0,1,0,0,0,0,,1,1,0,0,0,145.0,132.0
43.660819,-79.330257,At Intersection,Clear,Daylight,Dry,Non-Fatal Injury,SMV Other,Truck Driver,60 to 64,Major,Medical or Physical Disability,0,0,1,0,0,0,0,,0,0,0,0,1,70.0,70.0
43.691645,-79.467654,Intersection Related,Rain,Dark,Wet,Non-Fatal Injury,Pedestrian Collisions,Driver,55 to 59,None,Normal,1,0,1,0,0,0,0,,0,0,0,0,0,110.0,110.0
43.691645,-79.467654,Intersection Related,Rain,Dark,Wet,Non-Fatal Injury,Pedestrian Collisions,Pedestrian,60 to 64,Major,,1,0,1,0,0,0,0,,0,0,0,0,0,110.0,110.0
43.759638,-79.361499,Non Intersection,Snow,Dark,Wet,Non-Fatal Injury,SMV Other,Driver,65 to 69,Major,Normal,0,0,1,0,0,0,0,,0,0,0,0,0,40.0,40.0
43.759638,-79.361499,Non Intersection,Snow,Dark,Wet,Non-Fatal Injury,SMV Other,Other,unknown,None,,0,0,1,0,0,0,0,,0,0,0,0,0,40.0,40.0
43.789939,-79.36803,At Intersection,Clear,Daylight,Dry,Non-Fatal Injury,Pedestrian Collisions,Driver,25 to 29,None,Normal,1,0,1,0,0,0,0,,0,0,0,0,0,47.0,47.0
43.789939,-79.36803,At Intersection,Clear,Daylight,Dry,Non-Fatal Injury,Pedestrian Collisions,Pedestrian,85 to 89,Major,,1,0,1,0,0,0,0,,0,0,0,0,0,47.0,47.0
43.700083,-79.318996,Intersection Related,Clear,Daylight,Dry,Non-Fatal Injury,Cyclist Collisions,Driver,35 to 39,None,Unknown,0,1,1,0,0,0,0,,0,1,0,0,0,60.0,60.0
43.700083,-79.318996,Intersection Related,Clear,Daylight,Dry,Non-Fatal Injury,Cyclist Collisions,Cyclist,55 to 59,Major,,0,1,1,0,0,0,0,,0,1,0,0,0,60.0,60.0
43.659552,-79.355396,Non Intersection,Clear,Daylight,Dry,Non-Fatal Injury,Pedestrian Collisions,Driver,30 to 34,None,Normal,1,0,1,0,0,0,0,Yes,0,0,0,0,0,72.0,72.0
43.659552,-79.355396,Non Intersection,Clear,Daylight,Dry,Non-Fatal Injury,Pedestrian Collisions,Pedestrian,25 to 29,Major,,1,0,1,0,0,0,0,Yes,0,0,0,0,0,72.0,72.0
43.659552,-79.355396,Non Intersection,Clear,Daylight,Dry,Non-Fatal Injury,Pedestrian Collisions,Passenger,30 to 34,None,,1,0,1,0,0,0,0,Yes,0,0,0,0,0,72.0,72.0
43.768782,-79.466884,At Intersection,Clear,"Dark, artificial",Dry,Non-Fatal Injury,Turning Movement,Truck Driver,30 to 34,None,Normal,0,0,1,0,1,1,0,Yes,1,1,0,0,0,34.0,34.0
43.747805,-79.274371,At/Near Private Drive,Clear,Daylight,Dry,Non-Fatal Injury,Turning Movement,Driver,60 to 64,None,Inattentive,0,0,1,1,0,1,0,,0,1,0,0,0,126.0,126.0
43.651965,-79.381076,Non Intersection,Clear,Daylight,Dry,Non-Fatal Injury,Pedestrian Collisions,Driver,unknown,None,Unknown,1,0,1,0,0,0,0,,0,1,0,0,0,170.0,76.0
43.630305,-79.549777,At Intersection,Clear,Daylight,Dry,Non-Fatal Injury,Pedestrian Collisions,Driver,60 to 64,None,Inattentive,1,0,0,0,0,1,0,,0,1,1,0,0,159.0,14.0
43.747805,-79.274371,At/Near Private Drive,Clear,Daylight,Dry,Non-Fatal Injury,Turning Movement,Motorcycle Driver,55 to 59,Major,Normal,0,0,1,1,0,1,0,,0,1,0,0,0,126.0,126.0
43.781603,-79.320125,At Intersection,Clear,Daylight,Dry,Non-Fatal Injury,Angle,Driver,55 to 59,Minimal,Normal,0,0,1,0,0,0,0,Yes,0,1,1,0,0,118.0,118.0
43.768782,-79.466884,At Intersection,Clear,"Dark, artificial",Dry,Non-Fatal Injury,Turning Movement,Driver,35 to 39,None,Normal,0,0,1,0,1,1,0,Yes,1,1,0,0,0,34.0,34.0
43.651965,-79.381076,Non Intersection,Clear,Daylight,Dry,Non-Fatal Injury,Pedestrian Collisions,Pedestrian,50 to 54,Major,,1,0,1,0,0,0,0,,0,1,0,0,0,170.0,76.0
43.630305,-79.549777,At Intersection,Clear,Daylight,Dry,Non-Fatal Injury,Pedestrian Collisions,Pedestrian,45 to 49,Major,,1,0,0,0,0,1,0,,0,1,1,0,0,159.0,14.0
43.747805,-79.274371,At/Near Private Drive,Clear,Daylight,Dry,Non-Fatal Injury,Turning Movement,Driver,35 to 39,None,Normal,0,0,1,1,0,1,0,,0,1,0,0,0,126.0,126.0
43.781603,-79.320125,At Intersection,Clear,Daylight,Dry,Non-Fatal Injury,Angle,Passenger,35 to 39,None,,0,0,1,0,0,0,0,Yes,0,1,1,0,0,118.0,118.0
43.768782,-79.466884,At Intersection,Clear,"Dark, artificial",Dry,Non-Fatal Injury,Turning Movement,Passenger,10 to 14,Major,,0,0,1,0,1,1,0,Yes,1,1,0,0,0,34.0,34.0