LATITUDE,LONGITUDE,ACCLOC,VISIBILITY,LIGHT,RDSFCOND,ACCLASS,IMPACTYPE,INVTYPE,INVAGE,INJURY,DRIVCOND,PEDESTRIAN,CYCLIST,AUTOMOBILE,MOTORCYCLE,TRUCK,TRSN_CITY_VEH,EMERG_VEH,PASSENGER,SPEEDING,AG_DRIV,REDLIGHT,ALCOHOL,DISABILITY,HOOD_158,HOOD_140
43.808455,-79.338275,At/Near Private Drive,Rain,"Dark, artificial",Wet,Fatal,Pedestrian Collisions,Pedestrian,30 to 34,Fatal,,1,0,1,0,0,0,0,,0,0,0,0,0,116.0,116.0
43.677722,-79.350711,At Intersection,Clear,"Dark, artificial",Wet,Non-Fatal Injury,Pedestrian Collisions,Passenger,20 to 24,None,,1,0,1,0,0,0,0,Yes,0,0,0,0,0,68.0,68.0
43.659369,-79.365978,Intersection Related,Clear,"Dark, artificial",Dry,Non-Fatal Injury,Pedestrian Collisions,Pedestrian,50 to 54,Major,,1,0,1,0,0,0,0,,0,1,1,0,0,72.0,72.0
43.689547,-79.447711,Non Intersection,Clear,Daylight,Dry,Non-Fatal Injury,SMV Unattended Vehicle,Other,unknown,None,,0,0,1,0,0,0,0,,0,1,0,0,0,107.0,107.0
43.602622,-79.540775,At Intersection,Clear,Daylight,Dry,Non-Fatal Injury,Turning Movement,Driver,55 to 59,None,Normal,0,0,1,1,0,0,0,,0,1,0,0,0,20.0,20.0
43.768496,-79.554942,At Intersection,Clear,Daylight,Dry,Non-Fatal Injury,Pedestrian Collisions,Driver,40 to 44,None,Inattentive,1,0,1,0,0,0,0,,0,1,0,0,0,21.0,21.0
43.774241,-79.18172,Intersection Related,Rain,"Dark, artificial",Wet,Non-Fatal Injury,Pedestrian Collisions,Pedestrian,75 to 79,Major,,1,0,1,0,0,0,0,Yes,0,0,0,0,0,136.0,136.0
43.677722,-79.350711,At Intersection,Clear,"Dark, artificial",Wet,Non-Fatal Injury,Pedestrian Collisions,Passenger,25 to 29,None,,1,0,1,0,0,0,0,Yes,0,0,0,0,0,68.0,68.0
43.655104,-79.379085,Non Intersection,Clear,Daylight,Dry,Non-Fatal Injury,Pedestrian Collisions,Driver,60 to 64,None,Inattentive,1,0,1,0,0,0,0,,0,0,0,0,0,168.0,75.0
43.689547,-79.447711,Non Intersection,Clear,Daylight,Dry,Non-Fatal Injury,SMV Unattended Vehicle,Driver,70 to 74,Major,Normal,0,0,1,0,0,0,0,,0,1,0,0,0,107.0,107.0
43.602622,-79.540775,At Intersection,Clear,Daylight,Dry,Non-Fatal Injury,Turning Movement,Motorcycle Driver,30 to 34,Major,Normal,0,0,1,1,0,0,0,,0,1,0,0,0,20.0,20.0
43.768496,-79.554942,At Intersection,Clear,Daylight,Dry,Non-Fatal Injury,Pedestrian Collisions,Pedestrian,20 to 24,Major,,1,0,1,0,0,0,0,,0,1,0,0,0,21.0,21.0
43.795348,-79.196597,Non Intersection,Clear,"Dark, artificial",Dry,Non-Fatal Injury,Pedestrian Collisions,Driver,50 to 54,None,Normal,1,0,1,0,0,0,0,,0,0,0,0,0,134.0,134.0
43.75894,-79.422542,At Intersection,Clear,Daylight,Dry,Fatal,Turning Movement,Driver,80 to 84,Fatal,Inattentive,0,0,1,0,0,0,0,Yes,0,1,1,0,0,38.0,38.0
43.808455,-79.338275,At/Near Private Drive,Rain,"Dark, artificial",Wet,Fatal,Pedestrian Collisions,Driver,45 to 49,None,Normal,1,0,1,0,0,0,0,,0,0,0,0,0,116.0,116.0
43.75894,-79.422542,At Intersection,Clear,Daylight,Dry,Fatal,Turning Movement,Driver,45 to 49,None,Inattentive,0,0,1,0,0,0,0,Yes,0,1,1,0,0,38.0,38.0
43.655104,-79.379085,Non Intersection,Clear,Daylight,Dry,Non-Fatal Injury,Pedestrian Collisions,Pedestrian,35 to 39,Major,,1,0,1,0,0,0,0,,0,0,0,0,0,168.0,75.0
43.715304,-79.43169,At Intersection,Rain,Daylight,Wet,Non-Fatal Injury,Pedestrian Collisions,Driver,65 to 69,None,Other,1,0,1,0,0,0,0,,0,1,0,0,0,32.0,32.0
43.657725,-79.381496,Intersection Related,Clear,Daylight,Dry,Non-Fatal Injury,Pedestrian Collisions,Driver,40 to 44,None,Normal,1,0,0,0,0,1,0,,0,0,0,0,0,168.0,75.0
43.69871,-79.39429,At/Near Private Drive,Rain,Daylight,Wet,Non-Fatal Injury,Pedestrian Collisions,Driver,30 to 34,None,Inattentive,1,0,1,0,0,0,0,,0,1,0,0,0,174.0,104.0
43.795348,-79.196597,Non Intersection,Clear,"Dark, artificial",Dry,Non-Fatal Injury,Pedestrian Collisions,Pedestrian,35 to 39,Major,,1,0,1,0,0,0,0,,0,0,0,0,0,134.0,134.0
43.780646,-79.323901,Intersection Related,Clear,"Dark, artificial",Dry,Non-Fatal Injury,Cyclist Collisions,Driver,55 to 59,None,Inattentive,0,1,1,0,0,0,0,,0,0,0,0,0,147.0,117.0
43.75894,-79.422542,At Intersection,Clear,Daylight,Dry,Fatal,Turning Movement,Passenger,75 to 79,Major,,0,0,1,0,0,0,0,Yes,0,1,1,0,0,38.0,38.0
43.659163,-79.32841,Intersection Related,Clear,Daylight,Dry,Non-Fatal Injury,Pedestrian Collisions,Driver,unknown,None,Unknown,1,0,1,0,0,0,0,,0,1,0,0,0,70.0,70.0
43.715304,-79.43169,At Intersection,Rain,Daylight,Wet,Non-Fatal Injury,Pedestrian Collisions,Pedestrian,55 to 59,Major,,1,0,1,0,0,0,0,,0,1,0,0,0,32.0,32.0
43.69871,-79.39429,At/Near Private Drive,Rain,Daylight,Wet,Non-Fatal Injury,Pedestrian Collisions,Pedestrian,35 to 39,Major,,1,0,1,0,0,0,0,,0,1,0,0,0,174.0,104.0
43.657725,-79.381496,Intersection Related,Clear,Daylight,Dry,Non-Fatal Injury,Pedestrian Collisions,Pedestrian,30 to 34,Major,,1,0,0,0,0,1,0,,0,0,0,0,0,168.0,75.0
43.665305,-79.49982,Non Intersection,Clear,"Dark, artificial",Dry,Fatal,Pedestrian Collisions,Pedestrian,75 to 79,Fatal,,1,0,1,0,0,0,0,,0,0,0,0,0,114.0,114.0
43.780646,-79.323901,Intersection Related,Clear,"Dark, artificial",Dry,Non-Fatal Injury,Cyclist Collisions,Cyclist,15 to 19,Major,,0,1,1,0,0,0,0,,0,0,0,0,0,147.0,117.0
43.72465,-79.302608,At Intersection,Clear,"Dark, artificial",Dry,Non-Fatal Injury,Pedestrian Collisions,Driver,55 to 59,None,Inattentive,1,0,1,0,0,0,0,,0,1,0,0,0,120.0,120.0
43.64363,-79.389949,At/Near Private Drive,Clear,"Dark, artificial",Wet,Non-Fatal Injury,Cyclist Collisions,Driver,40 to 44,None,Inattentive,0,1,1,0,0,0,0,,0,1,0,0,0,165.0,77.0
43.69871,-79.39429,At/Near Private Drive,Rain,Daylight,Wet,Non-Fatal Injury,Pedestrian Collisions,Pedestrian,30 to 34,Minor,,1,0,1,0,0,0,0,,0,1,0,0,0,174.0,104.0
43.721976,-79.235935,At Intersection,Clear,Daylight,Dry,Non-Fatal Injury,Rear End,Driver,35 to 39,None,Inattentive,0,0,1,0,0,0,0,Yes,1,1,0,0,0,123.0,123.0
43.665305,-79.49982,Non Intersection,Clear,"Dark, artificial",Dry,Fatal,Pedestrian Collisions,Driver,40 to 44,None,Normal,1,0,1,0,0,0,0,,0,0,0,0,0,114.0,114.0
43.646342,-79.361942,Intersection Related,Clear,Daylight,Dry,Non-Fatal Injury,SMV Other,Motorcycle Driver,45 to 49,Major,Unknown,0,0,0,1,0,0,0,,0,0,0,0,0,166.0,77.0
43.72465,-79.302608,At Intersection,Clear,"Dark, artificial",Dry,Non-Fatal Injury,Pedestrian Collisions,Pedestrian,40 to 44,Major,,1,0,1,0,0,0,0,,0,1,0,0,0,120.0,120.0
43.736853,-79.344562,Non Intersection,Clear,Daylight,Dry,Fatal,Pedestrian Collisions,Pedestrian,60 to 64,Fatal,,1,0,1,0,0,0,0,,0,0,0,0,0,42.0,42.0
43.659163,-79.32841,Intersection Related,Clear,Daylight,Dry,Non-Fatal Injury,Pedestrian Collisions,Pedestrian,unknown,Major,,1,0,1,0,0,0,0,,0,1,0,0,0,70.0,70.0
43.705226,-79.492557,At/Near Private Drive,Clear,Daylight,Dry,Non-Fatal Injury,Cyclist Collisions,Driver,45 to 49,None,Normal,0,1,1,0,0,0,0,Yes,0,1,0,0,0,30.0,30.0
43.64363,-79.389949,At/Near Private Drive,Clear,"Dark, artificial",Wet,Non-Fatal Injury,Cyclist Collisions,Cyclist,50 to 54,Major,,0,1,1,0,0,0,0,,0,1,0,0,0,165.0,77.0
43.705226,-79.492557,At/Near Private Drive,Clear,Daylight,Dry,Non-Fatal Injury,Cyclist Collisions,Cyclist,45 to 49,Major,,0,1,1,0,0,0,0,Yes,0,1,0,0,0,30.0,30.0
43.759413,-79.226726,Non Intersection,Clear,"Dark, artificial",Dry,Non-Fatal Injury,Turning Movement,Motorcycle Driver,30 to 34,Major,Normal,0,0,1,1,0,0,0,Yes,1,1,0,0,0,141.0,137.0
43.721976,-79.235935,At Intersection,Clear,Daylight,Dry,Non-Fatal Injury,Rear End,Driver,60 to 64,None,Normal,0,0,1,0,0,0,0,Yes,1,1,0,0,0,123.0,123.0
43.736853,-79.344562,Non Intersection,Clear,Daylight,Dry,Fatal,Pedestrian Collisions,Driver,25 to 29,Minimal,Inattentive,1,0,1,0,0,0,0,,0,0,0,0,0,42.0,42.0
43.686358,-79.358859,Non Intersection,Clear,"Dark, artificial",Dry,Non-Fatal Injury,SMV Other,Motorcycle Driver,25 to 29,Major,Normal,0,0,0,1,0,0,0,,1,1,0,0,0,57.0,57.0
43.750178,-79.463344,At Intersection,Clear,"Dark, artificial",Dry,Non-Fatal Injury,Pedestrian Collisions,Truck Driver,25 to 29,None,Normal,1,0,0,0,1,0,0,,0,0,0,0,0,155.0,26.0
43.782591,-79.352336,At/Near Private Drive,Clear,"Dawn, artificial",Wet,Non-Fatal Injury,Cyclist Collisions,Cyclist,75 to 79,Major,,0,1,1,0,0,0,0,,0,0,0,0,0,47.0,47.0
43.750178,-79.463344,At Intersection,Clear,"Dark, artificial",Dry,Non-Fatal Injury,Pedestrian Collisions,Pedestrian,35 to 39,Major,,1,0,0,0,1,0,0,,0,0,0,0,0,155.0,26.0
43.705226,-79.492557,At/Near Private Drive,Clear,Daylight,Dry,Non-Fatal Injury,Cyclist Collisions,Passenger,40 to 44,None,,0,1,1,0,0,0,0,Yes,0,1,0,0,0,30.0,30.0
43.759413,-79.226726,Non Intersection,Clear,"Dark, artificial",Dry,Non-Fatal Injury,Turning Movement,Driver,20 to 24,None,Normal,0,0,1,1,0,0,0,Yes,1,1,0,0,0,141.0,137.0
43.721976,-79.235935,At Intersection,Clear,Daylight,Dry,Non-Fatal Injury,Rear End,Passenger,55 to 59,Major,,0,0,1,0,0,0,0,Yes,1,1,0,0,0,123.0,123.0
43.701876,-79.575588,At Intersection,Clear,Daylight,Dry,Non-Fatal Injury,Pedestrian Collisions,Driver,25 to 29,None,Unknown,1,0,1,0,0,0,0,,0,1,0,0,0,1.0,1.0
43.743945,-79.305675,Non Intersection,Clear,Dark,Dry,Non-Fatal Injury,SMV Unattended Vehicle,Motorcycle Driver,40 to 44,Major,Unknown,0,0,0,1,0,0,0,,1,1,0,0,0,119.0,119.0
43.59801,-79.517459,Non Intersection,Clear,Daylight,Dry,Non-Fatal Injury,Other,Driver,60 to 64,None,Normal,0,0,0,0,0,1,0,Yes,0,0,0,0,0,18.0,18.0
43.782591,-79.352336,At/Near Private Drive,Clear,"Dawn, artificial",Wet,Non-Fatal Injury,Cyclist Collisions,Driver,35 to 39,None,Normal,0,1,1,0,0,0,0,,0,0,0,0,0,47.0,47.0
43.741217,-79.415187,At Intersection,Clear,Daylight,Dry,Non-Fatal Injury,Angle,Passenger,50 to 54,None,,0,0,1,1,0,0,0,Yes,0,1,1,0,0,39.0,39.0
43.759413,-79.226726,Non Intersection,Clear,"Dark, artificial",Dry,Non-Fatal Injury,Turning Movement,Passenger,20 to 24,None,,0,0,1,1,0,0,0,Yes,1,1,0,0,0,141.0,137.0
43.701876,-79.575588,At Intersection,Clear,Daylight,Dry,Non-Fatal Injury,Pedestrian Collisions,Pedestrian,50 to 54,Major,,1,0,1,0,0,0,0,,0,1,0,0,0,1.0,1.0
43.662154,-79.57648,At Intersection,Clear,Daylight,Dry,Non-Fatal Injury,SMV Other,Driver,55 to 59,Major,Normal,0,0,1,0,0,0,0,,1,1,0,0,0,11.0,11.0
43.59801,-79.517459,Non Intersection,Clear,Daylight,Dry,Non-Fatal Injury,Other,Passenger,70 to 74,Major,,0,0,0,0,0,1,0,Yes,0,0,0,0,0,18.0,18.0
43.812899,-79.243037,At Intersection,Clear,"Dark, artificial",Dry,Non-Fatal Injury,Pedestrian Collisions,Driver,25 to 29,None,Normal,1,0,1,0,0,0,0,Yes,0,1,0,0,0,145.0,132.0
43.825247,-79.300037,At Intersection,Clear,"Dark, artificial",Dry,Non-Fatal Injury,Angle,Driver,60 to 64,None,Normal,0,0,1,0,0,0,0,Yes,0,1,1,0,0,130.0,130.0
43.645594,-79.518939,At Intersection,Clear,"Dusk, artificial",Dry,Non-Fatal Injury,Cyclist Collisions,Driver,40 to 44,None,Normal,0,1,1,0,0,0,0,,0,1,0,0,0,16.0,16.0
43.741217,-79.415187,At Intersection,Clear,Daylight,Dry,Non-Fatal Injury,Angle,Motorcycle Driver,45 to 49,Major,Normal,0,0,1,1,0,0,0,Yes,0,1,1,0,0,39.0,39.0
43.658259,-79.352199,At Intersection,Clear,"Dark, artificial",Dry,Non-Fatal Injury,Pedestrian Collisions,Driver,55 to 59,None,Had Been Drinking,1,0,1,0,0,0,0,,0,0,0,0,0,70.0,70.0
43.714133,-79.428554,At Intersection,Clear,Daylight,Dry,Fatal,Turning Movement,Motorcycle Driver,25 to 29,Fatal,Unknown,0,0,1,1,0,0,0,,1,1,0,0,0,39.0,39.0
43.678881,-79.344806,At Intersection,Clear,Daylight,Dry,Non-Fatal Injury,Pedestrian Collisions,Driver,40 to 44,None,Normal,1,0,1,0,0,0,0,Yes,0,1,0,0,0,69.0,69.0
43.678881,-79.344806,At Intersection,Clear,Daylight,Dry,Non-Fatal Injury,Pedestrian Collisions,Passenger,40 to 44,None,,1,0,1,0,0,0,0,Yes,0,1,0,0,0,69.0,69.0
43.825247,-79.300037,At Intersection,Clear,"Dark, artificial",Dry,Non-Fatal Injury,Angle,Driver,55 to 59,None,Normal,0,0,1,0,0,0,0,Yes,0,1,1,0,0,130.0,130.0
43.645594,-79.518939,At Intersection,Clear,"Dusk, artificial",Dry,Non-Fatal Injury,Cyclist Collisions,Cyclist,15 to 19,Major,,0,1,1,0,0,0,0,,0,1,0,0,0,16.0,16.0
43.741217,-79.415187,At Intersection,Clear,Daylight,Dry,Non-Fatal Injury,Angle,Driver,15 to 19,None,Normal,0,0,1,1,0,0,0,Yes,0,1,1,0,0,39.0,39.0
43.658259,-79.352199,At Intersection,Clear,"Dark, artificial",Dry,Non-Fatal Injury,Pedestrian Collisions,Pedestrian,35 to 39,Major,,1,0,1,0,0,0,0,,0,0,0,0,0,70.0,70.0
43.714133,-79.428554,At Intersection,Clear,Daylight,Dry,Fatal,Turning Movement,Driver,15 to 19,None,Normal,0,0,1,1,0,0,0,,1,1,0,0,0,39.0,39.0
43.769049,-79.303577,At Intersection,Clear,"Dark, artificial",Dry,Fatal,Turning Movement,Motorcycle Driver,30 to 34,Fatal,Normal,0,0,1,1,0,0,0,,0,0,0,0,0,119.0,119.0
43.812899,-79.243037,At Intersection,Clear,"Dark, artificial",Dry,Non-Fatal Injury,Pedestrian Collisions,Passenger,20 to 24,None,,1,0,1,0,0,0,0,Yes,0,1,0,0,0,145.0,132.0
43.825247,-79.300037,At Intersection,Clear,"Dark, artificial",Dry,Non-Fatal Injury,Angle,Driver,55 to 59,None,Normal,0,0,1,0,0,0,0,Yes,0,1,1,0,0,130.0,130.0
43.678881,-79.344806,At Intersection,Clear,Daylight,Dry,Non-Fatal Injury,Pedestrian Collisions,Passenger,65 to 69,None,,1,0,1,0,0,0,0,Yes,0,1,0,0,0,69.0,69.0
43.744704,-79.486408,At Intersection,Clear,"Dark, artificial",Dry,Non-Fatal Injury,Pedestrian Collisions,Driver,65 to 69,None,Normal,1,0,1,0,0,0,0,,0,1,0,0,0,155.0,26.0
43.678881,-79.344806,At Intersection,Clear,Daylight,Dry,Non-Fatal Injury,Pedestrian Collisions,Passenger,0 to 4,None,,1,0,1,0,0,0,0,Yes,0,1,0,0,0,69.0,69.0
43.636412,-79.399608,At Intersection,Clear,"Dark, artificial",Dry,Non-Fatal Injury,Pedestrian Collisions,Driver,25 to 29,None,Normal,1,0,1,0,0,0,0,,0,0,0,0,0,163.0,82.0
43.791255,-79.313541,Non Intersection,Clear,Daylight,Dry,Non-Fatal Injury,SMV Other,Driver,15 to 19,None,Normal,0,0,1,0,0,0,0,Yes,0,0,0,0,0,147.0,117.0
43.769049,-79.303577,At Intersection,Clear,"Dark, artificial",Dry,Fatal,Turning Movement,Driver,20 to 24,None,Unknown,0,0,1,1,0,0,0,,0,0,0,0,0,119.0,119.0
43.812899,-79.243037,At Intersection,Clear,"Dark, artificial",Dry,Non-Fatal Injury,Pedestrian Collisions,Passenger,25 to 29,None,,1,0,1,0,0,0,0,Yes,0,1,0,0,0,145.0,132.0
43.825247,-79.300037,At Intersection,Clear,"Dark, artificial",Dry,Non-Fatal Injury,Angle,Passenger,50 to 54,Major,,0,0,1,0,0,0,0,Yes,0,1,1,0,0,130.0,130.0
43.744704,-79.486408,At Intersection,Clear,"Dark, artificial",Dry,Non-Fatal Injury,Pedestrian Collisions,Pedestrian,50 to 54,Major,,1,0,1,0,0,0,0,,0,1,0,0,0,155.0,26.0
43.678881,-79.344806,At Intersection,Clear,Daylight,Dry,Non-Fatal Injury,Pedestrian Collisions,Pedestrian,85 to 89,Major,,1,0,1,0,0,0,0,Yes,0,1,0,0,0,69.0,69.0
43.791255,-79.313541,Non Intersection,Clear,Daylight,Dry,Non-Fatal Injury,SMV Other,Passenger,15 to 19,Major,,0,0,1,0,0,0,0,Yes,0,0,0,0,0,147.0,117.0
43.66239,-79.378139,Non Intersection,Clear,"Dusk, artificial",Dry,Non-Fatal Injury,Pedestrian Collisions,Driver,unknown,None,Unknown,1,0,1,0,0,0,0,,0,0,0,0,0,167.0,75.0
43.812899,-79.243037,At Intersection,Clear,"Dark, artificial",Dry,Non-Fatal Injury,Pedestrian Collisions,Pedestrian,50 to 54,Major,,1,0,1,0,0,0,0,Yes,0,1,0,0,0,145.0,132.0
43.716246,-79.443179,At Intersection,Rain,Daylight,Wet,Non-Fatal Injury,Turning Movement,Driver,35 to 39,Major,Normal,0,0,1,0,0,0,0,,0,1,1,0,0,32.0,32.0
43.825247,-79.300037,At Intersection,Clear,"Dark, artificial",Dry,Non-Fatal Injury,Angle,Passenger,45 to 49,Major,,0,0,1,0,0,0,0,Yes,0,1,1,0,0,130.0,130.0
43.791255,-79.313541,Non Intersection,Clear,Daylight,Dry,Non-Fatal Injury,SMV Other,Passenger,20 to 24,None,,0,0,1,0,0,0,0,Yes,0,0,0,0,0,147.0,117.0
43.66239,-79.378139,Non Intersection,Clear,"Dusk, artificial",Dry,Non-Fatal Injury,Pedestrian Collisions,Pedestrian,60 to 64,Major,,1,0,1,0,0,0,0,,0,0,0,0,0,167.0,75.0
43.777182,-79.285518,At Intersection,Clear,"Dark, artificial",Dry,Non-Fatal Injury,Turning Movement,Driver,50 to 54,None,Normal,0,0,1,1,0,0,0,,0,1,0,0,0,128.0,128.0
43.716246,-79.443179,At Intersection,Rain,Daylight,Wet,Non-Fatal Injury,Turning Movement,Driver,45 to 49,None,Normal,0,0,1,0,0,0,0,,0,1,1,0,0,32.0,32.0
43.681376,-79.467296,At/Near Private Drive,Clear,Daylight,Dry,Non-Fatal Injury,Turning Movement,Driver,40 to 44,None,Inattentive,0,0,1,1,0,0,0,Yes,0,1,0,0,0,110.0,110.0
43.640269,-79.383151,At Intersection,Clear,Daylight,Dry,Non-Fatal Injury,Angle,Motorcycle Driver,30 to 34,Major,Inattentive,0,0,1,1,0,0,0,,1,1,1,0,0,165.0,77.0
43.636412,-79.399608,At Intersection,Clear,"Dark, artificial",Dry,Non-Fatal Injury,Pedestrian Collisions,Pedestrian,25 to 29,Major,,1,0,1,0,0,0,0,,0,0,0,0,0,163.0,82.0
43.753421,-79.357456,At Intersection,Rain,"Dark, artificial",Wet,Non-Fatal Injury,Cyclist Collisions,Driver,50 to 54,None,Normal,0,1,1,0,0,0,0,,0,1,0,0,0,42.0,42.0
43.681376,-79.467296,At/Near Private Drive,Clear,Daylight,Dry,Non-Fatal Injury,Turning Movement,Motorcycle Driver,45 to 49,Major,Normal,0,0,1,1,0,0,0,Yes,0,1,0,0,0,110.0,110.0
43.640269,-79.383151,At Intersection,Clear,Daylight,Dry,Non-Fatal Injury,Angle,Driver,25 to 29,None,Normal,0,0,1,1,0,0,0,,1,1,1,0,0,165.0,77.0
43.681376,-79.467296,At/Near Private Drive,Clear,Daylight,Dry,Non-Fatal Injury,Turning Movement,Passenger,35 to 39,None,,0,0,1,1,0,0,0,Yes,0,1,0,0,0,110.0,110.0
43.663226,-79.419696,Non Intersection,Clear,Daylight,Dry,Non-Fatal Injury,Cyclist Collisions,Driver,65 to 69,None,Unknown,0,1,1,0,0,0,0,,0,0,0,0,0,80.0,80.0
43.753421,-79.357456,At Intersection,Rain,"Dark, artificial",Wet,Non-Fatal Injury,Cyclist Collisions,Cyclist,40 to 44,Major,,0,1,1,0,0,0,0,,0,1,0,0,0,42.0,42.0
43.681376,-79.467296,At/Near Private Drive,Clear,Daylight,Dry,Non-Fatal Injury,Turning Movement,Passenger,5 to 9,None,,0,0,1,1,0,0,0,Yes,0,1,0,0,0,110.0,110.0
43.663226,-79.419696,Non Intersection,Clear,Daylight,Dry,Non-Fatal Injury,Cyclist Collisions,Cyclist,45 to 49,Major,,0,1,1,0,0,0,0,,0,0,0,0,0,80.0,80.0
43.771231,-79.285022,Non Intersection,Rain,"Dark, artificial",Wet,Non-Fatal Injury,Pedestrian Collisions,Pedestrian,55 to 59,Major,,1,0,0,0,0,0,0,,0,0,0,0,0,126.0,126.0
43.681376,-79.467296,At/Near Private Drive,Clear,Daylight,Dry,Non-Fatal Injury,Turning Movement,Passenger,5 to 9,None,,0,0,1,1,0,0,0,Yes,0,1,0,0,0,110.0,110.0
43.733508,-79.483684,At Intersection,Clear,"Dark, artificial",Dry,Fatal,Pedestrian Collisions,Pedestrian,15 to 19,Fatal,,1,0,1,0,0,0,0,,1,1,0,0,0,155.0,26.0
43.771231,-79.285022,Non Intersection,Rain,"Dark, artificial",Wet,Non-Fatal Injury,Pedestrian Collisions,Driver,unknown,None,Unknown,1,0,0,0,0,0,0,,0,0,0,0,0,126.0,126.0
43.71337,-79.457622,Non Intersection,Clear,Daylight,Dry,Fatal,Angle,Driver,65 to 69,Fatal,Inattentive,0,0,1,0,0,0,0,,0,1,0,0,0,31.0,31.0
43.733508,-79.483684,At Intersection,Clear,"Dark, artificial",Dry,Fatal,Pedestrian Collisions,Driver,45 to 49,None,Unknown,1,0,1,0,0,0,0,,1,1,0,0,0,155.0,26.0
43.733508,-79.483684,At Intersection,Clear,"Dark, artificial",Dry,Fatal,Pedestrian Collisions,Pedestrian,15 to 19,Minor,,1,0,1,0,0,0,0,,1,1,0,0,0,155.0,26.0
43.706015,-79.389255,At Intersection,Clear,Dark,Dry,Non-Fatal Injury,Rear End,Driver,20 to 24,None,Normal,0,0,1,0,0,0,0,Yes,1,1,0,0,0,99.0,99.0
43.703829,-79.498767,At Intersection,Clear,Daylight,Dry,Non-Fatal Injury,Turning Movement,Driver,45 to 49,Minimal,Normal,0,0,1,1,0,0,0,,1,1,0,0,0,30.0,30.0
43.706015,-79.389255,At Intersection,Clear,Dark,Dry,Non-Fatal Injury,Rear End,Driver,55 to 59,Minimal,Inattentive,0,0,1,0,0,0,0,Yes,1,1,0,0,0,99.0,99.0
43.703829,-79.498767,At Intersection,Clear,Daylight,Dry,Non-Fatal Injury,Turning Movement,Motorcycle Driver,25 to 29,Major,Normal,0,0,1,1,0,0,0,,1,1,0,0,0,30.0,30.0
43.706015,-79.389255,At Intersection,Clear,Dark,Dry,Non-Fatal Injury,Rear End,Passenger,30 to 34,Major,,0,0,1,0,0,0,0,Yes,1,1,0,0,0,99.0,99.0
43.751074,-79.456256,At/Near Private Drive,Clear,Daylight,Dry,Non-Fatal Injury,Cyclist Collisions,Driver,unknown,None,Unknown,0,1,1,0,0,0,0,,0,1,0,0,0,33.0,33.0
43.656188,-79.521854,At/Near Private Drive,Clear,Daylight,Dry,Non-Fatal Injury,Approaching,Driver,75 to 79,Major,Had Been Drinking,0,0,1,0,0,0,0,Yes,0,0,0,0,0,15.0,15.0
43.751074,-79.456256,At/Near Private Drive,Clear,Daylight,Dry,Non-Fatal Injury,Cyclist Collisions,Cyclist,10 to 14,Major,,0,1,1,0,0,0,0,,0,1,0,0,0,33.0,33.0
43.656188,-79.521854,At/Near Private Drive,Clear,Daylight,Dry,Non-Fatal Injury,Approaching,Driver,70 to 74,Minor,Normal,0,0,1,0,0,0,0,Yes,0,0,0,0,0,15.0,15.0
43.659812,-79.435321,Intersection Related,Clear,"Dark, artificial",Dry,Non-Fatal Injury,Cyclist Collisions,Driver,20 to 24,None,Normal,0,1,1,0,0,0,0,Yes,0,0,0,0,0,83.0,83.0
43.656188,-79.521854,At/Near Private Drive,Clear,Daylight,Dry,Non-Fatal Injury,Approaching,Passenger,65 to 69,Minor,,0,0,1,0,0,0,0,Yes,0,0,0,0,0,15.0,15.0
43.659812,-79.435321,Intersection Related,Clear,"Dark, artificial",Dry,Non-Fatal Injury,Cyclist Collisions,Cyclist,50 to 54,Major,,0,1,1,0,0,0,0,Yes,0,0,0,0,0,83.0,83.0
43.628398,-79.475986,Non Intersection,Clear,"Dark, artificial",Dry,Non-Fatal Injury,Rear End,Driver,70 to 74,Major,Medical or Physical Disability,0,0,1,0,0,0,0,,0,1,0,0,1,161.0,17.0
43.659812,-79.435321,Intersection Related,Clear,"Dark, artificial",Dry,Non-Fatal Injury,Cyclist Collisions,Passenger,20 to 24,None,,0,1,1,0,0,0,0,Yes,0,0,0,0,0,83.0,83.0
43.628398,-79.475986,Non Intersection,Clear,"Dark, artificial",Dry,Non-Fatal Injury,Rear End,Driver,30 to 34,Minor,Normal,0,0,1,0,0,0,0,,0,1,0,0,1,161.0,17.0
43.688254,-79.301006,Non Intersection,Clear,Dark,Dry,Non-Fatal Injury,Rear End,Motorcycle Driver,35 to 39,Major,Inattentive,0,0,1,1,0,0,0,,0,0,0,0,0,62.0,62.0