LATITUDE,LONGITUDE,ACCLOC,VISIBILITY,LIGHT,RDSFCOND,ACCLASS,IMPACTYPE,INVTYPE,INVAGE,INJURY,DRIVCOND,PEDESTRIAN,CYCLIST,AUTOMOBILE,MOTORCYCLE,TRUCK,TRSN_CITY_VEH,EMERG_VEH,PASSENGER,SPEEDING,AG_DRIV,REDLIGHT,ALCOHOL,DISABILITY,HOOD_158,HOOD_140
43.772029,-79.537761,At Intersection,Clear,Daylight,Dry,Non-Fatal Injury,Turning Movement,Driver,60 to 64,Minimal,Inattentive,0,0,1,1,0,0,0,,1,1,0,0,0,21.0,21.0
43.772029,-79.537761,At Intersection,Clear,Daylight,Dry,Non-Fatal Injury,Turning Movement,Motorcycle Driver,35 to 39,Major,Normal,0,0,1,1,0,0,0,,1,1,0,0,0,21.0,21.0
43.661983,-79.425625,At Intersection,Clear,Daylight,Dry,Non-Fatal Injury,Cyclist Collisions,Driver,20 to 24,None,Inattentive,0,1,1,0,0,0,0,,0,1,1,0,0,80.0,80.0
43.661983,-79.425625,At Intersection,Clear,Daylight,Dry,Non-Fatal Injury,Cyclist Collisions,Cyclist,20 to 24,Major,,0,1,1,0,0,0,0,,0,1,1,0,0,80.0,80.0
43.650427,-79.479053,At Intersection,Clear,Daylight,Dry,Non-Fatal Injury,Pedestrian Collisions,Driver,30 to 34,None,Normal,1,0,1,0,0,0,0,,0,1,0,0,0,87.0,87.0
43.650427,-79.479053,At Intersection,Clear,Daylight,Dry,Non-Fatal Injury,Pedestrian Collisions,Pedestrian,90 to 94,Major,,1,0,1,0,0,0,0,,0,1,0,0,0,87.0,87.0
43.803809,-79.298167,At Intersection,Rain,Daylight,Wet,Non-Fatal Injury,Pedestrian Collisions,Driver,55 to 59,None,Inattentive,1,0,1,0,0,0,0,,0,1,0,0,0,130.0,130.0
43.803809,-79.298167,At Intersection,Rain,Daylight,Wet,Non-Fatal Injury,Pedestrian Collisions,Pedestrian,40 to 44,Major,,1,0,1,0,0,0,0,,0,1,0,0,0,130.0,130.0
43.66059,-79.431628,At Intersection,Clear,Daylight,Dry,Non-Fatal Injury,Cyclist Collisions,Driver,55 to 59,Major,Inattentive,0,1,1,0,0,0,0,,0,1,0,0,0,83.0,83.0
43.66059,-79.431628,At Intersection,Clear,Daylight,Dry,Non-Fatal Injury,Cyclist Collisions,Cyclist,40 to 44,Minor,,0,1,1,0,0,0,0,,0,1,0,0,0,83.0,83.0
43.673144,-79.414356,At Intersection,Clear,"Dark, artificial",Dry,Non-Fatal Injury,Pedestrian Collisions,Truck Driver,35 to 39,None,Inattentive,1,0,0,0,1,0,0,,1,1,0,0,0,95.0,95.0
43.673144,-79.414356,At Intersection,Clear,"Dark, artificial",Dry,Non-Fatal Injury,Pedestrian Collisions,Pedestrian,70 to 74,Major,,1,0,0,0,1,0,0,,1,1,0,0,0,95.0,95.0
43.687659,-79.270877,At Intersection,Clear,"Dark, artificial",Dry,Non-Fatal Injury,Pedestrian Collisions,Driver,25 to 29,None,Inattentive,1,0,0,0,0,1,0,,0,1,0,0,0,122.0,122.0
43.687659,-79.270877,At Intersection,Clear,"Dark, artificial",Dry,Non-Fatal Injury,Pedestrian Collisions,Pedestrian,50 to 54,Major,,1,0,0,0,0,1,0,,0,1,0,0,0,122.0,122.0
43.773532,-79.444728,Non Intersection,Rain,Daylight,Wet,Non-Fatal Injury,Pedestrian Collisions,Driver,45 to 49,None,Normal,1,0,1,0,0,0,0,,0,0,0,0,0,35.0,35.0
43.773532,-79.444728,Non Intersection,Rain,Daylight,Wet,Non-Fatal Injury,Pedestrian Collisions,Pedestrian,80 to 84,Major,,1,0,1,0,0,0,0,,0,0,0,0,0,35.0,35.0
43.755606,-79.224025,At Intersection,Clear,Daylight,Dry,Fatal,Turning Movement,Motorcycle Driver,15 to 19,Fatal,Unknown,0,0,1,1,0,0,0,,0,1,0,0,0,141.0,137.0
43.755606,-79.224025,At Intersection,Clear,Daylight,Dry,Fatal,Turning Movement,Driver,90 to 94,None,Normal,0,0,1,1,0,0,0,,0,1,0,0,0,141.0,137.0
43.741233,-79.513652,At Intersection,Clear,"Dark, artificial",Dry,Non-Fatal Injury,Turning Movement,Driver,15 to 19,None,Inattentive,0,0,1,0,0,0,0,Yes,0,1,1,0,0,25.0,25.0
43.741233,-79.513652,At Intersection,Clear,"Dark, artificial",Dry,Non-Fatal Injury,Turning Movement,Driver,40 to 44,Minimal,Normal,0,0,1,0,0,0,0,Yes,0,1,1,0,0,25.0,25.0
43.741233,-79.513652,At Intersection,Clear,"Dark, artificial",Dry,Non-Fatal Injury,Turning Movement,Passenger,35 to 39,Major,,0,0,1,0,0,0,0,Yes,0,1,1,0,0,25.0,25.0
43.741233,-79.513652,At Intersection,Clear,"Dark, artificial",Dry,Non-Fatal Injury,Turning Movement,Passenger,15 to 19,None,,0,0,1,0,0,0,0,Yes,0,1,1,0,0,25.0,25.0
43.741233,-79.513652,At Intersection,Clear,"Dark, artificial",Dry,Non-Fatal Injury,Turning Movement,Passenger,20 to 24,Minimal,,0,0,1,0,0,0,0,Yes,0,1,1,0,0,25.0,25.0
43.744746,-79.399562,At Intersection,Clear,"Daylight, artificial",Dry,Non-Fatal Injury,Cyclist Collisions,Driver,65 to 69,None,Inattentive,0,1,1,0,0,0,0,,0,0,0,0,0,41.0,41.0
43.744746,-79.399562,At Intersection,Clear,"Daylight, artificial",Dry,Non-Fatal Injury,Cyclist Collisions,Cyclist,65 to 69,Major,,0,1,1,0,0,0,0,,0,0,0,0,0,41.0,41.0
43.791484,-79.36835,At Intersection,"Fog, Mist, Smoke, Dust",Daylight,Dry,Non-Fatal Injury,Pedestrian Collisions,Driver,55 to 59,None,Inattentive,1,0,1,0,0,0,0,,0,0,0,0,0,48.0,48.0
43.791484,-79.36835,At Intersection,"Fog, Mist, Smoke, Dust",Daylight,Dry,Non-Fatal Injury,Pedestrian Collisions,Pedestrian,25 to 29,Major,,1,0,1,0,0,0,0,,0,0,0,0,0,48.0,48.0
43.661509,-79.40974,Intersection Related,Clear,"Dark, artificial",Dry,Non-Fatal Injury,Pedestrian Collisions,Driver,unknown,None,Unknown,1,0,1,0,0,0,0,,0,0,0,0,0,79.0,79.0
43.661509,-79.40974,Intersection Related,Clear,"Dark, artificial",Dry,Non-Fatal Injury,Pedestrian Collisions,Pedestrian,20 to 24,Major,,1,0,1,0,0,0,0,,0,0,0,0,0,79.0,79.0
43.800692,-79.143199,Non Intersection,Clear,Daylight,Dry,Non-Fatal Injury,Approaching,Driver,25 to 29,Major,Had Been Drinking,0,0,1,0,0,0,0,,0,0,0,0,0,143.0,131.0
43.800692,-79.143199,Non Intersection,Clear,Daylight,Dry,Non-Fatal Injury,Approaching,Driver,55 to 59,Minor,Normal,0,0,1,0,0,0,0,,0,0,0,0,0,143.0,131.0
43.759955,-79.571773,At Intersection,Clear,"Dark, artificial",Dry,Non-Fatal Injury,Pedestrian Collisions,Driver,65 to 69,None,Inattentive,1,0,1,0,0,0,0,,0,1,0,0,0,21.0,21.0
43.759955,-79.571773,At Intersection,Clear,"Dark, artificial",Dry,Non-Fatal Injury,Pedestrian Collisions,Pedestrian,45 to 49,Major,,1,0,1,0,0,0,0,,0,1,0,0,0,21.0,21.0
43.788016,-79.392719,At Intersection,Clear,Daylight,Dry,Non-Fatal Injury,Pedestrian Collisions,Driver,85 to 89,None,Inattentive,1,0,1,0,0,0,0,,0,1,0,0,0,49.0,49.0
43.788016,-79.392719,At Intersection,Clear,Daylight,Dry,Non-Fatal Injury,Pedestrian Collisions,Pedestrian,80 to 84,Major,,1,0,1,0,0,0,0,,0,1,0,0,0,49.0,49.0
43.654647,-79.421451,At Intersection,Clear,"Dark, artificial",Dry,Non-Fatal Injury,Cyclist Collisions,Cyclist,25 to 29,Major,,0,1,1,0,0,0,0,,0,0,0,0,0,81.0,81.0
43.654647,-79.421451,At Intersection,Clear,"Dark, artificial",Dry,Non-Fatal Injury,Cyclist Collisions,Driver,15 to 19,None,Normal,0,1,1,0,0,0,0,,0,0,0,0,0,81.0,81.0
43.772437,-79.511371,Intersection Related,Clear,"Dark, artificial",Dry,Non-Fatal Injury,Pedestrian Collisions,Driver,unknown,None,Unknown,1,0,0,0,0,0,0,,0,0,0,0,0,27.0,27.0
43.772437,-79.511371,Intersection Related,Clear,"Dark, artificial",Dry,Non-Fatal Injury,Pedestrian Collisions,Pedestrian,15 to 19,Major,,1,0,0,0,0,0,0,,0,0,0,0,0,27.0,27.0
43.638873,-79.508479,Non Intersection,Clear,Daylight,Dry,Non-Fatal Injury,SMV Other,Driver,65 to 69,Major,Unknown,0,0,1,0,0,0,0,,1,1,0,0,0,16.0,16.0
43.642966,-79.442165,At Intersection,Clear,"Dusk, artificial",Dry,Non-Fatal Injury,Cyclist Collisions,Driver,65 to 69,None,Inattentive,0,1,1,0,0,0,0,,0,1,0,0,0,86.0,86.0
43.642966,-79.442165,At Intersection,Clear,"Dusk, artificial",Dry,Non-Fatal Injury,Cyclist Collisions,Cyclist,25 to 29,Major,,0,1,1,0,0,0,0,,0,1,0,0,0,86.0,86.0
43.7429,-79.594669,Non Intersection,Clear,"Dusk, artificial",Wet,Non-Fatal Injury,Pedestrian Collisions,Driver,80 to 84,None,Normal,1,0,1,0,0,0,0,,0,0,0,0,0,2.0,2.0
43.7429,-79.594669,Non Intersection,Clear,"Dusk, artificial",Wet,Non-Fatal Injury,Pedestrian Collisions,Pedestrian,30 to 34,Major,,1,0,1,0,0,0,0,,0,0,0,0,0,2.0,2.0
43.701083,-79.337535,Non Intersection,Rain,Dusk,Wet,Fatal,Rear End,Driver,75 to 79,Fatal,Medical or Physical Disability,0,0,1,0,0,0,0,,0,0,0,0,1,58.0,58.0
43.701083,-79.337535,Non Intersection,Rain,Dusk,Wet,Fatal,Rear End,Driver,45 to 49,None,Normal,0,0,1,0,0,0,0,,0,0,0,0,1,58.0,58.0
43.748702,-79.454868,At Intersection,Snow,"Dark, artificial",Wet,Non-Fatal Injury,Pedestrian Collisions,Driver,50 to 54,None,Inattentive,1,0,1,0,0,0,0,,0,1,0,0,0,33.0,33.0
43.748702,-79.454868,At Intersection,Snow,"Dark, artificial",Wet,Non-Fatal Injury,Pedestrian Collisions,Pedestrian,25 to 29,Major,,1,0,1,0,0,0,0,,0,1,0,0,0,33.0,33.0
43.67723,-79.464153,Non Intersection,Clear,Daylight,Dry,Non-Fatal Injury,Approaching,Driver,40 to 44,Major,Medical or Physical Disability,0,0,1,0,0,0,0,Yes,0,1,0,0,1,91.0,91.0
43.67723,-79.464153,Non Intersection,Clear,Daylight,Dry,Non-Fatal Injury,Approaching,Driver,65 to 69,None,Normal,0,0,1,0,0,0,0,Yes,0,1,0,0,1,91.0,91.0
43.67723,-79.464153,Non Intersection,Clear,Daylight,Dry,Non-Fatal Injury,Approaching,Driver,40 to 44,None,Normal,0,0,1,0,0,0,0,Yes,0,1,0,0,1,91.0,91.0
43.67723,-79.464153,Non Intersection,Clear,Daylight,Dry,Non-Fatal Injury,Approaching,Passenger,10 to 14,None,,0,0,1,0,0,0,0,Yes,0,1,0,0,1,91.0,91.0
43.715514,-79.568485,At Intersection,Clear,Daylight,Dry,Non-Fatal Injury,Turning Movement,Driver,30 to 34,None,Inattentive,0,0,1,0,0,0,0,Yes,1,1,0,0,0,4.0,4.0
43.715514,-79.568485,At Intersection,Clear,Daylight,Dry,Non-Fatal Injury,Turning Movement,Driver,70 to 74,Major,Normal,0,0,1,0,0,0,0,Yes,1,1,0,0,0,4.0,4.0
43.715514,-79.568485,At Intersection,Clear,Daylight,Dry,Non-Fatal Injury,Turning Movement,Driver,35 to 39,None,Unknown,0,0,1,0,0,0,0,Yes,1,1,0,0,0,4.0,4.0
43.715514,-79.568485,At Intersection,Clear,Daylight,Dry,Non-Fatal Injury,Turning Movement,Passenger,60 to 64,Major,,0,0,1,0,0,0,0,Yes,1,1,0,0,0,4.0,4.0
43.803805,-79.137714,Non Intersection,Clear,Daylight,Dry,Non-Fatal Injury,Cyclist Collisions,Driver,70 to 74,None,Inattentive,0,1,1,0,0,0,0,,0,1,0,0,0,143.0,131.0
43.803805,-79.137714,Non Intersection,Clear,Daylight,Dry,Non-Fatal Injury,Cyclist Collisions,Cyclist,55 to 59,Major,,0,1,1,0,0,0,0,,0,1,0,0,0,143.0,131.0
43.741168,-79.513637,Intersection Related,Clear,"Dark, artificial",Dry,Non-Fatal Injury,Rear End,Driver,55 to 59,None,Inattentive,0,0,1,0,0,0,0,Yes,0,0,0,0,0,25.0,25.0
43.741168,-79.513637,Intersection Related,Clear,"Dark, artificial",Dry,Non-Fatal Injury,Rear End,Driver,65 to 69,None,Normal,0,0,1,0,0,0,0,Yes,0,0,0,0,0,25.0,25.0
43.741168,-79.513637,Intersection Related,Clear,"Dark, artificial",Dry,Non-Fatal Injury,Rear End,Driver,40 to 44,Minimal,Normal,0,0,1,0,0,0,0,Yes,0,0,0,0,0,25.0,25.0
43.741168,-79.513637,Intersection Related,Clear,"Dark, artificial",Dry,Non-Fatal Injury,Rear End,Passenger,25 to 29,Major,,0,0,1,0,0,0,0,Yes,0,0,0,0,0,25.0,25.0
43.68801,-79.394099,At Intersection,Clear,Daylight,Dry,Fatal,Cyclist Collisions,Cyclist,20 to 24,Fatal,,0,1,1,0,0,0,0,,0,1,0,0,0,98.0,98.0
43.68801,-79.394099,At Intersection,Clear,Daylight,Dry,Fatal,Cyclist Collisions,Driver,60 to 64,None,Normal,0,1,1,0,0,0,0,,0,1,0,0,0,98.0,98.0
43.643286,-79.422908,Non Intersection,Clear,Daylight,Dry,Non-Fatal Injury,Pedestrian Collisions,Driver,85 to 89,None,Normal,1,0,1,0,0,0,0,,0,0,0,0,0,84.0,84.0
43.643286,-79.422908,Non Intersection,Clear,Daylight,Dry,Non-Fatal Injury,Pedestrian Collisions,Pedestrian,20 to 24,Major,,1,0,1,0,0,0,0,,0,0,0,0,0,84.0,84.0
43.683192,-79.346416,Intersection Related,Clear,"Dark, artificial",Dry,Non-Fatal Injury,Sideswipe,Driver,30 to 34,None,Normal,0,0,1,0,0,0,0,Yes,0,0,0,0,0,59.0,59.0
43.683192,-79.346416,Intersection Related,Clear,"Dark, artificial",Dry,Non-Fatal Injury,Sideswipe,Driver,15 to 19,Minor,Normal,0,0,1,0,0,0,0,Yes,0,0,0,0,0,59.0,59.0
43.683192,-79.346416,Intersection Related,Clear,"Dark, artificial",Dry,Non-Fatal Injury,Sideswipe,Driver,25 to 29,Minimal,Normal,0,0,1,0,0,0,0,Yes,0,0,0,0,0,59.0,59.0
43.683192,-79.346416,Intersection Related,Clear,"Dark, artificial",Dry,Non-Fatal Injury,Sideswipe,Passenger,25 to 29,Major,,0,0,1,0,0,0,0,Yes,0,0,0,0,0,59.0,59.0
43.794814,-79.152499,At Intersection,Clear,Daylight,Dry,Non-Fatal Injury,Turning Movement,Driver,65 to 69,None,Inattentive,0,0,1,0,0,0,0,Yes,0,1,1,0,0,133.0,133.0
43.794814,-79.152499,At Intersection,Clear,Daylight,Dry,Non-Fatal Injury,Turning Movement,Driver,35 to 39,Minor,Normal,0,0,1,0,0,0,0,Yes,0,1,1,0,0,133.0,133.0
43.794814,-79.152499,At Intersection,Clear,Daylight,Dry,Non-Fatal Injury,Turning Movement,Passenger,45 to 49,None,,0,0,1,0,0,0,0,Yes,0,1,1,0,0,133.0,133.0
43.794814,-79.152499,At Intersection,Clear,Daylight,Dry,Non-Fatal Injury,Turning Movement,Passenger,20 to 24,Major,,0,0,1,0,0,0,0,Yes,0,1,1,0,0,133.0,133.0
43.594088,-79.534808,Non Intersection,Clear,Daylight,Dry,Non-Fatal Injury,Pedestrian Collisions,Pedestrian,75 to 79,Major,,1,0,1,0,0,0,0,,0,0,0,0,0,19.0,19.0
43.738677,-79.216975,At Intersection,Clear,Daylight,Dry,Non-Fatal Injury,Turning Movement,Driver,55 to 59,Major,Normal,0,0,1,0,0,0,0,,0,1,0,0,0,139.0,139.0
43.738677,-79.216975,At Intersection,Clear,Daylight,Dry,Non-Fatal Injury,Turning Movement,Driver,20 to 24,Minor,Normal,0,0,1,0,0,0,0,,0,1,0,0,0,139.0,139.0
43.638747,-79.400577,At Intersection,Rain,"Dark, artificial",Wet,Non-Fatal Injury,Pedestrian Collisions,Driver,35 to 39,None,Inattentive,1,0,1,0,0,0,0,,0,1,0,0,0,165.0,77.0
43.638747,-79.400577,At Intersection,Rain,"Dark, artificial",Wet,Non-Fatal Injury,Pedestrian Collisions,Pedestrian,20 to 24,Major,,1,0,1,0,0,0,0,,0,1,0,0,0,165.0,77.0
43.73828,-79.57162,Intersection Related,Rain,"Dark, artificial",Wet,Non-Fatal Injury,Pedestrian Collisions,Driver,40 to 44,None,Normal,1,0,1,0,0,0,0,,0,0,0,0,0,3.0,3.0
43.73828,-79.57162,Intersection Related,Rain,"Dark, artificial",Wet,Non-Fatal Injury,Pedestrian Collisions,Pedestrian,45 to 49,Major,,1,0,1,0,0,0,0,,0,0,0,0,0,3.0,3.0
43.72008,-79.25677,Intersection Related,Clear,Daylight,Dry,Non-Fatal Injury,Pedestrian Collisions,Driver,35 to 39,None,Normal,1,0,1,0,0,0,0,,0,0,0,0,0,124.0,124.0
43.72008,-79.25677,Intersection Related,Clear,Daylight,Dry,Non-Fatal Injury,Pedestrian Collisions,Pedestrian,10 to 14,Major,,1,0,1,0,0,0,0,,0,0,0,0,0,124.0,124.0
43.643412,-79.391261,At Intersection,Clear,Dark,Dry,Non-Fatal Injury,Cyclist Collisions,Driver,unknown,None,Unknown,0,1,1,0,0,0,0,,0,1,1,0,0,165.0,77.0
43.643412,-79.391261,At Intersection,Clear,Dark,Dry,Non-Fatal Injury,Cyclist Collisions,Cyclist,20 to 24,Major,,0,1,1,0,0,0,0,,0,1,1,0,0,165.0,77.0
43.75289,-79.553554,Non Intersection,Clear,"Dark, artificial",Dry,Non-Fatal Injury,SMV Other,Driver,25 to 29,Major,Had Been Drinking,0,0,1,0,0,0,0,,1,1,0,0,0,21.0,21.0
43.735591,-79.252673,Non Intersection,Clear,Daylight,Wet,Non-Fatal Injury,Rear End,Driver,35 to 39,Major,Inattentive,0,0,1,0,0,1,0,Yes,0,1,0,0,0,124.0,124.0
43.735591,-79.252673,Non Intersection,Clear,Daylight,Wet,Non-Fatal Injury,Rear End,Driver,25 to 29,Minimal,Normal,0,0,1,0,0,1,0,Yes,0,1,0,0,0,124.0,124.0
43.735591,-79.252673,Non Intersection,Clear,Daylight,Wet,Non-Fatal Injury,Rear End,Driver,50 to 54,None,Normal,0,0,1,0,0,1,0,Yes,0,1,0,0,0,124.0,124.0
43.735591,-79.252673,Non Intersection,Clear,Daylight,Wet,Non-Fatal Injury,Rear End,Passenger,25 to 29,Minimal,,0,0,1,0,0,1,0,Yes,0,1,0,0,0,124.0,124.0
43.73823,-79.305957,Non Intersection,Clear,Daylight,Dry,Non-Fatal Injury,Pedestrian Collisions,Driver,40 to 44,None,Normal,1,0,1,0,0,0,0,Yes,0,0,0,0,0,119.0,119.0
43.73823,-79.305957,Non Intersection,Clear,Daylight,Dry,Non-Fatal Injury,Pedestrian Collisions,Passenger,10 to 14,None,,1,0,1,0,0,0,0,Yes,0,0,0,0,0,119.0,119.0
43.73823,-79.305957,Non Intersection,Clear,Daylight,Dry,Non-Fatal Injury,Pedestrian Collisions,Pedestrian,10 to 14,Major,,1,0,1,0,0,0,0,Yes,0,0,0,0,0,119.0,119.0
43.741168,-79.317989,Non Intersection,Clear,"Dark, artificial",Dry,Non-Fatal Injury,Pedestrian Collisions,Driver,55 to 59,None,Normal,1,0,1,0,0,0,0,,0,0,0,0,0,43.0,43.0
43.741168,-79.317989,Non Intersection,Clear,"Dark, artificial",Dry,Non-Fatal Injury,Pedestrian Collisions,Driver,20 to 24,None,Normal,1,0,1,0,0,0,0,,0,0,0,0,0,43.0,43.0
43.741168,-79.317989,Non Intersection,Clear,"Dark, artificial",Dry,Non-Fatal Injury,Pedestrian Collisions,Pedestrian,60 to 64,Major,,1,0,1,0,0,0,0,,0,0,0,0,0,43.0,43.0
43.755824,-79.517314,Non Intersection,Clear,Daylight,Dry,Non-Fatal Injury,Pedestrian Collisions,Driver,55 to 59,None,Normal,1,0,1,0,0,0,0,,0,0,0,0,0,25.0,25.0
43.755824,-79.517314,Non Intersection,Clear,Daylight,Dry,Non-Fatal Injury,Pedestrian Collisions,Pedestrian,40 to 44,Major,,1,0,1,0,0,0,0,,0,0,0,0,0,25.0,25.0
43.772727,-79.251537,Non Intersection,Clear,"Dark, artificial",Dry,Non-Fatal Injury,Sideswipe,Driver,75 to 79,None,Inattentive,0,0,1,0,0,0,0,,0,0,0,0,0,142.0,137.0
43.772727,-79.251537,Non Intersection,Clear,"Dark, artificial",Dry,Non-Fatal Injury,Sideswipe,Driver,15 to 19,Major,Normal,0,0,1,0,0,0,0,,0,0,0,0,0,142.0,137.0
43.652869,-79.398006,At Intersection,Clear,Daylight,Dry,Fatal,Pedestrian Collisions,Driver,55 to 59,None,Inattentive,1,0,1,0,0,0,0,,0,1,0,0,0,78.0,78.0
43.652869,-79.398006,At Intersection,Clear,Daylight,Dry,Fatal,Pedestrian Collisions,Pedestrian,70 to 74,Fatal,,1,0,1,0,0,0,0,,0,1,0,0,0,78.0,78.0
43.759535,-79.589862,At Intersection,Clear,Daylight,Dry,Fatal,Turning Movement,Driver,80 to 84,Fatal,Unknown,0,0,1,0,1,0,0,Yes,0,0,0,0,0,2.0,2.0
43.759535,-79.589862,At Intersection,Clear,Daylight,Dry,Fatal,Turning Movement,Driver,30 to 34,Minor,Normal,0,0,1,0,1,0,0,Yes,0,0,0,0,0,2.0,2.0
43.759535,-79.589862,At Intersection,Clear,Daylight,Dry,Fatal,Turning Movement,Passenger,0 to 4,Minor,,0,0,1,0,1,0,0,Yes,0,0,0,0,0,2.0,2.0
43.759535,-79.589862,At Intersection,Clear,Daylight,Dry,Fatal,Turning Movement,Truck Driver,60 to 64,None,Normal,0,0,1,0,1,0,0,Yes,0,0,0,0,0,2.0,2.0
43.690657,-79.403026,At Intersection,Clear,"Dark, artificial",Dry,Non-Fatal Injury,Turning Movement,Driver,35 to 39,Major,Unknown,0,0,1,0,0,0,0,,1,1,0,0,0,97.0,97.0
43.690657,-79.403026,At Intersection,Clear,"Dark, artificial",Dry,Non-Fatal Injury,Turning Movement,Driver,40 to 44,Minor,Unknown,0,0,1,0,0,0,0,,1,1,0,0,0,97.0,97.0
43.665648,-79.375507,At Intersection,Freezing Rain,Daylight,Wet,Non-Fatal Injury,Pedestrian Collisions,Driver,60 to 64,Major,Inattentive,1,0,1,0,0,0,0,,1,1,0,0,0,71.0,71.0
43.665648,-79.375507,At Intersection,Freezing Rain,Daylight,Wet,Non-Fatal Injury,Pedestrian Collisions,Pedestrian,unknown,Minor,,1,0,1,0,0,0,0,,1,1,0,0,0,71.0,71.0
43.641364,-79.414981,At Intersection,Freezing Rain,"Dark, artificial",Slush,Non-Fatal Injury,Pedestrian Collisions,Driver,25 to 29,None,Inattentive,1,0,1,0,0,0,0,,0,1,0,0,0,162.0,82.0
43.641364,-79.414981,At Intersection,Freezing Rain,"Dark, artificial",Slush,Non-Fatal Injury,Pedestrian Collisions,Pedestrian,65 to 69,Major,,1,0,1,0,0,0,0,,0,1,0,0,0,162.0,82.0
43.686591,-79.597255,Non Intersection,Snow,Dark,Loose Snow,Non-Fatal Injury,Pedestrian Collisions,Driver,50 to 54,None,Normal,1,0,1,0,0,0,0,,0,0,0,0,0,1.0,1.0
43.686591,-79.597255,Non Intersection,Snow,Dark,Loose Snow,Non-Fatal Injury,Pedestrian Collisions,Pedestrian,25 to 29,Major,,1,0,1,0,0,0,0,,0,0,0,0,0,1.0,1.0
43.686591,-79.597255,Non Intersection,Snow,Dark,Loose Snow,Non-Fatal Injury,Pedestrian Collisions,Pedestrian,40 to 44,Minor,,1,0,1,0,0,0,0,,0,0,0,0,0,1.0,1.0
43.645507,-79.369792,At Intersection,Clear,"Dark, artificial",Dry,Non-Fatal Injury,Cyclist Collisions,Cyclist,40 to 44,Major,,0,1,1,0,0,0,0,Yes,0,0,0,0,0,166.0,77.0
43.645507,-79.369792,At Intersection,Clear,"Dark, artificial",Dry,Non-Fatal Injury,Cyclist Collisions,Driver,25 to 29,None,Normal,0,1,1,0,0,0,0,Yes,0,0,0,0,0,166.0,77.0
43.645507,-79.369792,At Intersection,Clear,"Dark, artificial",Dry,Non-Fatal Injury,Cyclist Collisions,Passenger,25 to 29,None,,0,1,1,0,0,0,0,Yes,0,0,0,0,0,166.0,77.0
43.645507,-79.369792,At Intersection,Clear,"Dark, artificial",Dry,Non-Fatal Injury,Cyclist Collisions,Passenger,20 to 24,None,,0,1,1,0,0,0,0,Yes,0,0,0,0,0,166.0,77.0
43.686248,-79.595363,Non Intersection,Clear,Daylight,Dry,Non-Fatal Injury,Sideswipe,Driver,20 to 24,Minor,Inattentive,0,0,1,0,0,0,0,Yes,0,1,0,0,0,1.0,1.0
43.686248,-79.595363,Non Intersection,Clear,Daylight,Dry,Non-Fatal Injury,Sideswipe,Driver,20 to 24,Minor,Normal,0,0,1,0,0,0,0,Yes,0,1,0,0,0,1.0,1.0
43.686248,-79.595363,Non Intersection,Clear,Daylight,Dry,Non-Fatal Injury,Sideswipe,Driver,65 to 69,Minor,Normal,0,0,1,0,0,0,0,Yes,0,1,0,0,0,1.0,1.0
43.686248,-79.595363,Non Intersection,Clear,Daylight,Dry,Non-Fatal Injury,Sideswipe,Passenger,20 to 24,Major,,0,0,1,0,0,0,0,Yes,0,1,0,0,0,1.0,1.0
43.696864,-79.436534,At Intersection,Clear,Dark,Wet,Non-Fatal Injury,Pedestrian Collisions,Driver,35 to 39,None,Normal,1,0,1,0,0,0,0,,0,1,0,0,0,106.0,106.0
43.696864,-79.436534,At Intersection,Clear,Dark,Wet,Non-Fatal Injury,Pedestrian Collisions,Pedestrian,30 to 34,Major,,1,0,1,0,0,0,0,,0,1,0,0,0,106.0,106.0
43.696864,-79.436534,At Intersection,Clear,Dark,Wet,Non-Fatal Injury,Pedestrian Collisions,Pedestrian,5 to 9,Minimal,,1,0,1,0,0,0,0,,0,1,0,0,0,106.0,106.0
43.696864,-79.436534,At Intersection,Clear,Dark,Wet,Non-Fatal Injury,Pedestrian Collisions,Pedestrian,0 to 4,Minor,,1,0,1,0,0,0,0,,0,1,0,0,0,106.0,106.0
43.696864,-79.436534,At Intersection,Clear,Dark,Wet,Non-Fatal Injury,Pedestrian Collisions,Pedestrian,0 to 4,Minimal,,1,0,1,0,0,0,0,,0,1,0,0,0,106.0,106.0
43.662856,-79.421268,Non Intersection,Rain,"Dark, artificial",Wet,Non-Fatal Injury,Pedestrian Collisions,Driver,35 to 39,None,Normal,1,0,1,0,0,0,0,,0,0,0,0,0,80.0,80.0
43.662856,-79.421268,Non Intersection,Rain,"Dark, artificial",Wet,Non-Fatal Injury,Pedestrian Collisions,Pedestrian,40 to 44,Major,,1,0,1,0,0,0,0,,0,0,0,0,0,80.0,80.0